University,Description,Maps Link,Image,Faculty,Major,Annual Fee
Cairo University,"Cairo University is one of Egypt's oldest and most prestigious public universities, founded in 1908 and located in Giza, Egypt. The university is recognized for its excellence in higher education, scientific research, and innovation. It offers a wide range of undergraduate and postgraduate programs across more than 25 faculties and institutes, serving over 200,000 students, including thousands of international students. Cairo University is committed to developing skilled graduates, advancing research, and contributing to the sustainable development of Egypt and the global communit",https://maps.google.com/?q=Nahda+University+Beni+Suef,https://res.cloudinary.com/yrqizhfy/image/upload/v1784916508/cairo_owiljq.jpg,Faculty of Engineering,"Architectural Engineering
Structural Engineering
Public Works Engineering
Irrigation and Hydraulics Engineering
Mechanical Power Engineering
Mechanical Design and Production Engineering
Aeronautical and Aerospace Engineering
Electrical Power and Machines Engineering
Electronics and Communications Engineering
Chemical Engineering
Mining, Petroleum and Metallurgical Engineering
Biomedical Engineering and Systems
Computer Engineering
Engineering Mathematics and Physics","80,000"
Cairo University,"Cairo University is one of Egypt's oldest and most prestigious public universities, founded in 1908 and located in Giza, Egypt. The university is recognized for its excellence in higher education, scientific research, and innovation. It offers a wide range of undergraduate and postgraduate programs across more than 25 faculties and institutes, serving over 200,000 students, including thousands of international students. Cairo University is committed to developing skilled graduates, advancing research, and contributing to the sustainable development of Egypt and the global communit","https://maps.google.com/?q=The+British+University+in+Egypt,+Knowledge+Hub+Universities,+New+Administrative+Capital,+Egypt",https://res.cloudinary.com/yrqizhfy/image/upload/v1784916508/cairo_owiljq.jpg,Faculty of Medicine,"Anatomy & Embryology
Histology
Medical Physiology
Medical Biochemistry & Molecular Biology
Medical Microbiology & Immunology
Medical Parasitology
Medical Pharmacology
Pathology
Community Medicine
Forensic Medicine & Clinical Toxicology
Family Medicine",0
Cairo University,"Cairo University is one of Egypt's oldest and most prestigious public universities, founded in 1908 and located in Giza, Egypt. The university is recognized for its excellence in higher education, scientific research, and innovation. It offers a wide range of undergraduate and postgraduate programs across more than 25 faculties and institutes, serving over 200,000 students, including thousands of international students. Cairo University is committed to developing skilled graduates, advancing research, and contributing to the sustainable development of Egypt and the global communit","https://maps.google.com/?q=The+British+University+in+Egypt,+Knowledge+Hub+Universities,+New+Administrative+Capital,+Egypt",https://res.cloudinary.com/yrqizhfy/image/upload/v1784916508/cairo_owiljq.jpg,Faculty of Computers and Artificial Intelligence,"Science
Information Systems
Information Technology
Artificial Intelligence
Decision Support
Software Engineering (Credit Program)
Bioinformatics (Credit Program)
Cybersecurity (Credit Program)
Data Science (Credit Program)",0
Cairo University,"Cairo University is one of Egypt's oldest and most prestigious public universities, founded in 1908 and located in Giza, Egypt. The university is recognized for its excellence in higher education, scientific research, and innovation. It offers a wide range of undergraduate and postgraduate programs across more than 25 faculties and institutes, serving over 200,000 students, including thousands of international students. Cairo University is committed to developing skilled graduates, advancing research, and contributing to the sustainable development of Egypt and the global communit","https://maps.google.com/?q=The+British+University+in+Egypt,+Knowledge+Hub+Universities,+New+Administrative+Capital,+Egypt",https://res.cloudinary.com/yrqizhfy/image/upload/v1784916508/cairo_owiljq.jpg,Faculty of Pharmacy,"Pharmaceutics and Industrial Pharmacy
Pharmacognosy
Pharmacology and Toxicology
Microbiology and Immunology
Pharmaceutical Organic Chemistry
Pharmaceutical Analytical Chemistry
Biochemistry
Pharmaceutical Chemistry
Clinical Pharmacy",0
Cairo University,"Cairo University is one of Egypt's oldest and most prestigious public universities, founded in 1908 and located in Giza, Egypt. The university is recognized for its excellence in higher education, scientific research, and innovation. It offers a wide range of undergraduate and postgraduate programs across more than 25 faculties and institutes, serving over 200,000 students, including thousands of international students. Cairo University is committed to developing skilled graduates, advancing research, and contributing to the sustainable development of Egypt and the global communit","https://maps.google.com/?q=The+British+University+in+Egypt,+Knowledge+Hub+Universities,+New+Administrative+Capital,+Egypt",https://res.cloudinary.com/yrqizhfy/image/upload/v1784916508/cairo_owiljq.jpg,Faculty of Agriculture,"Agronomy
Horticulture
Plant Protection
Soil Science
Agricultural Engineering
Agricultural Economics
Animal Production
Food Science
Biotechnology",0
Cairo University,"Cairo University is one of Egypt's oldest and most prestigious public universities, founded in 1908 and located in Giza, Egypt. The university is recognized for its excellence in higher education, scientific research, and innovation. It offers a wide range of undergraduate and postgraduate programs across more than 25 faculties and institutes, serving over 200,000 students, including thousands of international students. Cairo University is committed to developing skilled graduates, advancing research, and contributing to the sustainable development of Egypt and the global communit","https://maps.google.com/?q=The+British+University+in+Egypt,+Knowledge+Hub+Universities,+New+Administrative+Capital,+Egypt",https://res.cloudinary.com/yrqizhfy/image/upload/v1784916508/cairo_owiljq.jpg,Faculty of Science,"Mathematics
Physics
Chemistry
Botany
Zoology
Geology
Biochemistry
Microbiology
Biophysics",
Cairo University,"Cairo University is one of Egypt's oldest and most prestigious public universities, founded in 1908 and located in Giza, Egypt. The university is recognized for its excellence in higher education, scientific research, and innovation. It offers a wide range of undergraduate and postgraduate programs across more than 25 faculties and institutes, serving over 200,000 students, including thousands of international students. Cairo University is committed to developing skilled graduates, advancing research, and contributing to the sustainable development of Egypt and the global communit","https://maps.google.com/?q=The+British+University+in+Egypt,+Knowledge+Hub+Universities,+New+Administrative+Capital,+Egypt",https://res.cloudinary.com/yrqizhfy/image/upload/v1784916508/cairo_owiljq.jpg,Faculty of Economics and Political Science,"Economics
Political Science
Public Administration
Statistics",
Cairo University,"Cairo University is one of Egypt's oldest and most prestigious public universities, founded in 1908 and located in Giza, Egypt. The university is recognized for its excellence in higher education, scientific research, and innovation. It offers a wide range of undergraduate and postgraduate programs across more than 25 faculties and institutes, serving over 200,000 students, including thousands of international students. Cairo University is committed to developing skilled graduates, advancing research, and contributing to the sustainable development of Egypt and the global communit","https://maps.google.com/?q=The+British+University+in+Egypt,+Knowledge+Hub+Universities,+New+Administrative+Capital,+Egypt",https://res.cloudinary.com/yrqizhfy/image/upload/v1784916508/cairo_owiljq.jpg,Faculty of Mass Communication,"Journalism
Radio and Television
Public Relations and Advertising
Digital Media",
Cairo University,"Cairo University is one of Egypt's oldest and most prestigious public universities, founded in 1908 and located in Giza, Egypt. The university is recognized for its excellence in higher education, scientific research, and innovation. It offers a wide range of undergraduate and postgraduate programs across more than 25 faculties and institutes, serving over 200,000 students, including thousands of international students. Cairo University is committed to developing skilled graduates, advancing research, and contributing to the sustainable development of Egypt and the global communit","https://maps.google.com/?q=The+British+University+in+Egypt,+Knowledge+Hub+Universities,+New+Administrative+Capital,+Egypt",https://res.cloudinary.com/yrqizhfy/image/upload/v1784916508/cairo_owiljq.jpg,Faculty of Archaeology,"Egyptology
Islamic Archaeology
Greco-Roman Archaeology
Archaeological Restoration",
Cairo University,"Cairo University is one of Egypt's oldest and most prestigious public universities, founded in 1908 and located in Giza, Egypt. The university is recognized for its excellence in higher education, scientific research, and innovation. It offers a wide range of undergraduate and postgraduate programs across more than 25 faculties and institutes, serving over 200,000 students, including thousands of international students. Cairo University is committed to developing skilled graduates, advancing research, and contributing to the sustainable development of Egypt and the global communit","https://maps.google.com/?q=The+British+University+in+Egypt,+Knowledge+Hub+Universities,+New+Administrative+Capital,+Egypt",https://res.cloudinary.com/yrqizhfy/image/upload/v1784916508/cairo_owiljq.jpg,Faculty of Arts,"Arabic Language
English Language
French Language
German Language
Spanish Language
Oriental Languages
History
Geography
Philosophy
Psychology
Sociology
Library and Information Science",
Cairo University,"Cairo University is one of Egypt's oldest and most prestigious public universities, founded in 1908 and located in Giza, Egypt. The university is recognized for its excellence in higher education, scientific research, and innovation. It offers a wide range of undergraduate and postgraduate programs across more than 25 faculties and institutes, serving over 200,000 students, including thousands of international students. Cairo University is committed to developing skilled graduates, advancing research, and contributing to the sustainable development of Egypt and the global communit","https://maps.google.com/?q=The+British+University+in+Egypt,+Knowledge+Hub+Universities,+New+Administrative+Capital,+Egypt",https://res.cloudinary.com/yrqizhfy/image/upload/v1784916508/cairo_owiljq.jpg,Faculty of Commerce,"Accounting
Business Administration
Economics
Statistics
Insurance",
Cairo University,"Cairo University is one of Egypt's oldest and most prestigious public universities, founded in 1908 and located in Giza, Egypt. The university is recognized for its excellence in higher education, scientific research, and innovation. It offers a wide range of undergraduate and postgraduate programs across more than 25 faculties and institutes, serving over 200,000 students, including thousands of international students. Cairo University is committed to developing skilled graduates, advancing research, and contributing to the sustainable development of Egypt and the global communit","https://maps.google.com/?q=The+British+University+in+Egypt,+Knowledge+Hub+Universities,+New+Administrative+Capital,+Egypt",https://res.cloudinary.com/yrqizhfy/image/upload/v1784916508/cairo_owiljq.jpg,Faculty of Specific Education,"Art Education
Music Education
Educational Media
Home Economics
Educational Technology",
Cairo University,"Cairo University is one of Egypt's oldest and most prestigious public universities, founded in 1908 and located in Giza, Egypt. The university is recognized for its excellence in higher education, scientific research, and innovation. It offers a wide range of undergraduate and postgraduate programs across more than 25 faculties and institutes, serving over 200,000 students, including thousands of international students. Cairo University is committed to developing skilled graduates, advancing research, and contributing to the sustainable development of Egypt and the global communit","https://maps.google.com/?q=The+British+University+in+Egypt,+Knowledge+Hub+Universities,+New+Administrative+Capital,+Egypt",https://res.cloudinary.com/yrqizhfy/image/upload/v1784916508/cairo_owiljq.jpg,Faculty of Nursing,"Medical-Surgical Nursing
Critical Care Nursing
Pediatric Nursing
Obstetrics and Gynecological Nursing
Community Health Nursing
Psychiatric and Mental Health Nursing
Nursing Administration",
Cairo University,"Cairo University is one of Egypt's oldest and most prestigious public universities, founded in 1908 and located in Giza, Egypt. The university is recognized for its excellence in higher education, scientific research, and innovation. It offers a wide range of undergraduate and postgraduate programs across more than 25 faculties and institutes, serving over 200,000 students, including thousands of international students. Cairo University is committed to developing skilled graduates, advancing research, and contributing to the sustainable development of Egypt and the global communit","https://maps.google.com/?q=The+British+University+in+Egypt,+Knowledge+Hub+Universities,+New+Administrative+Capital,+Egypt",https://res.cloudinary.com/yrqizhfy/image/upload/v1784916508/cairo_owiljq.jpg,Faculty of Law,"Public Law
Private Law
International Law
Commercial Law
Criminal Law
Civil Law
Islamic Sharia",
Cairo University,"Cairo University is one of Egypt's oldest and most prestigious public universities, founded in 1908 and located in Giza, Egypt. The university is recognized for its excellence in higher education, scientific research, and innovation. It offers a wide range of undergraduate and postgraduate programs across more than 25 faculties and institutes, serving over 200,000 students, including thousands of international students. Cairo University is committed to developing skilled graduates, advancing research, and contributing to the sustainable development of Egypt and the global communit","https://maps.google.com/?q=The+British+University+in+Egypt,+Knowledge+Hub+Universities,+New+Administrative+Capital,+Egypt",https://res.cloudinary.com/yrqizhfy/image/upload/v1784916508/cairo_owiljq.jpg,Faculty of Physical Therapy,"Orthopedic Physical Therapy
Neurological Physical Therapy
Pediatric Physical Therapy
Cardiopulmonary Physical Therapy
Geriatric Physical Therapy
Women's Health Physical Therapy
Basic Sciences for Physical Therapy",
Cairo University,"Cairo University is one of Egypt's oldest and most prestigious public universities, founded in 1908 and located in Giza, Egypt. The university is recognized for its excellence in higher education, scientific research, and innovation. It offers a wide range of undergraduate and postgraduate programs across more than 25 faculties and institutes, serving over 200,000 students, including thousands of international students. Cairo University is committed to developing skilled graduates, advancing research, and contributing to the sustainable development of Egypt and the global communit","https://maps.google.com/?q=The+British+University+in+Egypt,+Knowledge+Hub+Universities,+New+Administrative+Capital,+Egypt",https://res.cloudinary.com/yrqizhfy/image/upload/v1784916508/cairo_owiljq.jpg,Faculty of Oral and Dental Medicine,"Oral Medicine and Periodontology
Oral and Maxillofacial Surgery
Orthodontics
Prosthodontics
Conservative Dentistry
Endodontics
Pediatric Dentistry
Oral Pathology
Oral Biology",
Cairo University,"Cairo University is one of Egypt's oldest and most prestigious public universities, founded in 1908 and located in Giza, Egypt. The university is recognized for its excellence in higher education, scientific research, and innovation. It offers a wide range of undergraduate and postgraduate programs across more than 25 faculties and institutes, serving over 200,000 students, including thousands of international students. Cairo University is committed to developing skilled graduates, advancing research, and contributing to the sustainable development of Egypt and the global communit","https://maps.google.com/?q=The+British+University+in+Egypt,+Knowledge+Hub+Universities,+New+Administrative+Capital,+Egypt",https://res.cloudinary.com/yrqizhfy/image/upload/v1784916508/cairo_owiljq.jpg,Faculty of Veterinary Medicine,"Animal Medicine
Surgery, Anesthesiology and Radiology
Theriogenology
Poultry Diseases
Pathology
Parasitology
Microbiology
Pharmacology
Physiology
Anatomy and Embryology
Food Hygiene and Control
Nutrition and Clinical Nutrition",
Cairo University,"Cairo University is one of Egypt's oldest and most prestigious public universities, founded in 1908 and located in Giza, Egypt. The university is recognized for its excellence in higher education, scientific research, and innovation. It offers a wide range of undergraduate and postgraduate programs across more than 25 faculties and institutes, serving over 200,000 students, including thousands of international students. Cairo University is committed to developing skilled graduates, advancing research, and contributing to the sustainable development of Egypt and the global communit","https://maps.google.com/?q=The+British+University+in+Egypt,+Knowledge+Hub+Universities,+New+Administrative+Capital,+Egypt",https://res.cloudinary.com/yrqizhfy/image/upload/v1784916508/cairo_owiljq.jpg,Faculty of Dar El-Ulum,"Arabic Language
Islamic Studies
History
Philosophy
Literary Studies
Linguistics",
Cairo University,"Cairo University is one of Egypt's oldest and most prestigious public universities, founded in 1908 and located in Giza, Egypt. The university is recognized for its excellence in higher education, scientific research, and innovation. It offers a wide range of undergraduate and postgraduate programs across more than 25 faculties and institutes, serving over 200,000 students, including thousands of international students. Cairo University is committed to developing skilled graduates, advancing research, and contributing to the sustainable development of Egypt and the global communit","https://maps.google.com/?q=The+British+University+in+Egypt,+Knowledge+Hub+Universities,+New+Administrative+Capital,+Egypt",https://res.cloudinary.com/yrqizhfy/image/upload/v1784916508/cairo_owiljq.jpg,Faculty of Education for Early Childhood,"Early Childhood Education
Kindergarten Education
Special Education
Child Psychology",
Cairo University,"Cairo University is one of Egypt's oldest and most prestigious public universities, founded in 1908 and located in Giza, Egypt. The university is recognized for its excellence in higher education, scientific research, and innovation. It offers a wide range of undergraduate and postgraduate programs across more than 25 faculties and institutes, serving over 200,000 students, including thousands of international students. Cairo University is committed to developing skilled graduates, advancing research, and contributing to the sustainable development of Egypt and the global communit","https://maps.google.com/?q=The+British+University+in+Egypt,+Knowledge+Hub+Universities,+New+Administrative+Capital,+Egypt",https://res.cloudinary.com/yrqizhfy/image/upload/v1784916508/cairo_owiljq.jpg,Faculty of Regional and Urban Planning,"Urban Planning
Regional Planning
Urban Design
Infrastructure Planning",
Cairo University,"Cairo University is one of Egypt's oldest and most prestigious public universities, founded in 1908 and located in Giza, Egypt. The university is recognized for its excellence in higher education, scientific research, and innovation. It offers a wide range of undergraduate and postgraduate programs across more than 25 faculties and institutes, serving over 200,000 students, including thousands of international students. Cairo University is committed to developing skilled graduates, advancing research, and contributing to the sustainable development of Egypt and the global communit","https://maps.google.com/?q=The+British+University+in+Egypt,+Knowledge+Hub+Universities,+New+Administrative+Capital,+Egypt",https://res.cloudinary.com/yrqizhfy/image/upload/v1784916508/cairo_owiljq.jpg,Faculty of African Postgraduate Studies,"African Economics
African Politics
African Languages
African History
African Development Studies",
Cairo University,"Cairo University is one of Egypt's oldest and most prestigious public universities, founded in 1908 and located in Giza, Egypt. The university is recognized for its excellence in higher education, scientific research, and innovation. It offers a wide range of undergraduate and postgraduate programs across more than 25 faculties and institutes, serving over 200,000 students, including thousands of international students. Cairo University is committed to developing skilled graduates, advancing research, and contributing to the sustainable development of Egypt and the global communit","https://maps.google.com/?q=The+British+University+in+Egypt,+Knowledge+Hub+Universities,+New+Administrative+Capital,+Egypt",https://res.cloudinary.com/yrqizhfy/image/upload/v1784916508/cairo_owiljq.jpg,Faculty of Graduate Studies for Statistical Research,"Applied Statistics
Mathematical Statistics
Biostatistics
Computer Science
Operations Research
Demography",
Cairo University,"Cairo University is one of Egypt's oldest and most prestigious public universities, founded in 1908 and located in Giza, Egypt. The university is recognized for its excellence in higher education, scientific research, and innovation. It offers a wide range of undergraduate and postgraduate programs across more than 25 faculties and institutes, serving over 200,000 students, including thousands of international students. Cairo University is committed to developing skilled graduates, advancing research, and contributing to the sustainable development of Egypt and the global communit","https://maps.google.com/?q=The+British+University+in+Egypt,+Knowledge+Hub+Universities,+New+Administrative+Capital,+Egypt",https://res.cloudinary.com/yrqizhfy/image/upload/v1784916508/cairo_owiljq.jpg,Faculty of Graduate Studies for Education,"Curriculum and Instruction
Educational Psychology
Educational Administration
Foundations of Education
Special Education
Educational Technology",
Cairo University,"Cairo University is one of Egypt's oldest and most prestigious public universities, founded in 1908 and located in Giza, Egypt. The university is recognized for its excellence in higher education, scientific research, and innovation. It offers a wide range of undergraduate and postgraduate programs across more than 25 faculties and institutes, serving over 200,000 students, including thousands of international students. Cairo University is committed to developing skilled graduates, advancing research, and contributing to the sustainable development of Egypt and the global communit","https://maps.google.com/?q=The+British+University+in+Egypt,+Knowledge+Hub+Universities,+New+Administrative+Capital,+Egypt",https://res.cloudinary.com/yrqizhfy/image/upload/v1784916508/cairo_owiljq.jpg,Faculty of Nanotechnology for Postgraduate Studies,"Nanomaterials
Nanoelectronics
Nanobiotechnology
Nanomedicine
Nanophotonics",
Cairo University,"Cairo University is one of Egypt's oldest and most prestigious public universities, founded in 1908 and located in Giza, Egypt. The university is recognized for its excellence in higher education, scientific research, and innovation. It offers a wide range of undergraduate and postgraduate programs across more than 25 faculties and institutes, serving over 200,000 students, including thousands of international students. Cairo University is committed to developing skilled graduates, advancing research, and contributing to the sustainable development of Egypt and the global communit","https://maps.google.com/?q=The+British+University+in+Egypt,+Knowledge+Hub+Universities,+New+Administrative+Capital,+Egypt",https://res.cloudinary.com/yrqizhfy/image/upload/v1784916508/cairo_owiljq.jpg,National Cancer Institute (NCI),"Medical Oncology
Clinical Oncology
Radiation Oncology
Surgical Oncology
Pathology
Clinical Laboratory Sciences
Cancer Biology",
Cairo University,"Cairo University is one of Egypt's oldest and most prestigious public universities, founded in 1908 and located in Giza, Egypt. The university is recognized for its excellence in higher education, scientific research, and innovation. It offers a wide range of undergraduate and postgraduate programs across more than 25 faculties and institutes, serving over 200,000 students, including thousands of international students. Cairo University is committed to developing skilled graduates, advancing research, and contributing to the sustainable development of Egypt and the global communit","https://maps.google.com/?q=The+British+University+in+Egypt,+Knowledge+Hub+Universities,+New+Administrative+Capital,+Egypt",https://res.cloudinary.com/yrqizhfy/image/upload/v1784916508/cairo_owiljq.jpg,National Institute of Laser Enhanced Sciences (NILES),"Laser Physics
Laser Chemistry
Laser Engineering Applications
Medical Laser Applications
Photonics
Optical Sciences",
Ain Shams University,"Ain Shams University (ASU) is a premier public university in Cairo, Egypt. It is the third-oldest university in the country, hosting 21 faculties that offer world-class undergraduate and postgraduate programs. ASU is globally recognized for academic excellence, particularly in fields like Clinical Medicine, Engineering, and Agricultural Sciences.","https://maps.google.com/?q=The+British+University+in+Egypt,+Knowledge+Hub+Universities,+New+Administrative+Capital,+Egypt",https://res.cloudinary.com/yrqizhfy/image/upload/v1784916506/Ainshams_i69upi.jpg,Faculty of Medicine,"General Medicine
Medical Biochemistry
Clinical Pathology
Medical Microbiology and Immunology
Pathology
Pharmacology
Physiology
Anatomy and Embryology
Forensic Medicine and Clinical Toxicology
Public Health and Community Medicine
Internal Medicine
General Surgery
Pediatrics
Obstetrics and Gynecology
Ophthalmology
Otorhinolaryngology
Dermatology
Neurology and Psychiatry
Anesthesiology and Intensive Care
Diagnostic Radiology",
Ain Shams University,"Ain Shams University (ASU) is a premier public university in Cairo, Egypt. It is the third-oldest university in the country, hosting 21 faculties that offer world-class undergraduate and postgraduate programs. ASU is globally recognized for academic excellence, particularly in fields like Clinical Medicine, Engineering, and Agricultural Sciences.","https://maps.google.com/?q=The+British+University+in+Egypt,+Knowledge+Hub+Universities,+New+Administrative+Capital,+Egypt",https://res.cloudinary.com/yrqizhfy/image/upload/v1784916506/Ainshams_i69upi.jpg,Faculty of Pharmacy,"Pharmaceutics
Pharmaceutical Chemistry
Pharmacognosy
Pharmacology and Toxicology
Clinical Pharmacy
Industrial Pharmacy
Pharmaceutical Analytical Chemistry
Biochemistry
Microbiology and Immunology",
Ain Shams University,"Ain Shams University (ASU) is a premier public university in Cairo, Egypt. It is the third-oldest university in the country, hosting 21 faculties that offer world-class undergraduate and postgraduate programs. ASU is globally recognized for academic excellence, particularly in fields like Clinical Medicine, Engineering, and Agricultural Sciences.","https://maps.google.com/?q=The+British+University+in+Egypt,+Knowledge+Hub+Universities,+New+Administrative+Capital,+Egypt",https://res.cloudinary.com/yrqizhfy/image/upload/v1784916506/Ainshams_i69upi.jpg,Faculty of Dentistry,"Oral Medicine and Periodontology
Oral and Maxillofacial Surgery
Orthodontics
Prosthodontics
Conservative Dentistry
Endodontics
Pediatric Dentistry
Oral Pathology
Oral Biology",
Ain Shams University,"Ain Shams University (ASU) is a premier public university in Cairo, Egypt. It is the third-oldest university in the country, hosting 21 faculties that offer world-class undergraduate and postgraduate programs. ASU is globally recognized for academic excellence, particularly in fields like Clinical Medicine, Engineering, and Agricultural Sciences.","https://maps.google.com/?q=The+British+University+in+Egypt,+Knowledge+Hub+Universities,+New+Administrative+Capital,+Egypt",https://res.cloudinary.com/yrqizhfy/image/upload/v1784916506/Ainshams_i69upi.jpg,"Faculty of Nursing
","Medical-Surgical Nursing
Critical Care Nursing
Pediatric Nursing
Obstetrics and Gynecological Nursing
Community Health Nursing
Psychiatric and Mental Health Nursing
Nursing Administration",
Ain Shams University,"Ain Shams University (ASU) is a premier public university in Cairo, Egypt. It is the third-oldest university in the country, hosting 21 faculties that offer world-class undergraduate and postgraduate programs. ASU is globally recognized for academic excellence, particularly in fields like Clinical Medicine, Engineering, and Agricultural Sciences.","https://maps.google.com/?q=The+British+University+in+Egypt,+Knowledge+Hub+Universities,+New+Administrative+Capital,+Egypt",https://res.cloudinary.com/yrqizhfy/image/upload/v1784916506/Ainshams_i69upi.jpg,Faculty of Veterinary Medicine,"Animal Medicine
Surgery, Anesthesiology and Radiology
Theriogenology
Poultry Diseases
Pathology
Parasitology
Microbiology
Pharmacology
Physiology
Anatomy and Embryology
Food Hygiene and Control
Nutrition and Clinical Nutrition",
Ain Shams University,"Ain Shams University (ASU) is a premier public university in Cairo, Egypt. It is the third-oldest university in the country, hosting 21 faculties that offer world-class undergraduate and postgraduate programs. ASU is globally recognized for academic excellence, particularly in fields like Clinical Medicine, Engineering, and Agricultural Sciences.","https://maps.google.com/?q=The+British+University+in+Egypt,+Knowledge+Hub+Universities,+New+Administrative+Capital,+Egypt",https://res.cloudinary.com/yrqizhfy/image/upload/v1784916506/Ainshams_i69upi.jpg,Faculty of Engineering,"Architecture Engineering
Civil Engineering
Electrical Power Engineering
Electronics and Communications Engineering
Mechanical Power Engineering
Automotive Engineering
Mechatronics Engineering
Industrial Engineering
Computer and Systems Engineering
Structural Engineering
Urban Planning Engineering",
Ain Shams University,"Ain Shams University (ASU) is a premier public university in Cairo, Egypt. It is the third-oldest university in the country, hosting 21 faculties that offer world-class undergraduate and postgraduate programs. ASU is globally recognized for academic excellence, particularly in fields like Clinical Medicine, Engineering, and Agricultural Sciences.","https://maps.google.com/?q=The+British+University+in+Egypt,+Knowledge+Hub+Universities,+New+Administrative+Capital,+Egypt",https://res.cloudinary.com/yrqizhfy/image/upload/v1784916506/Ainshams_i69upi.jpg,Faculty of Computer and Information Sciences,"Computer Science
Information Systems
Scientific Computing
Bioinformatics
Artificial Intelligence",
Ain Shams University,"Ain Shams University (ASU) is a premier public university in Cairo, Egypt. It is the third-oldest university in the country, hosting 21 faculties that offer world-class undergraduate and postgraduate programs. ASU is globally recognized for academic excellence, particularly in fields like Clinical Medicine, Engineering, and Agricultural Sciences.","https://maps.google.com/?q=The+British+University+in+Egypt,+Knowledge+Hub+Universities,+New+Administrative+Capital,+Egypt",https://res.cloudinary.com/yrqizhfy/image/upload/v1784916506/Ainshams_i69upi.jpg," Faculty of Science
","Mathematics
Physics
Chemistry
Botany
Zoology
Geology
Biochemistry
Microbiology
Biophysics",
Ain Shams University,"Ain Shams University (ASU) is a premier public university in Cairo, Egypt. It is the third-oldest university in the country, hosting 21 faculties that offer world-class undergraduate and postgraduate programs. ASU is globally recognized for academic excellence, particularly in fields like Clinical Medicine, Engineering, and Agricultural Sciences.","https://maps.google.com/?q=The+British+University+in+Egypt,+Knowledge+Hub+Universities,+New+Administrative+Capital,+Egypt",https://res.cloudinary.com/yrqizhfy/image/upload/v1784916506/Ainshams_i69upi.jpg,Faculty of Agriculture,"Agronomy
Horticulture
Plant Protection
Soil Science
Agricultural Engineering
Agricultural Economics
Animal Production
Food Science
Biotechnology",
Ain Shams University,"Ain Shams University (ASU) is a premier public university in Cairo, Egypt. It is the third-oldest university in the country, hosting 21 faculties that offer world-class undergraduate and postgraduate programs. ASU is globally recognized for academic excellence, particularly in fields like Clinical Medicine, Engineering, and Agricultural Sciences.","https://maps.google.com/?q=The+British+University+in+Egypt,+Knowledge+Hub+Universities,+New+Administrative+Capital,+Egypt",https://res.cloudinary.com/yrqizhfy/image/upload/v1784916506/Ainshams_i69upi.jpg, Faculty of Education,"Curriculum and Instruction
Educational Psychology
Foundations of Education
Educational Administration
Special Education
Educational Technology",
Ain Shams University,"Ain Shams University (ASU) is a premier public university in Cairo, Egypt. It is the third-oldest university in the country, hosting 21 faculties that offer world-class undergraduate and postgraduate programs. ASU is globally recognized for academic excellence, particularly in fields like Clinical Medicine, Engineering, and Agricultural Sciences.","https://maps.google.com/?q=The+British+University+in+Egypt,+Knowledge+Hub+Universities,+New+Administrative+Capital,+Egypt",https://res.cloudinary.com/yrqizhfy/image/upload/v1784916506/Ainshams_i69upi.jpg,Faculty of Specific Education,"Art Education
Music Education
Educational Media
Home Economics
Educational Technology",
Ain Shams University,"Ain Shams University (ASU) is a premier public university in Cairo, Egypt. It is the third-oldest university in the country, hosting 21 faculties that offer world-class undergraduate and postgraduate programs. ASU is globally recognized for academic excellence, particularly in fields like Clinical Medicine, Engineering, and Agricultural Sciences.","https://maps.google.com/?q=The+British+University+in+Egypt,+Knowledge+Hub+Universities,+New+Administrative+Capital,+Egypt",https://res.cloudinary.com/yrqizhfy/image/upload/v1784916506/Ainshams_i69upi.jpg," Faculty of Al-Alsun (Languages)
","English
French
German
Spanish
Italian
Russian
Chinese
Japanese
Korean
Turkish
Persian
Hebrew
Arabic",
Ain Shams University,"Ain Shams University (ASU) is a premier public university in Cairo, Egypt. It is the third-oldest university in the country, hosting 21 faculties that offer world-class undergraduate and postgraduate programs. ASU is globally recognized for academic excellence, particularly in fields like Clinical Medicine, Engineering, and Agricultural Sciences.","https://maps.google.com/?q=The+British+University+in+Egypt,+Knowledge+Hub+Universities,+New+Administrative+Capital,+Egypt",https://res.cloudinary.com/yrqizhfy/image/upload/v1784916506/Ainshams_i69upi.jpg," Faculty of Arts
","Arabic Language
English Language
French Language
History
Geography
Philosophy
Psychology
Sociology
Library and Information Science
Oriental Languages",
Ain Shams University,"Ain Shams University (ASU) is a premier public university in Cairo, Egypt. It is the third-oldest university in the country, hosting 21 faculties that offer world-class undergraduate and postgraduate programs. ASU is globally recognized for academic excellence, particularly in fields like Clinical Medicine, Engineering, and Agricultural Sciences.","https://maps.google.com/?q=The+British+University+in+Egypt,+Knowledge+Hub+Universities,+New+Administrative+Capital,+Egypt",https://res.cloudinary.com/yrqizhfy/image/upload/v1784916506/Ainshams_i69upi.jpg,Faculty of Law,"Public Law
Private Law
Civil Law
Criminal Law
Commercial Law
International Law
Islamic Sharia",
Ain Shams University,"Ain Shams University (ASU) is a premier public university in Cairo, Egypt. It is the third-oldest university in the country, hosting 21 faculties that offer world-class undergraduate and postgraduate programs. ASU is globally recognized for academic excellence, particularly in fields like Clinical Medicine, Engineering, and Agricultural Sciences.","https://maps.google.com/?q=The+British+University+in+Egypt,+Knowledge+Hub+Universities,+New+Administrative+Capital,+Egypt",https://res.cloudinary.com/yrqizhfy/image/upload/v1784916506/Ainshams_i69upi.jpg," Faculty of Commerce (Business)
","Accounting
Business Administration
Economics
Statistics
Insurance",
Ain Shams University,"Ain Shams University (ASU) is a premier public university in Cairo, Egypt. It is the third-oldest university in the country, hosting 21 faculties that offer world-class undergraduate and postgraduate programs. ASU is globally recognized for academic excellence, particularly in fields like Clinical Medicine, Engineering, and Agricultural Sciences.","https://maps.google.com/?q=The+British+University+in+Egypt,+Knowledge+Hub+Universities,+New+Administrative+Capital,+Egypt",https://res.cloudinary.com/yrqizhfy/image/upload/v1784916506/Ainshams_i69upi.jpg,"Faculty of Women for Arts, Science and Education","Arts
Science
Education
Psychology
Sociology
Mathematics
Physics
Chemistry
Biological Sciences",
Ain Shams University,"Ain Shams University (ASU) is a premier public university in Cairo, Egypt. It is the third-oldest university in the country, hosting 21 faculties that offer world-class undergraduate and postgraduate programs. ASU is globally recognized for academic excellence, particularly in fields like Clinical Medicine, Engineering, and Agricultural Sciences.","https://maps.google.com/?q=The+British+University+in+Egypt,+Knowledge+Hub+Universities,+New+Administrative+Capital,+Egypt",https://res.cloudinary.com/yrqizhfy/image/upload/v1784916506/Ainshams_i69upi.jpg," Faculty of Archaeology
","Egyptology
Islamic Archaeology
Greco-Roman Archaeology
Archaeological Restoration",
Ain Shams University,"Ain Shams University (ASU) is a premier public university in Cairo, Egypt. It is the third-oldest university in the country, hosting 21 faculties that offer world-class undergraduate and postgraduate programs. ASU is globally recognized for academic excellence, particularly in fields like Clinical Medicine, Engineering, and Agricultural Sciences.","https://maps.google.com/?q=The+British+University+in+Egypt,+Knowledge+Hub+Universities,+New+Administrative+Capital,+Egypt",https://res.cloudinary.com/yrqizhfy/image/upload/v1784916506/Ainshams_i69upi.jpg,Faculty of Graduate Studies and Environmental Research,"Environmental Sciences
Environmental Management
Environmental Engineering
Sustainable Development
Environmental Health",
Ain Shams University,"Ain Shams University (ASU) is a premier public university in Cairo, Egypt. It is the third-oldest university in the country, hosting 21 faculties that offer world-class undergraduate and postgraduate programs. ASU is globally recognized for academic excellence, particularly in fields like Clinical Medicine, Engineering, and Agricultural Sciences.","https://maps.google.com/?q=The+British+University+in+Egypt,+Knowledge+Hub+Universities,+New+Administrative+Capital,+Egypt",https://res.cloudinary.com/yrqizhfy/image/upload/v1784916506/Ainshams_i69upi.jpg,Faculty of Postgraduate Childhood Studies,"Child Health
Child Psychology
Special Education
Early Childhood Education
Child Nutrition",
Ain Shams University,"Ain Shams University (ASU) is a premier public university in Cairo, Egypt. It is the third-oldest university in the country, hosting 21 faculties that offer world-class undergraduate and postgraduate programs. ASU is globally recognized for academic excellence, particularly in fields like Clinical Medicine, Engineering, and Agricultural Sciences.","https://maps.google.com/?q=The+British+University+in+Egypt,+Knowledge+Hub+Universities,+New+Administrative+Capital,+Egypt",https://res.cloudinary.com/yrqizhfy/image/upload/v1784916506/Ainshams_i69upi.jpg,Faculty of Mass Communication and Media,"Journalism
Radio and Television
Public Relations and Advertising
Digital Media",
Ain Shams University,"Ain Shams University (ASU) is a premier public university in Cairo, Egypt. It is the third-oldest university in the country, hosting 21 faculties that offer world-class undergraduate and postgraduate programs. ASU is globally recognized for academic excellence, particularly in fields like Clinical Medicine, Engineering, and Agricultural Sciences.","https://maps.google.com/?q=The+British+University+in+Egypt,+Knowledge+Hub+Universities,+New+Administrative+Capital,+Egypt",https://res.cloudinary.com/yrqizhfy/image/upload/v1784916506/Ainshams_i69upi.jpg,Arid Lands Research,"Desert Agriculture
Water Resources
Soil Science
Environmental Studies
Desert Development",
Matrouh University ,"Founded in 2018, Matrouh University is a non-profit public higher education institution located in Mersa Matruh, Egypt. It focuses on sustainable development, scientific research, and modern educational programs tailored to international standards. The university features specialized faculties in practical and environmental fields, including Desert and Environmental Agriculture, Petroleum and Mining Sciences, and Computer Science and Artificial Intelligence.","https://maps.google.com/?q=The+British+University+in+Egypt,+Knowledge+Hub+Universities,+New+Administrative+Capital,+Egypt",https://res.cloudinary.com/yrqizhfy/image/upload/v1784916513/matrouh_uhygrf.jpg,Faculty of Medicine,"General Medicine
Internal Medicine
General Surgery
Pediatrics
Obstetrics and Gynecology
Clinical Pathology
Medical Microbiology
Anatomy
Physiology
Pharmacology",
Matrouh University ,"Founded in 2018, Matrouh University is a non-profit public higher education institution located in Mersa Matruh, Egypt. It focuses on sustainable development, scientific research, and modern educational programs tailored to international standards. The university features specialized faculties in practical and environmental fields, including Desert and Environmental Agriculture, Petroleum and Mining Sciences, and Computer Science and Artificial Intelligence.","https://maps.google.com/?q=The+British+University+in+Egypt,+Knowledge+Hub+Universities,+New+Administrative+Capital,+Egypt",https://res.cloudinary.com/yrqizhfy/image/upload/v1784916513/matrouh_uhygrf.jpg, Faculty of Pharmacy,"Pharmaceutics
Pharmaceutical Chemistry
Pharmaceutical Analytical Chemistry
Pharmacognosy
Pharmacology and Toxicology
Clinical Pharmacy
Industrial Pharmacy
Biochemistry
Microbiology and Immunology",
Matrouh University ,"Founded in 2018, Matrouh University is a non-profit public higher education institution located in Mersa Matruh, Egypt. It focuses on sustainable development, scientific research, and modern educational programs tailored to international standards. The university features specialized faculties in practical and environmental fields, including Desert and Environmental Agriculture, Petroleum and Mining Sciences, and Computer Science and Artificial Intelligence.","https://maps.google.com/?q=The+British+University+in+Egypt,+Knowledge+Hub+Universities,+New+Administrative+Capital,+Egypt",https://res.cloudinary.com/yrqizhfy/image/upload/v1784916513/matrouh_uhygrf.jpg,Faculty of Nursing,"Medical-Surgical Nursing
Pediatric Nursing
Obstetrics and Gynecological Nursing
Community Health Nursing
Psychiatric and Mental Health Nursing
Nursing Administration",
Matrouh University ,"Founded in 2018, Matrouh University is a non-profit public higher education institution located in Mersa Matruh, Egypt. It focuses on sustainable development, scientific research, and modern educational programs tailored to international standards. The university features specialized faculties in practical and environmental fields, including Desert and Environmental Agriculture, Petroleum and Mining Sciences, and Computer Science and Artificial Intelligence.","https://maps.google.com/?q=The+British+University+in+Egypt,+Knowledge+Hub+Universities,+New+Administrative+Capital,+Egypt",https://res.cloudinary.com/yrqizhfy/image/upload/v1784916513/matrouh_uhygrf.jpg,Faculty of Veterinary Medicine,"Animal Medicine
Surgery
Theriogenology
Pathology
Parasitology
Microbiology
Pharmacology
Anatomy and Embryology
Food Hygiene
Animal Production",
Matrouh University ,"Founded in 2018, Matrouh University is a non-profit public higher education institution located in Mersa Matruh, Egypt. It focuses on sustainable development, scientific research, and modern educational programs tailored to international standards. The university features specialized faculties in practical and environmental fields, including Desert and Environmental Agriculture, Petroleum and Mining Sciences, and Computer Science and Artificial Intelligence.","https://maps.google.com/?q=The+British+University+in+Egypt,+Knowledge+Hub+Universities,+New+Administrative+Capital,+Egypt",https://res.cloudinary.com/yrqizhfy/image/upload/v1784916513/matrouh_uhygrf.jpg,Faculty of Agriculture,"Agronomy
Horticulture
Plant Protection
Soil Science
Animal Production
Food Science
Agricultural Economics",
Matrouh University ,"Founded in 2018, Matrouh University is a non-profit public higher education institution located in Mersa Matruh, Egypt. It focuses on sustainable development, scientific research, and modern educational programs tailored to international standards. The university features specialized faculties in practical and environmental fields, including Desert and Environmental Agriculture, Petroleum and Mining Sciences, and Computer Science and Artificial Intelligence.","https://maps.google.com/?q=The+British+University+in+Egypt,+Knowledge+Hub+Universities,+New+Administrative+Capital,+Egypt",https://res.cloudinary.com/yrqizhfy/image/upload/v1784916513/matrouh_uhygrf.jpg, Faculty of Education,"Curriculum and Instruction
Educational Psychology
Educational Administration
Foundations of Education
Special Education
Educational Technology",
Matrouh University ,"Founded in 2018, Matrouh University is a non-profit public higher education institution located in Mersa Matruh, Egypt. It focuses on sustainable development, scientific research, and modern educational programs tailored to international standards. The university features specialized faculties in practical and environmental fields, including Desert and Environmental Agriculture, Petroleum and Mining Sciences, and Computer Science and Artificial Intelligence.","https://maps.google.com/?q=The+British+University+in+Egypt,+Knowledge+Hub+Universities,+New+Administrative+Capital,+Egypt",https://res.cloudinary.com/yrqizhfy/image/upload/v1784916513/matrouh_uhygrf.jpg,Faculty of Kindergarten,"Early Childhood Education
Kindergarten Education
Child Psychology
Special Education",
Matrouh University ,"Founded in 2018, Matrouh University is a non-profit public higher education institution located in Mersa Matruh, Egypt. It focuses on sustainable development, scientific research, and modern educational programs tailored to international standards. The university features specialized faculties in practical and environmental fields, including Desert and Environmental Agriculture, Petroleum and Mining Sciences, and Computer Science and Artificial Intelligence.","https://maps.google.com/?q=The+British+University+in+Egypt,+Knowledge+Hub+Universities,+New+Administrative+Capital,+Egypt",https://res.cloudinary.com/yrqizhfy/image/upload/v1784916513/matrouh_uhygrf.jpg,Faculty of Specific Education,"Art Education
Music Education
Educational Media
Home Economics
Educational Technology",
Matrouh University ,"Founded in 2018, Matrouh University is a non-profit public higher education institution located in Mersa Matruh, Egypt. It focuses on sustainable development, scientific research, and modern educational programs tailored to international standards. The university features specialized faculties in practical and environmental fields, including Desert and Environmental Agriculture, Petroleum and Mining Sciences, and Computer Science and Artificial Intelligence.","https://maps.google.com/?q=The+British+University+in+Egypt,+Knowledge+Hub+Universities,+New+Administrative+Capital,+Egypt",https://res.cloudinary.com/yrqizhfy/image/upload/v1784916513/matrouh_uhygrf.jpg," Faculty of Tourism and Hotels
","Tourism Studies
Hotel Management
Tourist Guidance",
Matrouh University ,"Founded in 2018, Matrouh University is a non-profit public higher education institution located in Mersa Matruh, Egypt. It focuses on sustainable development, scientific research, and modern educational programs tailored to international standards. The university features specialized faculties in practical and environmental fields, including Desert and Environmental Agriculture, Petroleum and Mining Sciences, and Computer Science and Artificial Intelligence.","https://maps.google.com/?q=The+British+University+in+Egypt,+Knowledge+Hub+Universities,+New+Administrative+Capital,+Egypt",https://res.cloudinary.com/yrqizhfy/image/upload/v1784916513/matrouh_uhygrf.jpg,Faculty of Archaeology and Tourist Guidance,"Egyptology
Islamic Archaeology
Greco-Roman Archaeology
Tourist Guidance
Archaeological Restoration",
Matrouh University ,"Founded in 2018, Matrouh University is a non-profit public higher education institution located in Mersa Matruh, Egypt. It focuses on sustainable development, scientific research, and modern educational programs tailored to international standards. The university features specialized faculties in practical and environmental fields, including Desert and Environmental Agriculture, Petroleum and Mining Sciences, and Computer Science and Artificial Intelligence.","https://maps.google.com/?q=The+British+University+in+Egypt,+Knowledge+Hub+Universities,+New+Administrative+Capital,+Egypt",https://res.cloudinary.com/yrqizhfy/image/upload/v1784916513/matrouh_uhygrf.jpg, Faculty of Physical Education,"Physical Education
Sports Training
Sports Management
Recreation
Exercise Physiology",
Matrouh University ,"Founded in 2018, Matrouh University is a non-profit public higher education institution located in Mersa Matruh, Egypt. It focuses on sustainable development, scientific research, and modern educational programs tailored to international standards. The university features specialized faculties in practical and environmental fields, including Desert and Environmental Agriculture, Petroleum and Mining Sciences, and Computer Science and Artificial Intelligence.","https://maps.google.com/?q=The+British+University+in+Egypt,+Knowledge+Hub+Universities,+New+Administrative+Capital,+Egypt",https://res.cloudinary.com/yrqizhfy/image/upload/v1784916513/matrouh_uhygrf.jpg,Faculty of Science,"Mathematics
Physics
Chemistry
Botany
Zoology
Geology
Biochemistry
Microbiology",
Matrouh University ,"Founded in 2018, Matrouh University is a non-profit public higher education institution located in Mersa Matruh, Egypt. It focuses on sustainable development, scientific research, and modern educational programs tailored to international standards. The university features specialized faculties in practical and environmental fields, including Desert and Environmental Agriculture, Petroleum and Mining Sciences, and Computer Science and Artificial Intelligence.","https://maps.google.com/?q=The+British+University+in+Egypt,+Knowledge+Hub+Universities,+New+Administrative+Capital,+Egypt",https://res.cloudinary.com/yrqizhfy/image/upload/v1784916513/matrouh_uhygrf.jpg,Faculty of Computer Science and Artificial Intelligence,"Computer Science
Artificial Intelligence
Information Systems
Data Science
Cybersecurity",
Matrouh University ,"Founded in 2018, Matrouh University is a non-profit public higher education institution located in Mersa Matruh, Egypt. It focuses on sustainable development, scientific research, and modern educational programs tailored to international standards. The university features specialized faculties in practical and environmental fields, including Desert and Environmental Agriculture, Petroleum and Mining Sciences, and Computer Science and Artificial Intelligence.","https://maps.google.com/?q=The+British+University+in+Egypt,+Knowledge+Hub+Universities,+New+Administrative+Capital,+Egypt",https://res.cloudinary.com/yrqizhfy/image/upload/v1784916513/matrouh_uhygrf.jpg,Faculty of Desert and Environmental Agriculture,"Desert Agriculture
Environmental Agriculture
Water Resources
Soil Science
Plant Production
Sustainable Agriculture",
Matrouh University ,"Founded in 2018, Matrouh University is a non-profit public higher education institution located in Mersa Matruh, Egypt. It focuses on sustainable development, scientific research, and modern educational programs tailored to international standards. The university features specialized faculties in practical and environmental fields, including Desert and Environmental Agriculture, Petroleum and Mining Sciences, and Computer Science and Artificial Intelligence.","https://maps.google.com/?q=The+British+University+in+Egypt,+Knowledge+Hub+Universities,+New+Administrative+Capital,+Egypt",https://res.cloudinary.com/yrqizhfy/image/upload/v1784916521/vally_ymipu2.jpg,Faculty of Arts and Education,"Arabic Language
English Language
History
Geography
Psychology
Sociology
Philosophy
Curriculum and Instruction
Educational Psychology
Special Education",
New Vally University ,"Established as an independent public university in 2019, New Valley University is located in the New Valley Governorate, Egypt. The university aims to drive regional community development and scientific research. It hosts specialized faculties such as Agriculture, Veterinary Medicine, Science, and Mining Engineering, focusing on programs that address the unique environmental and industrial needs of the region.","https://maps.google.com/?q=The+British+University+in+Egypt,+Knowledge+Hub+Universities,+New+Administrative+Capital,+Egypt",https://res.cloudinary.com/yrqizhfy/image/upload/v1784916521/vally_ymipu2.jpg,Faculty of Medicine,"General Medicine
Internal Medicine
General Surgery
Pediatrics
Obstetrics and Gynecology
Clinical Pathology
Medical Microbiology
Anatomy
Physiology
Pharmacology",
New Vally University,"Established as an independent public university in 2019, New Valley University is located in the New Valley Governorate, Egypt. The university aims to drive regional community development and scientific research. It hosts specialized faculties such as Agriculture, Veterinary Medicine, Science, and Mining Engineering, focusing on programs that address the unique environmental and industrial needs of the region.","https://maps.google.com/?q=The+British+University+in+Egypt,+Knowledge+Hub+Universities,+New+Administrative+Capital,+Egypt",https://res.cloudinary.com/yrqizhfy/image/upload/v1784916521/vally_ymipu2.jpg,Faculty of Veterinary Medicine,"Animal Medicine
Surgery
Theriogenology
Pathology
Parasitology
Microbiology
Pharmacology
Anatomy and Embryology
Food Hygiene
Animal Production",
New Vally University,"Established as an independent public university in 2019, New Valley University is located in the New Valley Governorate, Egypt. The university aims to drive regional community development and scientific research. It hosts specialized faculties such as Agriculture, Veterinary Medicine, Science, and Mining Engineering, focusing on programs that address the unique environmental and industrial needs of the region.","https://maps.google.com/?q=The+British+University+in+Egypt,+Knowledge+Hub+Universities,+New+Administrative+Capital,+Egypt",https://res.cloudinary.com/yrqizhfy/image/upload/v1784916521/vally_ymipu2.jpg, Faculty of Pharmacy,"Pharmaceutics
Pharmaceutical Chemistry
Pharmaceutical Analytical Chemistry
Pharmacognosy
Pharmacology and Toxicology
Clinical Pharmacy
Industrial Pharmacy
Biochemistry
Microbiology and Immunology",
New Vally University,"Established as an independent public university in 2019, New Valley University is located in the New Valley Governorate, Egypt. The university aims to drive regional community development and scientific research. It hosts specialized faculties such as Agriculture, Veterinary Medicine, Science, and Mining Engineering, focusing on programs that address the unique environmental and industrial needs of the region.","https://maps.google.com/?q=The+British+University+in+Egypt,+Knowledge+Hub+Universities,+New+Administrative+Capital,+Egypt",https://res.cloudinary.com/yrqizhfy/image/upload/v1784916521/vally_ymipu2.jpg,Faculty of Science,"Mathematics
Physics
Chemistry
Botany
Zoology
Geology
Biochemistry
Microbiology",
New Vally University,"Established as an independent public university in 2019, New Valley University is located in the New Valley Governorate, Egypt. The university aims to drive regional community development and scientific research. It hosts specialized faculties such as Agriculture, Veterinary Medicine, Science, and Mining Engineering, focusing on programs that address the unique environmental and industrial needs of the region.","https://maps.google.com/?q=The+British+University+in+Egypt,+Knowledge+Hub+Universities,+New+Administrative+Capital,+Egypt",https://res.cloudinary.com/yrqizhfy/image/upload/v1784916521/vally_ymipu2.jpg, Faculty of Agriculture,"Agronomy
Horticulture
Plant Protection
Soil Science
Animal Production
Food Science
Agricultural Economics",
New Vally University,"Established as an independent public university in 2019, New Valley University is located in the New Valley Governorate, Egypt. The university aims to drive regional community development and scientific research. It hosts specialized faculties such as Agriculture, Veterinary Medicine, Science, and Mining Engineering, focusing on programs that address the unique environmental and industrial needs of the region.","https://maps.google.com/?q=The+British+University+in+Egypt,+Knowledge+Hub+Universities,+New+Administrative+Capital,+Egypt",https://res.cloudinary.com/yrqizhfy/image/upload/v1784916521/vally_ymipu2.jpg," Faculty of Education
","Curriculum and Instruction
Educational Psychology
Educational Administration
Foundations of Education
Special Education
Educational Technology",
New Vally University,"Established as an independent public university in 2019, New Valley University is located in the New Valley Governorate, Egypt. The university aims to drive regional community development and scientific research. It hosts specialized faculties such as Agriculture, Veterinary Medicine, Science, and Mining Engineering, focusing on programs that address the unique environmental and industrial needs of the region.","https://maps.google.com/?q=The+British+University+in+Egypt,+Knowledge+Hub+Universities,+New+Administrative+Capital,+Egypt",https://res.cloudinary.com/yrqizhfy/image/upload/v1784916521/vally_ymipu2.jpg," Faculty of Arts
","Arabic Language
English Language
History
Geography
Philosophy
Psychology
Sociology",
New Vally University,"Established as an independent public university in 2019, New Valley University is located in the New Valley Governorate, Egypt. The university aims to drive regional community development and scientific research. It hosts specialized faculties such as Agriculture, Veterinary Medicine, Science, and Mining Engineering, focusing on programs that address the unique environmental and industrial needs of the region.","https://maps.google.com/?q=The+British+University+in+Egypt,+Knowledge+Hub+Universities,+New+Administrative+Capital,+Egypt",https://res.cloudinary.com/yrqizhfy/image/upload/v1784916521/vally_ymipu2.jpg, Faculty of Physical Education,"Physical Education
Sports Training
Sports Management
Recreation
Exercise Physiology",
Beni Suef University,"Established as an independent public university in 2005, Beni Suef University is one of the largest higher education institutions in Egypt. Located in Beni Suef, it is highly recognized for its advanced research centers, specialized scientific faculties, and unique programs such as Laser Science, Earth Science, and Navigation Science and Space Technology, along with its comprehensive medical, engineering, and humanities faculties.","https://maps.google.com/?q=The+British+University+in+Egypt,+Knowledge+Hub+Universities,+New+Administrative+Capital,+Egypt",https://res.cloudinary.com/yrqizhfy/image/upload/v1784916508/benisuef_lvvxpz.jpg,Faculty of Commerce,"Accounting
Business Administration
Economics
Statistics
Insurance",
Beni Suef University,"Established as an independent public university in 2005, Beni Suef University is one of the largest higher education institutions in Egypt. Located in Beni Suef, it is highly recognized for its advanced research centers, specialized scientific faculties, and unique programs such as Laser Science, Earth Science, and Navigation Science and Space Technology, along with its comprehensive medical, engineering, and humanities faculties.","https://maps.google.com/?q=The+British+University+in+Egypt,+Knowledge+Hub+Universities,+New+Administrative+Capital,+Egypt",https://res.cloudinary.com/yrqizhfy/image/upload/v1784916508/benisuef_lvvxpz.jpg,Faculty of Law,"Public Law
Private Law
Civil Law
Criminal Law
Commercial Law
International Law
Islamic Sharia",
Beni Suef University,"Established as an independent public university in 2005, Beni Suef University is one of the largest higher education institutions in Egypt. Located in Beni Suef, it is highly recognized for its advanced research centers, specialized scientific faculties, and unique programs such as Laser Science, Earth Science, and Navigation Science and Space Technology, along with its comprehensive medical, engineering, and humanities faculties.","https://maps.google.com/?q=The+British+University+in+Egypt,+Knowledge+Hub+Universities,+New+Administrative+Capital,+Egypt",https://res.cloudinary.com/yrqizhfy/image/upload/v1784916508/benisuef_lvvxpz.jpg,"Faculty of Arts
","Arabic Language
English Language
French Language
History
Geography
Philosophy
Psychology
Sociology
Library and Information Science",
Beni Suef University,"Established as an independent public university in 2005, Beni Suef University is one of the largest higher education institutions in Egypt. Located in Beni Suef, it is highly recognized for its advanced research centers, specialized scientific faculties, and unique programs such as Laser Science, Earth Science, and Navigation Science and Space Technology, along with its comprehensive medical, engineering, and humanities faculties.","https://maps.google.com/?q=The+British+University+in+Egypt,+Knowledge+Hub+Universities,+New+Administrative+Capital,+Egypt",https://res.cloudinary.com/yrqizhfy/image/upload/v1784916508/benisuef_lvvxpz.jpg,Faculty of Education,"Curriculum and Instruction
Educational Psychology
Educational Administration
Foundations of Education
Special Education
Educational Technology",
Beni Suef University,"Established as an independent public university in 2005, Beni Suef University is one of the largest higher education institutions in Egypt. Located in Beni Suef, it is highly recognized for its advanced research centers, specialized scientific faculties, and unique programs such as Laser Science, Earth Science, and Navigation Science and Space Technology, along with its comprehensive medical, engineering, and humanities faculties.","https://maps.google.com/?q=The+British+University+in+Egypt,+Knowledge+Hub+Universities,+New+Administrative+Capital,+Egypt",https://res.cloudinary.com/yrqizhfy/image/upload/v1784916508/benisuef_lvvxpz.jpg, Faculty of Physical Education,"Physical Education
Sports Training
Sports Management
Recreation
Exercise Physiology",
Beni Suef University,"Established as an independent public university in 2005, Beni Suef University is one of the largest higher education institutions in Egypt. Located in Beni Suef, it is highly recognized for its advanced research centers, specialized scientific faculties, and unique programs such as Laser Science, Earth Science, and Navigation Science and Space Technology, along with its comprehensive medical, engineering, and humanities faculties.","https://maps.google.com/?q=The+British+University+in+Egypt,+Knowledge+Hub+Universities,+New+Administrative+Capital,+Egypt",https://res.cloudinary.com/yrqizhfy/image/upload/v1784916508/benisuef_lvvxpz.jpg,Faculty of Economic Studies and Political Science,"Economics
Political Science
Public Administration
Statistics",
Beni Suef University,"Established as an independent public university in 2005, Beni Suef University is one of the largest higher education institutions in Egypt. Located in Beni Suef, it is highly recognized for its advanced research centers, specialized scientific faculties, and unique programs such as Laser Science, Earth Science, and Navigation Science and Space Technology, along with its comprehensive medical, engineering, and humanities faculties.","https://maps.google.com/?q=The+British+University+in+Egypt,+Knowledge+Hub+Universities,+New+Administrative+Capital,+Egypt",https://res.cloudinary.com/yrqizhfy/image/upload/v1784916508/benisuef_lvvxpz.jpg, Faculty of Education for Early Childhood,"Early Childhood Education
Kindergarten Education
Child Psychology
Special Education",
Beni Suef University,"Established as an independent public university in 2005, Beni Suef University is one of the largest higher education institutions in Egypt. Located in Beni Suef, it is highly recognized for its advanced research centers, specialized scientific faculties, and unique programs such as Laser Science, Earth Science, and Navigation Science and Space Technology, along with its comprehensive medical, engineering, and humanities faculties.","https://maps.google.com/?q=The+British+University+in+Egypt,+Knowledge+Hub+Universities,+New+Administrative+Capital,+Egypt",https://res.cloudinary.com/yrqizhfy/image/upload/v1784916508/benisuef_lvvxpz.jpg,Faculty of Al-Alsun (Languages),"English
French
German
Spanish
Italian
Chinese
Japanese
Russian
Korean",
Beni Suef University,"Established as an independent public university in 2005, Beni Suef University is one of the largest higher education institutions in Egypt. Located in Beni Suef, it is highly recognized for its advanced research centers, specialized scientific faculties, and unique programs such as Laser Science, Earth Science, and Navigation Science and Space Technology, along with its comprehensive medical, engineering, and humanities faculties.","https://maps.google.com/?q=The+British+University+in+Egypt,+Knowledge+Hub+Universities,+New+Administrative+Capital,+Egypt",https://res.cloudinary.com/yrqizhfy/image/upload/v1784916508/benisuef_lvvxpz.jpg,Faculty of Developmental Social Work,"Social Work
Community Development
Family and Childhood Care
Social Planning",
Beni Suef University,"Established as an independent public university in 2005, Beni Suef University is one of the largest higher education institutions in Egypt. Located in Beni Suef, it is highly recognized for its advanced research centers, specialized scientific faculties, and unique programs such as Laser Science, Earth Science, and Navigation Science and Space Technology, along with its comprehensive medical, engineering, and humanities faculties.","https://maps.google.com/?q=The+British+University+in+Egypt,+Knowledge+Hub+Universities,+New+Administrative+Capital,+Egypt",https://res.cloudinary.com/yrqizhfy/image/upload/v1784916508/benisuef_lvvxpz.jpg, Faculty of Tourism and Hotels,"Tourism Studies
Hotel Management
Tourist Guidance",
Beni Suef University,"Established as an independent public university in 2005, Beni Suef University is one of the largest higher education institutions in Egypt. Located in Beni Suef, it is highly recognized for its advanced research centers, specialized scientific faculties, and unique programs such as Laser Science, Earth Science, and Navigation Science and Space Technology, along with its comprehensive medical, engineering, and humanities faculties.","https://maps.google.com/?q=The+British+University+in+Egypt,+Knowledge+Hub+Universities,+New+Administrative+Capital,+Egypt",https://res.cloudinary.com/yrqizhfy/image/upload/v1784916508/benisuef_lvvxpz.jpg,Faculty of Medicine,"General Medicine
Internal Medicine
General Surgery
Pediatrics
Obstetrics and Gynecology
Clinical Pathology
Anatomy
Physiology
Pharmacology
Medical Microbiology",
Beni Suef University,"Established as an independent public university in 2005, Beni Suef University is one of the largest higher education institutions in Egypt. Located in Beni Suef, it is highly recognized for its advanced research centers, specialized scientific faculties, and unique programs such as Laser Science, Earth Science, and Navigation Science and Space Technology, along with its comprehensive medical, engineering, and humanities faculties.","https://maps.google.com/?q=The+British+University+in+Egypt,+Knowledge+Hub+Universities,+New+Administrative+Capital,+Egypt",https://res.cloudinary.com/yrqizhfy/image/upload/v1784916508/benisuef_lvvxpz.jpg,Faculty of Dentistry,"Oral Medicine and Periodontology
Oral and Maxillofacial Surgery
Orthodontics
Prosthodontics
Conservative Dentistry
Endodontics
Pediatric Dentistry",
Beni Suef University,"Established as an independent public university in 2005, Beni Suef University is one of the largest higher education institutions in Egypt. Located in Beni Suef, it is highly recognized for its advanced research centers, specialized scientific faculties, and unique programs such as Laser Science, Earth Science, and Navigation Science and Space Technology, along with its comprehensive medical, engineering, and humanities faculties.","https://maps.google.com/?q=The+British+University+in+Egypt,+Knowledge+Hub+Universities,+New+Administrative+Capital,+Egypt",https://res.cloudinary.com/yrqizhfy/image/upload/v1784916508/benisuef_lvvxpz.jpg,Faculty of Pharmacy,"Pharmaceutics
Pharmaceutical Chemistry
Pharmaceutical Analytical Chemistry
Pharmacognosy
Pharmacology and Toxicology
Clinical Pharmacy
Industrial Pharmacy
Biochemistry
Microbiology and Immunology",
Beni Suef University,"Established as an independent public university in 2005, Beni Suef University is one of the largest higher education institutions in Egypt. Located in Beni Suef, it is highly recognized for its advanced research centers, specialized scientific faculties, and unique programs such as Laser Science, Earth Science, and Navigation Science and Space Technology, along with its comprehensive medical, engineering, and humanities faculties.","https://maps.google.com/?q=The+British+University+in+Egypt,+Knowledge+Hub+Universities,+New+Administrative+Capital,+Egypt",https://res.cloudinary.com/yrqizhfy/image/upload/v1784916508/benisuef_lvvxpz.jpg, Faculty of Nursing,"Medical-Surgical Nursing
Pediatric Nursing
Obstetrics and Gynecological Nursing
Community Health Nursing
Psychiatric and Mental Health Nursing
Nursing Administration",
Beni Suef University,"Established as an independent public university in 2005, Beni Suef University is one of the largest higher education institutions in Egypt. Located in Beni Suef, it is highly recognized for its advanced research centers, specialized scientific faculties, and unique programs such as Laser Science, Earth Science, and Navigation Science and Space Technology, along with its comprehensive medical, engineering, and humanities faculties.","https://maps.google.com/?q=The+British+University+in+Egypt,+Knowledge+Hub+Universities,+New+Administrative+Capital,+Egypt",https://res.cloudinary.com/yrqizhfy/image/upload/v1784916508/benisuef_lvvxpz.jpg,Faculty of Veterinary Medicine,"Animal Medicine
Surgery
Theriogenology
Pathology
Parasitology
Microbiology
Pharmacology
Anatomy and Embryology
Food Hygiene
Animal Production",
Beni Suef University,"Established as an independent public university in 2005, Beni Suef University is one of the largest higher education institutions in Egypt. Located in Beni Suef, it is highly recognized for its advanced research centers, specialized scientific faculties, and unique programs such as Laser Science, Earth Science, and Navigation Science and Space Technology, along with its comprehensive medical, engineering, and humanities faculties.","https://maps.google.com/?q=The+British+University+in+Egypt,+Knowledge+Hub+Universities,+New+Administrative+Capital,+Egypt",https://res.cloudinary.com/yrqizhfy/image/upload/v1784916508/benisuef_lvvxpz.jpg,Faculty of Science,"Mathematics
Physics
Chemistry
Botany
Zoology
Geology
Biochemistry
Microbiology",
Beni Suef University,"Established as an independent public university in 2005, Beni Suef University is one of the largest higher education institutions in Egypt. Located in Beni Suef, it is highly recognized for its advanced research centers, specialized scientific faculties, and unique programs such as Laser Science, Earth Science, and Navigation Science and Space Technology, along with its comprehensive medical, engineering, and humanities faculties.","https://maps.google.com/?q=The+British+University+in+Egypt,+Knowledge+Hub+Universities,+New+Administrative+Capital,+Egypt",https://res.cloudinary.com/yrqizhfy/image/upload/v1784916508/benisuef_lvvxpz.jpg,Faculty of Agriculture,"Agronomy
Horticulture
Plant Protection
Soil Science
Animal Production
Food Science
Agricultural Economics",
Beni Suef University,"Established as an independent public university in 2005, Beni Suef University is one of the largest higher education institutions in Egypt. Located in Beni Suef, it is highly recognized for its advanced research centers, specialized scientific faculties, and unique programs such as Laser Science, Earth Science, and Navigation Science and Space Technology, along with its comprehensive medical, engineering, and humanities faculties.","https://maps.google.com/?q=The+British+University+in+Egypt,+Knowledge+Hub+Universities,+New+Administrative+Capital,+Egypt",https://res.cloudinary.com/yrqizhfy/image/upload/v1784916508/benisuef_lvvxpz.jpg," Faculty of Engineering
","Civil Engineering
Architecture Engineering
Electrical Engineering
Mechanical Engineering
Electronics and Communications Engineering
Computer Engineering",
Beni Suef University,"Established as an independent public university in 2005, Beni Suef University is one of the largest higher education institutions in Egypt. Located in Beni Suef, it is highly recognized for its advanced research centers, specialized scientific faculties, and unique programs such as Laser Science, Earth Science, and Navigation Science and Space Technology, along with its comprehensive medical, engineering, and humanities faculties.","https://maps.google.com/?q=The+British+University+in+Egypt,+Knowledge+Hub+Universities,+New+Administrative+Capital,+Egypt",https://res.cloudinary.com/yrqizhfy/image/upload/v1784916508/benisuef_lvvxpz.jpg, Faculty of Industrial Education,"Mechanical Technology
Electrical Technology
Civil Construction Technology
Educational Technology",
Beni Suef University,"Established as an independent public university in 2005, Beni Suef University is one of the largest higher education institutions in Egypt. Located in Beni Suef, it is highly recognized for its advanced research centers, specialized scientific faculties, and unique programs such as Laser Science, Earth Science, and Navigation Science and Space Technology, along with its comprehensive medical, engineering, and humanities faculties.","https://maps.google.com/?q=The+British+University+in+Egypt,+Knowledge+Hub+Universities,+New+Administrative+Capital,+Egypt",https://res.cloudinary.com/yrqizhfy/image/upload/v1784916508/benisuef_lvvxpz.jpg, Faculty of Computers and Artificial Intelligence,"Computer Science
Artificial Intelligence
Information Systems
Cybersecurity
Data Science",
Beni Suef University,"Established as an independent public university in 2005, Beni Suef University is one of the largest higher education institutions in Egypt. Located in Beni Suef, it is highly recognized for its advanced research centers, specialized scientific faculties, and unique programs such as Laser Science, Earth Science, and Navigation Science and Space Technology, along with its comprehensive medical, engineering, and humanities faculties.","https://maps.google.com/?q=The+British+University+in+Egypt,+Knowledge+Hub+Universities,+New+Administrative+Capital,+Egypt",https://res.cloudinary.com/yrqizhfy/image/upload/v1784916508/benisuef_lvvxpz.jpg,Faculty of Mass Communication,"Journalism
Radio and Television
Public Relations and Advertising
Digital Media",
Beni Suef University,"Established as an independent public university in 2005, Beni Suef University is one of the largest higher education institutions in Egypt. Located in Beni Suef, it is highly recognized for its advanced research centers, specialized scientific faculties, and unique programs such as Laser Science, Earth Science, and Navigation Science and Space Technology, along with its comprehensive medical, engineering, and humanities faculties.","https://maps.google.com/?q=The+British+University+in+Egypt,+Knowledge+Hub+Universities,+New+Administrative+Capital,+Egypt",https://res.cloudinary.com/yrqizhfy/image/upload/v1784916508/benisuef_lvvxpz.jpg, Faculty of Physiotherapy,"Orthopedic Physical Therapy
Neurological Physical Therapy
Pediatric Physical Therapy
Cardiopulmonary Physical Therapy
Women's Health Physical Therapy",
Beni Suef University,"Established as an independent public university in 2005, Beni Suef University is one of the largest higher education institutions in Egypt. Located in Beni Suef, it is highly recognized for its advanced research centers, specialized scientific faculties, and unique programs such as Laser Science, Earth Science, and Navigation Science and Space Technology, along with its comprehensive medical, engineering, and humanities faculties.","https://maps.google.com/?q=The+British+University+in+Egypt,+Knowledge+Hub+Universities,+New+Administrative+Capital,+Egypt",https://res.cloudinary.com/yrqizhfy/image/upload/v1784916508/benisuef_lvvxpz.jpg," Faculty of Health Sciences
","Medical Laboratory Sciences
Radiology and Medical Imaging
Nutrition and Food Science
Health Information Management
Emergency Medical Services",
Beni Suef University,"Established as an independent public university in 2005, Beni Suef University is one of the largest higher education institutions in Egypt. Located in Beni Suef, it is highly recognized for its advanced research centers, specialized scientific faculties, and unique programs such as Laser Science, Earth Science, and Navigation Science and Space Technology, along with its comprehensive medical, engineering, and humanities faculties.","https://maps.google.com/?q=The+British+University+in+Egypt,+Knowledge+Hub+Universities,+New+Administrative+Capital,+Egypt",https://res.cloudinary.com/yrqizhfy/image/upload/v1784916508/benisuef_lvvxpz.jpg, Faculty of Applied Arts,"Interior Design
Graphic Design
Industrial Design
Fashion Design
Textile Design",
Beni Suef University,"Established as an independent public university in 2005, Beni Suef University is one of the largest higher education institutions in Egypt. Located in Beni Suef, it is highly recognized for its advanced research centers, specialized scientific faculties, and unique programs such as Laser Science, Earth Science, and Navigation Science and Space Technology, along with its comprehensive medical, engineering, and humanities faculties.","https://maps.google.com/?q=The+British+University+in+Egypt,+Knowledge+Hub+Universities,+New+Administrative+Capital,+Egypt",https://res.cloudinary.com/yrqizhfy/image/upload/v1784916508/benisuef_lvvxpz.jpg,"Faculty of Earth Sciences
","Geology
Geophysics
Environmental Geology
Hydrogeology
Mineral Resources",
Beni Suef University,"Established as an independent public university in 2005, Beni Suef University is one of the largest higher education institutions in Egypt. Located in Beni Suef, it is highly recognized for its advanced research centers, specialized scientific faculties, and unique programs such as Laser Science, Earth Science, and Navigation Science and Space Technology, along with its comprehensive medical, engineering, and humanities faculties.","https://maps.google.com/?q=The+British+University+in+Egypt,+Knowledge+Hub+Universities,+New+Administrative+Capital,+Egypt",https://res.cloudinary.com/yrqizhfy/image/upload/v1784916508/benisuef_lvvxpz.jpg, Faculty of Special Needs Sciences,"Intellectual Disabilities
Hearing Impairment
Visual Impairment
Autism Spectrum Disorders
Learning Disabilities",
Beni Suef University,"Established as an independent public university in 2005, Beni Suef University is one of the largest higher education institutions in Egypt. Located in Beni Suef, it is highly recognized for its advanced research centers, specialized scientific faculties, and unique programs such as Laser Science, Earth Science, and Navigation Science and Space Technology, along with its comprehensive medical, engineering, and humanities faculties.","https://maps.google.com/?q=The+British+University+in+Egypt,+Knowledge+Hub+Universities,+New+Administrative+Capital,+Egypt",https://res.cloudinary.com/yrqizhfy/image/upload/v1784916508/benisuef_lvvxpz.jpg,Faculty of Navigation Science and Space Technology,"Space Science
Space Technology
Satellite Engineering
Navigation Systems
Remote Sensing",
Beni Suef University,"Established as an independent public university in 2005, Beni Suef University is one of the largest higher education institutions in Egypt. Located in Beni Suef, it is highly recognized for its advanced research centers, specialized scientific faculties, and unique programs such as Laser Science, Earth Science, and Navigation Science and Space Technology, along with its comprehensive medical, engineering, and humanities faculties.","https://maps.google.com/?q=The+British+University+in+Egypt,+Knowledge+Hub+Universities,+New+Administrative+Capital,+Egypt",https://res.cloudinary.com/yrqizhfy/image/upload/v1784916508/benisuef_lvvxpz.jpg,Faculty of Postgraduate Studies for Advanced Sciences,"Biotechnology
Nanotechnology
Materials Science
Environmental Science
Applied Physics",
 Arish University ,"Established as an independent public university in 2016, Arish University is located in El Arish, North Sinai, Egypt. The university plays a vital role in the sustainable development of the Sinai Peninsula through specialized education and scientific research. It features unique faculties tailored to the region's environment and economy, including Environmental Agricultural Sciences, Aquaculture and Marine Fisheries, Science, and Education.","https://maps.google.com/?q=The+British+University+in+Egypt,+Knowledge+Hub+Universities,+New+Administrative+Capital,+Egypt",https://res.cloudinary.com/yrqizhfy/image/upload/v1784916507/arish_o81iwy.jpg, Faculty of Education,"Curriculum and Instruction
Educational Psychology
Educational Administration
Foundations of Education
Special Education
Educational Technology",
 Arish University ,"Established as an independent public university in 2016, Arish University is located in El Arish, North Sinai, Egypt. The university plays a vital role in the sustainable development of the Sinai Peninsula through specialized education and scientific research. It features unique faculties tailored to the region's environment and economy, including Environmental Agricultural Sciences, Aquaculture and Marine Fisheries, Science, and Education.","https://maps.google.com/?q=The+British+University+in+Egypt,+Knowledge+Hub+Universities,+New+Administrative+Capital,+Egypt",https://res.cloudinary.com/yrqizhfy/image/upload/v1784916507/arish_o81iwy.jpg,Faculty of Environmental Agricultural Sciences,"Agronomy
Horticulture
Plant Protection
Soil Science
Animal Production
Agricultural Economics
Environmental Agriculture",
 Arish University ,"Established as an independent public university in 2016, Arish University is located in El Arish, North Sinai, Egypt. The university plays a vital role in the sustainable development of the Sinai Peninsula through specialized education and scientific research. It features unique faculties tailored to the region's environment and economy, including Environmental Agricultural Sciences, Aquaculture and Marine Fisheries, Science, and Education.","https://maps.google.com/?q=The+British+University+in+Egypt,+Knowledge+Hub+Universities,+New+Administrative+Capital,+Egypt",https://res.cloudinary.com/yrqizhfy/image/upload/v1784916507/arish_o81iwy.jpg,"Faculty of Computers and Information
","Computer Science
Information Systems
Information Technology
Artificial Intelligence
Cybersecurity",
 Arish University ,"Established as an independent public university in 2016, Arish University is located in El Arish, North Sinai, Egypt. The university plays a vital role in the sustainable development of the Sinai Peninsula through specialized education and scientific research. It features unique faculties tailored to the region's environment and economy, including Environmental Agricultural Sciences, Aquaculture and Marine Fisheries, Science, and Education.","https://maps.google.com/?q=The+British+University+in+Egypt,+Knowledge+Hub+Universities,+New+Administrative+Capital,+Egypt",https://res.cloudinary.com/yrqizhfy/image/upload/v1784916507/arish_o81iwy.jpg,Faculty of Medicine,"General Medicine
Internal Medicine
General Surgery
Pediatrics
Obstetrics and Gynecology
Clinical Pathology
Anatomy
Physiology
Pharmacology
Medical Microbiology",
 Arish University ,"Established as an independent public university in 2016, Arish University is located in El Arish, North Sinai, Egypt. The university plays a vital role in the sustainable development of the Sinai Peninsula through specialized education and scientific research. It features unique faculties tailored to the region's environment and economy, including Environmental Agricultural Sciences, Aquaculture and Marine Fisheries, Science, and Education.","https://maps.google.com/?q=The+British+University+in+Egypt,+Knowledge+Hub+Universities,+New+Administrative+Capital,+Egypt",https://res.cloudinary.com/yrqizhfy/image/upload/v1784916507/arish_o81iwy.jpg,Faculty of Physical Education,"Physical Education
Sports Training
Sports Management
Recreation
Exercise Physiology",
 Arish University ,"Established as an independent public university in 2016, Arish University is located in El Arish, North Sinai, Egypt. The university plays a vital role in the sustainable development of the Sinai Peninsula through specialized education and scientific research. It features unique faculties tailored to the region's environment and economy, including Environmental Agricultural Sciences, Aquaculture and Marine Fisheries, Science, and Education.","https://maps.google.com/?q=The+British+University+in+Egypt,+Knowledge+Hub+Universities,+New+Administrative+Capital,+Egypt",https://res.cloudinary.com/yrqizhfy/image/upload/v1784916507/arish_o81iwy.jpg, Faculty of Veterinary Medicine,"Animal Medicine
Surgery
Theriogenology
Pathology
Parasitology
Microbiology
Pharmacology
Anatomy and Embryology
Food Hygiene
Animal Production",
 Arish University ,"Established as an independent public university in 2016, Arish University is located in El Arish, North Sinai, Egypt. The university plays a vital role in the sustainable development of the Sinai Peninsula through specialized education and scientific research. It features unique faculties tailored to the region's environment and economy, including Environmental Agricultural Sciences, Aquaculture and Marine Fisheries, Science, and Education.","https://maps.google.com/?q=The+British+University+in+Egypt,+Knowledge+Hub+Universities,+New+Administrative+Capital,+Egypt",https://res.cloudinary.com/yrqizhfy/image/upload/v1784916507/arish_o81iwy.jpg, Faculty of Science,"Mathematics
Physics
Chemistry
Botany
Zoology
Geology
Biochemistry
Microbiology",
 Arish University ,"Established as an independent public university in 2016, Arish University is located in El Arish, North Sinai, Egypt. The university plays a vital role in the sustainable development of the Sinai Peninsula through specialized education and scientific research. It features unique faculties tailored to the region's environment and economy, including Environmental Agricultural Sciences, Aquaculture and Marine Fisheries, Science, and Education.","https://maps.google.com/?q=The+British+University+in+Egypt,+Knowledge+Hub+Universities,+New+Administrative+Capital,+Egypt",https://res.cloudinary.com/yrqizhfy/image/upload/v1784916507/arish_o81iwy.jpg, Faculty of Home Economics,"Nutrition and Food Science
Home Management
Clothing and Textiles
Educational Home Economics",
 Arish University ,"Established as an independent public university in 2016, Arish University is located in El Arish, North Sinai, Egypt. The university plays a vital role in the sustainable development of the Sinai Peninsula through specialized education and scientific research. It features unique faculties tailored to the region's environment and economy, including Environmental Agricultural Sciences, Aquaculture and Marine Fisheries, Science, and Education.","https://maps.google.com/?q=The+British+University+in+Egypt,+Knowledge+Hub+Universities,+New+Administrative+Capital,+Egypt",https://res.cloudinary.com/yrqizhfy/image/upload/v1784916507/arish_o81iwy.jpg,Faculty of Commerce,"Accounting
Business Administration
Economics
Statistics
Insurance",
 Arish University ,"Established as an independent public university in 2016, Arish University is located in El Arish, North Sinai, Egypt. The university plays a vital role in the sustainable development of the Sinai Peninsula through specialized education and scientific research. It features unique faculties tailored to the region's environment and economy, including Environmental Agricultural Sciences, Aquaculture and Marine Fisheries, Science, and Education.","https://maps.google.com/?q=The+British+University+in+Egypt,+Knowledge+Hub+Universities,+New+Administrative+Capital,+Egypt",https://res.cloudinary.com/yrqizhfy/image/upload/v1784916507/arish_o81iwy.jpg, Faculty of Arts,"Arabic Language
English Language
History
Geography
Philosophy
Psychology
Sociology",
 Arish University ,"Established as an independent public university in 2016, Arish University is located in El Arish, North Sinai, Egypt. The university plays a vital role in the sustainable development of the Sinai Peninsula through specialized education and scientific research. It features unique faculties tailored to the region's environment and economy, including Environmental Agricultural Sciences, Aquaculture and Marine Fisheries, Science, and Education.","https://maps.google.com/?q=The+British+University+in+Egypt,+Knowledge+Hub+Universities,+New+Administrative+Capital,+Egypt",https://res.cloudinary.com/yrqizhfy/image/upload/v1784916507/arish_o81iwy.jpg, Faculty of Aquaculture and Marine Fisheries,"Aquaculture
Marine Fisheries
Fish Processing Technology
Marine Biology
Fish Nutrition
Fish Diseases",
Minia University ,"Established as an independent public university in 1976, Minia University is located in Minya, Egypt. It is a highly respected institution known for its focus on scientific research and community development. The university offers a comprehensive range of programs across diverse fields, including prominent faculties in Medicine, Engineering, Fine Arts, Agriculture, and Science.","https://maps.google.com/?q=The+British+University+in+Egypt,+Knowledge+Hub+Universities,+New+Administrative+Capital,+Egypt",https://res.cloudinary.com/yrqizhfy/image/upload/v1784916514/minia_giikan.jpg,Faculty of Medicine,"General Medicine
Internal Medicine
General Surgery
Pediatrics
Obstetrics and Gynecology
Clinical Pathology
Anatomy
Physiology
Pharmacology
Medical Microbiology",
Minia University ,"Established as an independent public university in 1976, Minia University is located in Minya, Egypt. It is a highly respected institution known for its focus on scientific research and community development. The university offers a comprehensive range of programs across diverse fields, including prominent faculties in Medicine, Engineering, Fine Arts, Agriculture, and Science.","https://maps.google.com/?q=The+British+University+in+Egypt,+Knowledge+Hub+Universities,+New+Administrative+Capital,+Egypt",https://res.cloudinary.com/yrqizhfy/image/upload/v1784916514/minia_giikan.jpg, Faculty of Dentistry,"Oral Medicine and Periodontology
Oral and Maxillofacial Surgery
Orthodontics
Prosthodontics
Conservative Dentistry
Endodontics
Pediatric Dentistry
Oral Pathology",
Minia University ,"Established as an independent public university in 1976, Minia University is located in Minya, Egypt. It is a highly respected institution known for its focus on scientific research and community development. The university offers a comprehensive range of programs across diverse fields, including prominent faculties in Medicine, Engineering, Fine Arts, Agriculture, and Science.","https://maps.google.com/?q=The+British+University+in+Egypt,+Knowledge+Hub+Universities,+New+Administrative+Capital,+Egypt",https://res.cloudinary.com/yrqizhfy/image/upload/v1784916514/minia_giikan.jpg, Faculty of Pharmacy,"Pharmaceutics
Pharmaceutical Chemistry
Pharmaceutical Analytical Chemistry
Pharmacognosy
Pharmacology and Toxicology
Clinical Pharmacy
Industrial Pharmacy
Biochemistry
Microbiology and Immunology",
Minia University ,"Established as an independent public university in 1976, Minia University is located in Minya, Egypt. It is a highly respected institution known for its focus on scientific research and community development. The university offers a comprehensive range of programs across diverse fields, including prominent faculties in Medicine, Engineering, Fine Arts, Agriculture, and Science.","https://maps.google.com/?q=The+British+University+in+Egypt,+Knowledge+Hub+Universities,+New+Administrative+Capital,+Egypt",https://res.cloudinary.com/yrqizhfy/image/upload/v1784916514/minia_giikan.jpg, Faculty of Nursing,"Medical-Surgical Nursing
Pediatric Nursing
Obstetrics and Gynecological Nursing
Community Health Nursing
Psychiatric and Mental Health Nursing
Nursing Administration",
Minia University ,"Established as an independent public university in 1976, Minia University is located in Minya, Egypt. It is a highly respected institution known for its focus on scientific research and community development. The university offers a comprehensive range of programs across diverse fields, including prominent faculties in Medicine, Engineering, Fine Arts, Agriculture, and Science.","https://maps.google.com/?q=The+British+University+in+Egypt,+Knowledge+Hub+Universities,+New+Administrative+Capital,+Egypt",https://res.cloudinary.com/yrqizhfy/image/upload/v1784916514/minia_giikan.jpg, Faculty of Engineering,"Civil Engineering
Architecture Engineering
Electrical Engineering
Mechanical Engineering
Electronics and Communications Engineering
Computer Engineering",
Minia University ,"Established as an independent public university in 1976, Minia University is located in Minya, Egypt. It is a highly respected institution known for its focus on scientific research and community development. The university offers a comprehensive range of programs across diverse fields, including prominent faculties in Medicine, Engineering, Fine Arts, Agriculture, and Science.","https://maps.google.com/?q=The+British+University+in+Egypt,+Knowledge+Hub+Universities,+New+Administrative+Capital,+Egypt",https://res.cloudinary.com/yrqizhfy/image/upload/v1784916514/minia_giikan.jpg,Faculty of Science,"Mathematics
Physics
Chemistry
Botany
Zoology
Geology
Biochemistry
Microbiology",
Minia University ,"Established as an independent public university in 1976, Minia University is located in Minya, Egypt. It is a highly respected institution known for its focus on scientific research and community development. The university offers a comprehensive range of programs across diverse fields, including prominent faculties in Medicine, Engineering, Fine Arts, Agriculture, and Science.","https://maps.google.com/?q=The+British+University+in+Egypt,+Knowledge+Hub+Universities,+New+Administrative+Capital,+Egypt",https://res.cloudinary.com/yrqizhfy/image/upload/v1784916514/minia_giikan.jpg, Faculty of Agriculture,"Agronomy
Horticulture
Plant Protection
Soil Science
Animal Production
Food Science
Agricultural Economics",
Minia University ,"Established as an independent public university in 1976, Minia University is located in Minya, Egypt. It is a highly respected institution known for its focus on scientific research and community development. The university offers a comprehensive range of programs across diverse fields, including prominent faculties in Medicine, Engineering, Fine Arts, Agriculture, and Science.","https://maps.google.com/?q=The+British+University+in+Egypt,+Knowledge+Hub+Universities,+New+Administrative+Capital,+Egypt",https://res.cloudinary.com/yrqizhfy/image/upload/v1784916514/minia_giikan.jpg,Faculty of Computers and Information,"Computer Science
Information Systems
Information Technology
Artificial Intelligence
Bioinformatics",
Minia University ,"Established as an independent public university in 1976, Minia University is located in Minya, Egypt. It is a highly respected institution known for its focus on scientific research and community development. The university offers a comprehensive range of programs across diverse fields, including prominent faculties in Medicine, Engineering, Fine Arts, Agriculture, and Science.","https://maps.google.com/?q=The+British+University+in+Egypt,+Knowledge+Hub+Universities,+New+Administrative+Capital,+Egypt",https://res.cloudinary.com/yrqizhfy/image/upload/v1784916514/minia_giikan.jpg, Faculty of Arts,"Arabic Language
English Language
French Language
History
Geography
Philosophy
Psychology
Sociology",
Minia University ,"Established as an independent public university in 1976, Minia University is located in Minya, Egypt. It is a highly respected institution known for its focus on scientific research and community development. The university offers a comprehensive range of programs across diverse fields, including prominent faculties in Medicine, Engineering, Fine Arts, Agriculture, and Science.","https://maps.google.com/?q=The+British+University+in+Egypt,+Knowledge+Hub+Universities,+New+Administrative+Capital,+Egypt",https://res.cloudinary.com/yrqizhfy/image/upload/v1784916514/minia_giikan.jpg, Faculty of Fine Arts,"Architecture
Interior Design
Graphics
Painting
Sculpture
Decoration",
Minia University ,"Established as an independent public university in 1976, Minia University is located in Minya, Egypt. It is a highly respected institution known for its focus on scientific research and community development. The university offers a comprehensive range of programs across diverse fields, including prominent faculties in Medicine, Engineering, Fine Arts, Agriculture, and Science.","https://maps.google.com/?q=The+British+University+in+Egypt,+Knowledge+Hub+Universities,+New+Administrative+Capital,+Egypt",https://res.cloudinary.com/yrqizhfy/image/upload/v1784916514/minia_giikan.jpg, Faculty of Education,"Curriculum and Instruction
Educational Psychology
Educational Administration
Foundations of Education
Special Education
Educational Technology",
Minia University ,"Established as an independent public university in 1976, Minia University is located in Minya, Egypt. It is a highly respected institution known for its focus on scientific research and community development. The university offers a comprehensive range of programs across diverse fields, including prominent faculties in Medicine, Engineering, Fine Arts, Agriculture, and Science.","https://maps.google.com/?q=The+British+University+in+Egypt,+Knowledge+Hub+Universities,+New+Administrative+Capital,+Egypt",https://res.cloudinary.com/yrqizhfy/image/upload/v1784916514/minia_giikan.jpg,Faculty of Specific Education,"Art Education
Music Education
Educational Media
Home Economics
Educational Technology",
Minia University ,"Established as an independent public university in 1976, Minia University is located in Minya, Egypt. It is a highly respected institution known for its focus on scientific research and community development. The university offers a comprehensive range of programs across diverse fields, including prominent faculties in Medicine, Engineering, Fine Arts, Agriculture, and Science.","https://maps.google.com/?q=The+British+University+in+Egypt,+Knowledge+Hub+Universities,+New+Administrative+Capital,+Egypt",https://res.cloudinary.com/yrqizhfy/image/upload/v1784916514/minia_giikan.jpg,Faculty of Physical Education,"Physical Education
Sports Training
Sports Management
Recreation
Exercise Physiology",
Minia University ,"Established as an independent public university in 1976, Minia University is located in Minya, Egypt. It is a highly respected institution known for its focus on scientific research and community development. The university offers a comprehensive range of programs across diverse fields, including prominent faculties in Medicine, Engineering, Fine Arts, Agriculture, and Science.","https://maps.google.com/?q=The+British+University+in+Egypt,+Knowledge+Hub+Universities,+New+Administrative+Capital,+Egypt",https://res.cloudinary.com/yrqizhfy/image/upload/v1784916514/minia_giikan.jpg, Faculty of Tourism and Hotels,"Tourism Studies
Hotel Management
Tourist Guidance",
Minia University ,"Established as an independent public university in 1976, Minia University is located in Minya, Egypt. It is a highly respected institution known for its focus on scientific research and community development. The university offers a comprehensive range of programs across diverse fields, including prominent faculties in Medicine, Engineering, Fine Arts, Agriculture, and Science.","https://maps.google.com/?q=The+British+University+in+Egypt,+Knowledge+Hub+Universities,+New+Administrative+Capital,+Egypt",https://res.cloudinary.com/yrqizhfy/image/upload/v1784916514/minia_giikan.jpg, Faculty of Al-Alsun (Languages),"English
French
German
Spanish
Italian
Chinese",
Minia University ,"Established as an independent public university in 1976, Minia University is located in Minya, Egypt. It is a highly respected institution known for its focus on scientific research and community development. The university offers a comprehensive range of programs across diverse fields, including prominent faculties in Medicine, Engineering, Fine Arts, Agriculture, and Science.","https://maps.google.com/?q=The+British+University+in+Egypt,+Knowledge+Hub+Universities,+New+Administrative+Capital,+Egypt",https://res.cloudinary.com/yrqizhfy/image/upload/v1784916514/minia_giikan.jpg, Faculty of Dar Al-Uloom,"Arabic Language
Islamic Studies
Literary Studies
Linguistics
Philosophy",
Minia University ,"Established as an independent public university in 1976, Minia University is located in Minya, Egypt. It is a highly respected institution known for its focus on scientific research and community development. The university offers a comprehensive range of programs across diverse fields, including prominent faculties in Medicine, Engineering, Fine Arts, Agriculture, and Science.","https://maps.google.com/?q=The+British+University+in+Egypt,+Knowledge+Hub+Universities,+New+Administrative+Capital,+Egypt",https://res.cloudinary.com/yrqizhfy/image/upload/v1784916514/minia_giikan.jpg,Faculty of Early Childhood Education,"Early Childhood Education
Kindergarten Education
Child Psychology
Special Education",
Minia University ,"Established as an independent public university in 1976, Minia University is located in Minya, Egypt. It is a highly respected institution known for its focus on scientific research and community development. The university offers a comprehensive range of programs across diverse fields, including prominent faculties in Medicine, Engineering, Fine Arts, Agriculture, and Science.","https://maps.google.com/?q=The+British+University+in+Egypt,+Knowledge+Hub+Universities,+New+Administrative+Capital,+Egypt",https://res.cloudinary.com/yrqizhfy/image/upload/v1784916514/minia_giikan.jpg, Faculty of Law,"Public Law
Private Law
Civil Law
Criminal Law
Commercial Law
International Law
Islamic Sharia",
Minia University ,"Established as an independent public university in 1976, Minia University is located in Minya, Egypt. It is a highly respected institution known for its focus on scientific research and community development. The university offers a comprehensive range of programs across diverse fields, including prominent faculties in Medicine, Engineering, Fine Arts, Agriculture, and Science.","https://maps.google.com/?q=The+British+University+in+Egypt,+Knowledge+Hub+Universities,+New+Administrative+Capital,+Egypt",https://res.cloudinary.com/yrqizhfy/image/upload/v1784916514/minia_giikan.jpg,Faculty of Veterinary Medicine,"Animal Medicine
Surgery
Theriogenology
Pathology
Parasitology
Microbiology
Pharmacology
Anatomy and Embryology
Food Hygiene
Animal Production",
Modern technology and information university( MTI ),"MTI University (Modern University for Technology & Information) is a leading private university in Egypt, established in 2004. It offers high-quality education across a wide range of disciplines, combining academic excellence with practical training, innovation, and modern technology. The university aims to prepare graduates with the knowledge, skills, and professional experience needed to succeed in local and international careers. MTI provides a dynamic learning environment, advanced facilities, and strong industry connections to support students' academic and personal development.","https://maps.google.com/?q=The+British+University+in+Egypt,+Knowledge+Hub+Universities,+New+Administrative+Capital,+Egypt",https://res.cloudinary.com/yrqizhfy/image/upload/v1784917518/ChatGPT_Image_Jul_24_2026_09_24_52_PM_erjnim.png,Faculty of Computer Science and Artificial Intelligence,"Computer Science (CS)
Artificial Intelligence (AI)
Information Systems (IS)",
Modern technology and information university( MTI ),"MTI University (Modern University for Technology & Information) is a leading private university in Egypt, established in 2004. It offers high-quality education across a wide range of disciplines, combining academic excellence with practical training, innovation, and modern technology. The university aims to prepare graduates with the knowledge, skills, and professional experience needed to succeed in local and international careers. MTI provides a dynamic learning environment, advanced facilities, and strong industry connections to support students' academic and personal development.","https://maps.google.com/?q=The+British+University+in+Egypt,+Knowledge+Hub+Universities,+New+Administrative+Capital,+Egypt",https://res.cloudinary.com/yrqizhfy/image/upload/v1784917518/ChatGPT_Image_Jul_24_2026_09_24_52_PM_erjnim.png,Faculty of Engineering,"Architectural Engineering
Bioelectronics Engineering
Communication Engineering
Computer Engineering
Construction Project Management
Control Engineering
Mechatronics Engineering
Structural Engineering",
Modern technology and information university( MTI ),"MTI University (Modern University for Technology & Information) is a leading private university in Egypt, established in 2004. It offers high-quality education across a wide range of disciplines, combining academic excellence with practical training, innovation, and modern technology. The university aims to prepare graduates with the knowledge, skills, and professional experience needed to succeed in local and international careers. MTI provides a dynamic learning environment, advanced facilities, and strong industry connections to support students' academic and personal development.","https://maps.google.com/?q=The+British+University+in+Egypt,+Knowledge+Hub+Universities,+New+Administrative+Capital,+Egypt",https://res.cloudinary.com/yrqizhfy/image/upload/v1784917518/ChatGPT_Image_Jul_24_2026_09_24_52_PM_erjnim.png,Faculty of Mass Communication,"New Media
Journalism and E-Publishing
Radio and Television
Integrated Marketing Communications (IMC)",
Modern technology and information university( MTI ),"MTI University (Modern University for Technology & Information) is a leading private university in Egypt, established in 2004. It offers high-quality education across a wide range of disciplines, combining academic excellence with practical training, innovation, and modern technology. The university aims to prepare graduates with the knowledge, skills, and professional experience needed to succeed in local and international careers. MTI provides a dynamic learning environment, advanced facilities, and strong industry connections to support students' academic and personal development.","https://maps.google.com/?q=The+British+University+in+Egypt,+Knowledge+Hub+Universities,+New+Administrative+Capital,+Egypt",https://res.cloudinary.com/yrqizhfy/image/upload/v1784917518/ChatGPT_Image_Jul_24_2026_09_24_52_PM_erjnim.png,Faculty of Pharmacy,"PharmD (Doctor of Pharmacy)
PharmD – Clinical Pharmacy",
Modern technology and information university( MTI ),"MTI University (Modern University for Technology & Information) is a leading private university in Egypt, established in 2004. It offers high-quality education across a wide range of disciplines, combining academic excellence with practical training, innovation, and modern technology. The university aims to prepare graduates with the knowledge, skills, and professional experience needed to succeed in local and international careers. MTI provides a dynamic learning environment, advanced facilities, and strong industry connections to support students' academic and personal development.","https://maps.google.com/?q=The+British+University+in+Egypt,+Knowledge+Hub+Universities,+New+Administrative+Capital,+Egypt",https://res.cloudinary.com/yrqizhfy/image/upload/v1784917518/ChatGPT_Image_Jul_24_2026_09_24_52_PM_erjnim.png,Faculty of Management and Business Intelligence,"Accounting
Business Administration
Economics
Management Information Systems (MIS)
Marketing
Business Intelligence",
Modern technology and information university( MTI ),"MTI University (Modern University for Technology & Information) is a leading private university in Egypt, established in 2004. It offers high-quality education across a wide range of disciplines, combining academic excellence with practical training, innovation, and modern technology. The university aims to prepare graduates with the knowledge, skills, and professional experience needed to succeed in local and international careers. MTI provides a dynamic learning environment, advanced facilities, and strong industry connections to support students' academic and personal development.","https://maps.google.com/?q=The+British+University+in+Egypt,+Knowledge+Hub+Universities,+New+Administrative+Capital,+Egypt",https://res.cloudinary.com/yrqizhfy/image/upload/v1784917518/ChatGPT_Image_Jul_24_2026_09_24_52_PM_erjnim.png,Faculty of Oral and Dental Medicine,"Orthodontics
Oral and Maxillofacial Surgery
Prosthodontics
Endodontics
Periodontology
Pediatric Dentistry
Oral Medicine
Oral Pathology
Dental Public Health",
Modern technology and information university( MTI ),"MTI University (Modern University for Technology & Information) is a leading private university in Egypt, established in 2004. It offers high-quality education across a wide range of disciplines, combining academic excellence with practical training, innovation, and modern technology. The university aims to prepare graduates with the knowledge, skills, and professional experience needed to succeed in local and international careers. MTI provides a dynamic learning environment, advanced facilities, and strong industry connections to support students' academic and personal development.","https://maps.google.com/?q=The+British+University+in+Egypt,+Knowledge+Hub+Universities,+New+Administrative+Capital,+Egypt",https://res.cloudinary.com/yrqizhfy/image/upload/v1784917518/ChatGPT_Image_Jul_24_2026_09_24_52_PM_erjnim.png,Faculty of Nursing,"Medical–Surgical Nursing
Critical Care Nursing
Pediatric Nursing
Obstetric and Gynecological Nursing
Psychiatric and Mental Health Nursing
Community Health Nursing
Nursing Administration
Geriatric Nursing",
Modern technology and information university( MTI ),"MTI University (Modern University for Technology & Information) is a leading private university in Egypt, established in 2004. It offers high-quality education across a wide range of disciplines, combining academic excellence with practical training, innovation, and modern technology. The university aims to prepare graduates with the knowledge, skills, and professional experience needed to succeed in local and international careers. MTI provides a dynamic learning environment, advanced facilities, and strong industry connections to support students' academic and personal development.","https://maps.google.com/?q=The+British+University+in+Egypt,+Knowledge+Hub+Universities,+New+Administrative+Capital,+Egypt",https://res.cloudinary.com/yrqizhfy/image/upload/v1784917518/ChatGPT_Image_Jul_24_2026_09_24_52_PM_erjnim.png,Faculty of Physical Therapy,"Orthopedic Physical Therapy
Neurological Physical Therapy
Pediatric Physical Therapy
Sports Physical Therapy
Cardiopulmonary Physical Therapy
Geriatric Physical Therapy
Women's Health Physical Therapy
Prosthetics and Orthotics",
Modern technology and information university( MTI ),"MTI University (Modern University for Technology & Information) is a leading private university in Egypt, established in 2004. It offers high-quality education across a wide range of disciplines, combining academic excellence with practical training, innovation, and modern technology. The university aims to prepare graduates with the knowledge, skills, and professional experience needed to succeed in local and international careers. MTI provides a dynamic learning environment, advanced facilities, and strong industry connections to support students' academic and personal development.","https://maps.google.com/?q=The+British+University+in+Egypt,+Knowledge+Hub+Universities,+New+Administrative+Capital,+Egypt",https://res.cloudinary.com/yrqizhfy/image/upload/v1784917518/ChatGPT_Image_Jul_24_2026_09_24_52_PM_erjnim.png,Faculty of Medicine,"Internal Medicine
General Surgery
Pediatrics
Obstetrics and Gynecology
Cardiology
Neurology
Dermatology
Psychiatry
Radiology
Anesthesiology
Emergency Medicine
Family Medicine
Ophthalmology
Otorhinolaryngology (ENT)
Orthopedic Surgery
Urology
Oncology
Pathology
Microbiology
Public Health",
MSA University,"MSA University (October University for Modern Sciences and Arts) is one of Egypt’s leading private universities, established in 1996 by Prof. Dr. Nawal El Degwi. It offers high-quality education through modern academic programs and strong partnerships with leading British universities. MSA focuses on academic excellence, innovation, scientific research, and practical learning, helping students develop the knowledge and skills needed to succeed in both local and international careers. The university provides a modern campus, advanced laboratories, and a vibrant student life that supports personal and professional growth.","https://maps.google.com/?q=The+British+University+in+Egypt,+Knowledge+Hub+Universities,+New+Administrative+Capital,+Egypt",https://res.cloudinary.com/yrqizhfy/image/upload/v1784916516/msa_k2ifnb.jpg,Faculty of Dentistry,Dentistry,
MSA University,"MSA University (October University for Modern Sciences and Arts) is one of Egypt’s leading private universities, established in 1996 by Prof. Dr. Nawal El Degwi. It offers high-quality education through modern academic programs and strong partnerships with leading British universities. MSA focuses on academic excellence, innovation, scientific research, and practical learning, helping students develop the knowledge and skills needed to succeed in both local and international careers. The university provides a modern campus, advanced laboratories, and a vibrant student life that supports personal and professional growth.","https://maps.google.com/?q=The+British+University+in+Egypt,+Knowledge+Hub+Universities,+New+Administrative+Capital,+Egypt",https://res.cloudinary.com/yrqizhfy/image/upload/v1784916516/msa_k2ifnb.jpg,Faculty of Pharmacy,"Clinical Pharmacy
Pharmacy (PharmD)",
MSA University,"MSA University (October University for Modern Sciences and Arts) is one of Egypt’s leading private universities, established in 1996 by Prof. Dr. Nawal El Degwi. It offers high-quality education through modern academic programs and strong partnerships with leading British universities. MSA focuses on academic excellence, innovation, scientific research, and practical learning, helping students develop the knowledge and skills needed to succeed in both local and international careers. The university provides a modern campus, advanced laboratories, and a vibrant student life that supports personal and professional growth.","https://maps.google.com/?q=The+British+University+in+Egypt,+Knowledge+Hub+Universities,+New+Administrative+Capital,+Egypt",https://res.cloudinary.com/yrqizhfy/image/upload/v1784916516/msa_k2ifnb.jpg,Faculty of Biotechnology,"Biotechnology
",
MSA University,"MSA University (October University for Modern Sciences and Arts) is one of Egypt’s leading private universities, established in 1996 by Prof. Dr. Nawal El Degwi. It offers high-quality education through modern academic programs and strong partnerships with leading British universities. MSA focuses on academic excellence, innovation, scientific research, and practical learning, helping students develop the knowledge and skills needed to succeed in both local and international careers. The university provides a modern campus, advanced laboratories, and a vibrant student life that supports personal and professional growth.","https://maps.google.com/?q=The+British+University+in+Egypt,+Knowledge+Hub+Universities,+New+Administrative+Capital,+Egypt",https://res.cloudinary.com/yrqizhfy/image/upload/v1784916516/msa_k2ifnb.jpg,Faculty of Engineering,"Architectural Systems Engineering
Civil Engineering Systems
Computer Systems Engineering
Electrical Communication and Electronics Systems Engineering
Industrial Systems Engineering
Mechatronics Systems Engineering",
MSA University,"MSA University (October University for Modern Sciences and Arts) is one of Egypt’s leading private universities, established in 1996 by Prof. Dr. Nawal El Degwi. It offers high-quality education through modern academic programs and strong partnerships with leading British universities. MSA focuses on academic excellence, innovation, scientific research, and practical learning, helping students develop the knowledge and skills needed to succeed in both local and international careers. The university provides a modern campus, advanced laboratories, and a vibrant student life that supports personal and professional growth.","https://maps.google.com/?q=The+British+University+in+Egypt,+Knowledge+Hub+Universities,+New+Administrative+Capital,+Egypt",https://res.cloudinary.com/yrqizhfy/image/upload/v1784916516/msa_k2ifnb.jpg,Faculty of Computer Science,"Computer Science
Software Engineering",
MSA University,"MSA University (October University for Modern Sciences and Arts) is one of Egypt’s leading private universities, established in 1996 by Prof. Dr. Nawal El Degwi. It offers high-quality education through modern academic programs and strong partnerships with leading British universities. MSA focuses on academic excellence, innovation, scientific research, and practical learning, helping students develop the knowledge and skills needed to succeed in both local and international careers. The university provides a modern campus, advanced laboratories, and a vibrant student life that supports personal and professional growth.","https://maps.google.com/?q=The+British+University+in+Egypt,+Knowledge+Hub+Universities,+New+Administrative+Capital,+Egypt",https://res.cloudinary.com/yrqizhfy/image/upload/v1784916516/msa_k2ifnb.jpg,Faculty of Mass Communication,"Journalism
Radio and Television
Public Relations and Advertising
Digital Media",
MSA University,"MSA University (October University for Modern Sciences and Arts) is one of Egypt’s leading private universities, established in 1996 by Prof. Dr. Nawal El Degwi. It offers high-quality education through modern academic programs and strong partnerships with leading British universities. MSA focuses on academic excellence, innovation, scientific research, and practical learning, helping students develop the knowledge and skills needed to succeed in both local and international careers. The university provides a modern campus, advanced laboratories, and a vibrant student life that supports personal and professional growth.","https://maps.google.com/?q=The+British+University+in+Egypt,+Knowledge+Hub+Universities,+New+Administrative+Capital,+Egypt",https://res.cloudinary.com/yrqizhfy/image/upload/v1784916516/msa_k2ifnb.jpg,Faculty of Arts and Design,"Graphic Design
Interior Design
Fashion Design",
MSA University,"MSA University (October University for Modern Sciences and Arts) is one of Egypt’s leading private universities, established in 1996 by Prof. Dr. Nawal El Degwi. It offers high-quality education through modern academic programs and strong partnerships with leading British universities. MSA focuses on academic excellence, innovation, scientific research, and practical learning, helping students develop the knowledge and skills needed to succeed in both local and international careers. The university provides a modern campus, advanced laboratories, and a vibrant student life that supports personal and professional growth.","https://maps.google.com/?q=The+British+University+in+Egypt,+Knowledge+Hub+Universities,+New+Administrative+Capital,+Egypt",https://res.cloudinary.com/yrqizhfy/image/upload/v1784916516/msa_k2ifnb.jpg,Faculty of Management Sciences,"Accounting
Business Administration
Economics
Marketing
Finance",
MSA University,"MSA University (October University for Modern Sciences and Arts) is one of Egypt’s leading private universities, established in 1996 by Prof. Dr. Nawal El Degwi. It offers high-quality education through modern academic programs and strong partnerships with leading British universities. MSA focuses on academic excellence, innovation, scientific research, and practical learning, helping students develop the knowledge and skills needed to succeed in both local and international careers. The university provides a modern campus, advanced laboratories, and a vibrant student life that supports personal and professional growth.","https://maps.google.com/?q=The+British+University+in+Egypt,+Knowledge+Hub+Universities,+New+Administrative+Capital,+Egypt",https://res.cloudinary.com/yrqizhfy/image/upload/v1784916516/msa_k2ifnb.jpg,Faculty of Languages,"English Language
German Language
Translation
Simultaneous Interpretation",
MSA University,"MSA University (October University for Modern Sciences and Arts) is one of Egypt’s leading private universities, established in 1996 by Prof. Dr. Nawal El Degwi. It offers high-quality education through modern academic programs and strong partnerships with leading British universities. MSA focuses on academic excellence, innovation, scientific research, and practical learning, helping students develop the knowledge and skills needed to succeed in both local and international careers. The university provides a modern campus, advanced laboratories, and a vibrant student life that supports personal and professional growth.","https://maps.google.com/?q=The+British+University+in+Egypt,+Knowledge+Hub+Universities,+New+Administrative+Capital,+Egypt",https://res.cloudinary.com/yrqizhfy/image/upload/v1784916516/msa_k2ifnb.jpg,Faculty of Physical Therapy,Physical Therapy,
Alamein international university,"Alamein International University (AIU) is a modern national university in New Alamein City, Egypt. It offers high-quality education through internationally aligned programs in medicine, engineering, business, computer science, arts, and many other fields. AIU focuses on innovation, research, practical learning, and preparing graduates for the global job market.","https://maps.google.com/?q=The+British+University+in+Egypt,+Knowledge+Hub+Universities,+New+Administrative+Capital,+Egypt",https://res.cloudinary.com/yrqizhfy/image/upload/v1784916506/AIU_euau7e.jpg,Faculty of Business,"Accounting & Information Systems
Marketing
Logistics & Supply Chain Management",
Alamein international university,"Alamein International University (AIU) is a modern national university in New Alamein City, Egypt. It offers high-quality education through internationally aligned programs in medicine, engineering, business, computer science, arts, and many other fields. AIU focuses on innovation, research, practical learning, and preparing graduates for the global job market.","https://maps.google.com/?q=The+British+University+in+Egypt,+Knowledge+Hub+Universities,+New+Administrative+Capital,+Egypt",https://res.cloudinary.com/yrqizhfy/image/upload/v1784916506/AIU_euau7e.jpg,Faculty of Computer Science and Engineering,"Computer Science
Computer Science (in association with the University of Louisville)
Artificial Intelligence Science
Biomedical Informatics
Information Technology",
Alamein international university,"Alamein International University (AIU) is a modern national university in New Alamein City, Egypt. It offers high-quality education through internationally aligned programs in medicine, engineering, business, computer science, arts, and many other fields. AIU focuses on innovation, research, practical learning, and preparing graduates for the global job market.","https://maps.google.com/?q=The+British+University+in+Egypt,+Knowledge+Hub+Universities,+New+Administrative+Capital,+Egypt",https://res.cloudinary.com/yrqizhfy/image/upload/v1784916506/AIU_euau7e.jpg,Faculty of Engineering,"Architectural Design and Digital Architecture
Biomedical Engineering
Mechatronics Engineering
Electronics and Communications Engineering
Petroleum and Gas Engineering
Engineering and Construction Management
Environmental Architecture and Technology",
Alamein international university,"Alamein International University (AIU) is a modern national university in New Alamein City, Egypt. It offers high-quality education through internationally aligned programs in medicine, engineering, business, computer science, arts, and many other fields. AIU focuses on innovation, research, practical learning, and preparing graduates for the global job market.","https://maps.google.com/?q=The+British+University+in+Egypt,+Knowledge+Hub+Universities,+New+Administrative+Capital,+Egypt",https://res.cloudinary.com/yrqizhfy/image/upload/v1784916506/AIU_euau7e.jpg,Faculty of Dental Medicine,"Oral and Maxillofacial Surgery
Orthodontics
Prosthodontics
Conservative Dentistry
Endodontics
Periodontology
Oral Medicine
Oral Pathology
Oral Biology
Pediatric Dentistry
Oral Radiology
Dental Biomaterials
Community Dentistry",
Alamein international university,"Alamein International University (AIU) is a modern national university in New Alamein City, Egypt. It offers high-quality education through internationally aligned programs in medicine, engineering, business, computer science, arts, and many other fields. AIU focuses on innovation, research, practical learning, and preparing graduates for the global job market.","https://maps.google.com/?q=The+British+University+in+Egypt,+Knowledge+Hub+Universities,+New+Administrative+Capital,+Egypt",https://res.cloudinary.com/yrqizhfy/image/upload/v1784916506/AIU_euau7e.jpg,Faculty of Pharmacy Sciences,"Medicinal Chemistry
Pharmacognosy
Pharmaceutics & Industrial Pharmacy
Microbiology & Immunology
Pharmacology & Toxicology
Biochemistry
Pharmacy Practice & Clinical Pharmacy",
Alamein international university,"Alamein International University (AIU) is a modern national university in New Alamein City, Egypt. It offers high-quality education through internationally aligned programs in medicine, engineering, business, computer science, arts, and many other fields. AIU focuses on innovation, research, practical learning, and preparing graduates for the global job market.","https://maps.google.com/?q=The+British+University+in+Egypt,+Knowledge+Hub+Universities,+New+Administrative+Capital,+Egypt",https://res.cloudinary.com/yrqizhfy/image/upload/v1784916506/AIU_euau7e.jpg,Faculty of Physical Therapy,"Basic Sciences for Physical Therapy
Biomechanics
Physical Therapy for Internal Medicine and Geriatrics
Physical Therapy for Surgery and Burns
Physical Therapy for Orthopaedics
Physical Therapy for Woman Health
Physical Therapy for Pediatric Disorders and Its Surgery
Neurorehabilitation",
Alamein international university,"Alamein International University (AIU) is a modern national university in New Alamein City, Egypt. It offers high-quality education through internationally aligned programs in medicine, engineering, business, computer science, arts, and many other fields. AIU focuses on innovation, research, practical learning, and preparing graduates for the global job market.","https://maps.google.com/?q=The+British+University+in+Egypt,+Knowledge+Hub+Universities,+New+Administrative+Capital,+Egypt",https://res.cloudinary.com/yrqizhfy/image/upload/v1784916506/AIU_euau7e.jpg,Faculty of Public Health Sciences,"Global Health
Environmental Health
Epidemiology and Biostatistics
Healthcare Management
Public Health Nutrition
Public Health Genetics",
Alamein international university,"Alamein International University (AIU) is a modern national university in New Alamein City, Egypt. It offers high-quality education through internationally aligned programs in medicine, engineering, business, computer science, arts, and many other fields. AIU focuses on innovation, research, practical learning, and preparing graduates for the global job market.","https://maps.google.com/?q=The+British+University+in+Egypt,+Knowledge+Hub+Universities,+New+Administrative+Capital,+Egypt",https://res.cloudinary.com/yrqizhfy/image/upload/v1784916506/AIU_euau7e.jpg,Faculty of Advanced Basic Sciences,"Molecular Biotechnology
Industrial Chemistry
Sustainable Energy",
Alamein international university,"Alamein International University (AIU) is a modern national university in New Alamein City, Egypt. It offers high-quality education through internationally aligned programs in medicine, engineering, business, computer science, arts, and many other fields. AIU focuses on innovation, research, practical learning, and preparing graduates for the global job market.","https://maps.google.com/?q=The+British+University+in+Egypt,+Knowledge+Hub+Universities,+New+Administrative+Capital,+Egypt",https://res.cloudinary.com/yrqizhfy/image/upload/v1784916506/AIU_euau7e.jpg,Faculty of Arts and Design,"Advertising & Communication
Game Design
Interior Design
Apparel Design
Graphic Design & Branding
Visual Art",
Alamein international university,"Alamein International University (AIU) is a modern national university in New Alamein City, Egypt. It offers high-quality education through internationally aligned programs in medicine, engineering, business, computer science, arts, and many other fields. AIU focuses on innovation, research, practical learning, and preparing graduates for the global job market.","https://maps.google.com/?q=The+British+University+in+Egypt,+Knowledge+Hub+Universities,+New+Administrative+Capital,+Egypt",https://res.cloudinary.com/yrqizhfy/image/upload/v1784916506/AIU_euau7e.jpg,Faculty of International Legal Studies,"Department of Public Law
Department of Private Law
Department of International Law",
,,,,,,
Galala University,"Galala University (GU) is a modern national university located in Galala City, Egypt. It offers high-quality education through internationally aligned programs in medicine, engineering, business, computer science, arts, and many other disciplines. The university emphasizes innovation, research, practical training, and entrepreneurship to prepare graduates for successful careers in Egypt and around the world.","https://maps.google.com/?q=The+British+University+in+Egypt,+Knowledge+Hub+Universities,+New+Administrative+Capital,+Egypt",https://res.cloudinary.com/yrqizhfy/image/upload/v1784916511/galala_wfjswq.jpg,Faculty of Medicine,Medicine and Surgery,
Galala University,"Galala University (GU) is a modern national university located in Galala City, Egypt. It offers high-quality education through internationally aligned programs in medicine, engineering, business, computer science, arts, and many other disciplines. The university emphasizes innovation, research, practical training, and entrepreneurship to prepare graduates for successful careers in Egypt and around the world.","https://maps.google.com/?q=The+British+University+in+Egypt,+Knowledge+Hub+Universities,+New+Administrative+Capital,+Egypt",https://res.cloudinary.com/yrqizhfy/image/upload/v1784916511/galala_wfjswq.jpg,Faculty of Dentistry,Dentistry,
Galala University,"Galala University (GU) is a modern national university located in Galala City, Egypt. It offers high-quality education through internationally aligned programs in medicine, engineering, business, computer science, arts, and many other disciplines. The university emphasizes innovation, research, practical training, and entrepreneurship to prepare graduates for successful careers in Egypt and around the world.","https://maps.google.com/?q=The+British+University+in+Egypt,+Knowledge+Hub+Universities,+New+Administrative+Capital,+Egypt",https://res.cloudinary.com/yrqizhfy/image/upload/v1784916511/galala_wfjswq.jpg,Faculty of Pharmacy,"Pharm D
Clinical Pharmacy",
Galala University,"Galala University (GU) is a modern national university located in Galala City, Egypt. It offers high-quality education through internationally aligned programs in medicine, engineering, business, computer science, arts, and many other disciplines. The university emphasizes innovation, research, practical training, and entrepreneurship to prepare graduates for successful careers in Egypt and around the world.","https://maps.google.com/?q=The+British+University+in+Egypt,+Knowledge+Hub+Universities,+New+Administrative+Capital,+Egypt",https://res.cloudinary.com/yrqizhfy/image/upload/v1784916511/galala_wfjswq.jpg,Faculty of Physical Therapy,,
Galala University,"Galala University (GU) is a modern national university located in Galala City, Egypt. It offers high-quality education through internationally aligned programs in medicine, engineering, business, computer science, arts, and many other disciplines. The university emphasizes innovation, research, practical training, and entrepreneurship to prepare graduates for successful careers in Egypt and around the world.","https://maps.google.com/?q=The+British+University+in+Egypt,+Knowledge+Hub+Universities,+New+Administrative+Capital,+Egypt",https://res.cloudinary.com/yrqizhfy/image/upload/v1784916511/galala_wfjswq.jpg,Faculty of Nursing,Nursing,
Galala University,"Galala University (GU) is a modern national university located in Galala City, Egypt. It offers high-quality education through internationally aligned programs in medicine, engineering, business, computer science, arts, and many other disciplines. The university emphasizes innovation, research, practical training, and entrepreneurship to prepare graduates for successful careers in Egypt and around the world.","https://maps.google.com/?q=The+British+University+in+Egypt,+Knowledge+Hub+Universities,+New+Administrative+Capital,+Egypt",https://res.cloudinary.com/yrqizhfy/image/upload/v1784916511/galala_wfjswq.jpg,Faculty of Applied Health Sciences Technology,,
Galala University,"Galala University (GU) is a modern national university located in Galala City, Egypt. It offers high-quality education through internationally aligned programs in medicine, engineering, business, computer science, arts, and many other disciplines. The university emphasizes innovation, research, practical training, and entrepreneurship to prepare graduates for successful careers in Egypt and around the world.","https://maps.google.com/?q=The+British+University+in+Egypt,+Knowledge+Hub+Universities,+New+Administrative+Capital,+Egypt",https://res.cloudinary.com/yrqizhfy/image/upload/v1784916511/galala_wfjswq.jpg,Faculty of Engineering,"Civil Engineering
Architectural Engineering
Mechanical Engineering
Electrical Engineering
Mechatronics Engineering
Computer Engineering",
Galala University,"Galala University (GU) is a modern national university located in Galala City, Egypt. It offers high-quality education through internationally aligned programs in medicine, engineering, business, computer science, arts, and many other disciplines. The university emphasizes innovation, research, practical training, and entrepreneurship to prepare graduates for successful careers in Egypt and around the world.","https://maps.google.com/?q=The+British+University+in+Egypt,+Knowledge+Hub+Universities,+New+Administrative+Capital,+Egypt",https://res.cloudinary.com/yrqizhfy/image/upload/v1784916511/galala_wfjswq.jpg,Faculty of Computer Science,"Computer Science
Artificial Intelligence
Data Science
Cybersecurity
Software Engineering",
Galala University,"Galala University (GU) is a modern national university located in Galala City, Egypt. It offers high-quality education through internationally aligned programs in medicine, engineering, business, computer science, arts, and many other disciplines. The university emphasizes innovation, research, practical training, and entrepreneurship to prepare graduates for successful careers in Egypt and around the world.","https://maps.google.com/?q=The+British+University+in+Egypt,+Knowledge+Hub+Universities,+New+Administrative+Capital,+Egypt",https://res.cloudinary.com/yrqizhfy/image/upload/v1784916511/galala_wfjswq.jpg,Faculty of Administrative Sciences,"Business Administration
Accounting
Finance
Marketing
Human Resources Management
Logistics and Supply Chain Management",
Galala University,"Galala University (GU) is a modern national university located in Galala City, Egypt. It offers high-quality education through internationally aligned programs in medicine, engineering, business, computer science, arts, and many other disciplines. The university emphasizes innovation, research, practical training, and entrepreneurship to prepare graduates for successful careers in Egypt and around the world.","https://maps.google.com/?q=The+British+University+in+Egypt,+Knowledge+Hub+Universities,+New+Administrative+Capital,+Egypt",https://res.cloudinary.com/yrqizhfy/image/upload/v1784916511/galala_wfjswq.jpg,Faculty of Social and Human Sciences,"Psychology
Sociology
Political Science
Economics
Media",
Galala University,"Galala University (GU) is a modern national university located in Galala City, Egypt. It offers high-quality education through internationally aligned programs in medicine, engineering, business, computer science, arts, and many other disciplines. The university emphasizes innovation, research, practical training, and entrepreneurship to prepare graduates for successful careers in Egypt and around the world.","https://maps.google.com/?q=The+British+University+in+Egypt,+Knowledge+Hub+Universities,+New+Administrative+Capital,+Egypt",https://res.cloudinary.com/yrqizhfy/image/upload/v1784916511/galala_wfjswq.jpg,Faculty of Art and Design,"Graphic Design
Interior Design
Fashion Design
Product Design
Animation",
Galala University,"Galala University (GU) is a modern national university located in Galala City, Egypt. It offers high-quality education through internationally aligned programs in medicine, engineering, business, computer science, arts, and many other disciplines. The university emphasizes innovation, research, practical training, and entrepreneurship to prepare graduates for successful careers in Egypt and around the world.","https://maps.google.com/?q=The+British+University+in+Egypt,+Knowledge+Hub+Universities,+New+Administrative+Capital,+Egypt",https://res.cloudinary.com/yrqizhfy/image/upload/v1784916511/galala_wfjswq.jpg,Faculty of Media Production,"Film Production
Television Production
Radio Production
Digital Media
Multimedia",
Galala University,"Galala University (GU) is a modern national university located in Galala City, Egypt. It offers high-quality education through internationally aligned programs in medicine, engineering, business, computer science, arts, and many other disciplines. The university emphasizes innovation, research, practical training, and entrepreneurship to prepare graduates for successful careers in Egypt and around the world.","https://maps.google.com/?q=The+British+University+in+Egypt,+Knowledge+Hub+Universities,+New+Administrative+Capital,+Egypt",https://res.cloudinary.com/yrqizhfy/image/upload/v1784916511/galala_wfjswq.jpg,Faculty of Basic Sciences,"Mathematics
Physics
Chemistry
Biology",
Galala University,"Galala University (GU) is a modern national university located in Galala City, Egypt. It offers high-quality education through internationally aligned programs in medicine, engineering, business, computer science, arts, and many other disciplines. The university emphasizes innovation, research, practical training, and entrepreneurship to prepare graduates for successful careers in Egypt and around the world.","https://maps.google.com/?q=The+British+University+in+Egypt,+Knowledge+Hub+Universities,+New+Administrative+Capital,+Egypt",https://res.cloudinary.com/yrqizhfy/image/upload/v1784916511/galala_wfjswq.jpg,Faculty of Food Industries,"Food Science
Food Technology
Food Safety
Nutrition",
New Valley University,"New Valley National University (NVNU) is a non-profit national smart university located in Kharga City, New Valley Governorate, Egypt. It was established by Presidential Decree No. 249 of 2025 to provide high-quality education based on international academic standards. The university offers modern academic programs designed to meet the needs of the local and global labor market while encouraging creativity, innovation, and scientific research. NVNU provides advanced facilities, including modern laboratories, smart classrooms, research centers, and student services, creating an excellent learning environment for students. The university aims to prepare qualified graduates who can contribute to sustainable development and compete successfully at both regional and international levels.","https://maps.google.com/?q=The+British+University+in+Egypt,+Knowledge+Hub+Universities,+New+Administrative+Capital,+Egypt",https://res.cloudinary.com/yrqizhfy/image/upload/v1784916516/New_vallet_n1piet.jpg,Faculty of Pharmacy,"   Pharm D – General Pharmacy
 Pharm D Clinical – Advanced Clinical Pharmacy
",
New Valley University,"New Valley National University (NVNU) is a non-profit national smart university located in Kharga City, New Valley Governorate, Egypt. It was established by Presidential Decree No. 249 of 2025 to provide high-quality education based on international academic standards. The university offers modern academic programs designed to meet the needs of the local and global labor market while encouraging creativity, innovation, and scientific research. NVNU provides advanced facilities, including modern laboratories, smart classrooms, research centers, and student services, creating an excellent learning environment for students. The university aims to prepare qualified graduates who can contribute to sustainable development and compete successfully at both regional and international levels.","https://maps.google.com/?q=The+British+University+in+Egypt,+Knowledge+Hub+Universities,+New+Administrative+Capital,+Egypt",https://res.cloudinary.com/yrqizhfy/image/upload/v1784916516/New_vallet_n1piet.jpg,Faculty of Veterinary Medicine,Veterinary Medicine,
New Valley University,"New Valley National University (NVNU) is a non-profit national smart university located in Kharga City, New Valley Governorate, Egypt. It was established by Presidential Decree No. 249 of 2025 to provide high-quality education based on international academic standards. The university offers modern academic programs designed to meet the needs of the local and global labor market while encouraging creativity, innovation, and scientific research. NVNU provides advanced facilities, including modern laboratories, smart classrooms, research centers, and student services, creating an excellent learning environment for students. The university aims to prepare qualified graduates who can contribute to sustainable development and compete successfully at both regional and international levels.","https://maps.google.com/?q=The+British+University+in+Egypt,+Knowledge+Hub+Universities,+New+Administrative+Capital,+Egypt",https://res.cloudinary.com/yrqizhfy/image/upload/v1784916516/New_vallet_n1piet.jpg,Faculty of Science,"Biochemistry
 Industrial Applied Chemistry
 Chemistry and Forensic Evidence
 Biophysics and Medical Physics
 New and Renewable Energy
 Artificial Intelligence and Data Science
 Petroleum and Mining
 Engineering Geology and Remote Sensing
 Microbial Biotechnology and Molecular Biology",
New Valley  University,"New Valley National University (NVNU) is a non-profit national smart university located in Kharga City, New Valley Governorate, Egypt. It was established by Presidential Decree No. 249 of 2025 to provide high-quality education based on international academic standards. The university offers modern academic programs designed to meet the needs of the local and global labor market while encouraging creativity, innovation, and scientific research. NVNU provides advanced facilities, including modern laboratories, smart classrooms, research centers, and student services, creating an excellent learning environment for students. The university aims to prepare qualified graduates who can contribute to sustainable development and compete successfully at both regional and international levels.","https://maps.google.com/?q=The+British+University+in+Egypt,+Knowledge+Hub+Universities,+New+Administrative+Capital,+Egypt",https://res.cloudinary.com/yrqizhfy/image/upload/v1784916516/New_vallet_n1piet.jpg,Faculty of Agriculture,"Desert Land Reclamation and Cultivation
 Agricultural Biotechnology
 Smart Management of Animal and Poultry Production Farms
 Smart Management of Agricultural Projects
 Smart Pest Control",
New Valley University,"New Valley National University (NVNU) is a non-profit national smart university located in Kharga City, New Valley Governorate, Egypt. It was established by Presidential Decree No. 249 of 2025 to provide high-quality education based on international academic standards. The university offers modern academic programs designed to meet the needs of the local and global labor market while encouraging creativity, innovation, and scientific research. NVNU provides advanced facilities, including modern laboratories, smart classrooms, research centers, and student services, creating an excellent learning environment for students. The university aims to prepare qualified graduates who can contribute to sustainable development and compete successfully at both regional and international levels.","https://maps.google.com/?q=The+British+University+in+Egypt,+Knowledge+Hub+Universities,+New+Administrative+Capital,+Egypt",https://res.cloudinary.com/yrqizhfy/image/upload/v1784916516/New_vallet_n1piet.jpg,Faculty of Languages and Human Sciences,"Simultaneous Interpretation
 Oriental Languages
 Geomatics
 Population Studies
 Islamic and Coptic Studies",
Nahda University,"Nahda University in Beni Suef (NUB) is the first private university established in Upper Egypt. Founded in 2006, the university is located in East Beni Suef City on the Cairo–Beni Suef Road. NUB is committed to providing high-quality education through modern teaching methods, advanced facilities, and distinguished academic staff. The university offers a wide range of academic programs in different fields to prepare students for the local and international job market. In addition to academic excellence, NUB encourages research, innovation, community service, and student activities, helping graduates develop the knowledge and skills needed to become future leaders.","https://maps.google.com/?q=The+British+University+in+Egypt,+Knowledge+Hub+Universities,+New+Administrative+Capital,+Egypt",https://res.cloudinary.com/yrqizhfy/image/upload/v1784916515/nahda_ubd6xk.jpg,Faculty of Business Administration,"Accounting
Marketing
 Finance and Investment
 Human Resources Management
 Business Information Systems (BIS)",
Nahda University,"Nahda University in Beni Suef (NUB) is the first private university established in Upper Egypt. Founded in 2006, the university is located in East Beni Suef City on the Cairo–Beni Suef Road. NUB is committed to providing high-quality education through modern teaching methods, advanced facilities, and distinguished academic staff. The university offers a wide range of academic programs in different fields to prepare students for the local and international job market. In addition to academic excellence, NUB encourages research, innovation, community service, and student activities, helping graduates develop the knowledge and skills needed to become future leaders.","https://maps.google.com/?q=The+British+University+in+Egypt,+Knowledge+Hub+Universities,+New+Administrative+Capital,+Egypt",https://res.cloudinary.com/yrqizhfy/image/upload/v1784916515/nahda_ubd6xk.jpg,Faculty of Computer Science," Computer Science (CS)
 Artificial Intelligence (AI)
 Information Systems (IS)",
Nahda University,"Nahda University in Beni Suef (NUB) is the first private university established in Upper Egypt. Founded in 2006, the university is located in East Beni Suef City on the Cairo–Beni Suef Road. NUB is committed to providing high-quality education through modern teaching methods, advanced facilities, and distinguished academic staff. The university offers a wide range of academic programs in different fields to prepare students for the local and international job market. In addition to academic excellence, NUB encourages research, innovation, community service, and student activities, helping graduates develop the knowledge and skills needed to become future leaders.","https://maps.google.com/?q=The+British+University+in+Egypt,+Knowledge+Hub+Universities,+New+Administrative+Capital,+Egypt",https://res.cloudinary.com/yrqizhfy/image/upload/v1784916515/nahda_ubd6xk.jpg,Faculty of Engineering,"Architecture Engineering
Civil Engineering
Electrical and Renewable Energy Engineering Communications and Computer Engineering
Mechatronics Engineering",
Nahda University,"Nahda University in Beni Suef (NUB) is the first private university established in Upper Egypt. Founded in 2006, the university is located in East Beni Suef City on the Cairo–Beni Suef Road. NUB is committed to providing high-quality education through modern teaching methods, advanced facilities, and distinguished academic staff. The university offers a wide range of academic programs in different fields to prepare students for the local and international job market. In addition to academic excellence, NUB encourages research, innovation, community service, and student activities, helping graduates develop the knowledge and skills needed to become future leaders.","https://maps.google.com/?q=The+British+University+in+Egypt,+Knowledge+Hub+Universities,+New+Administrative+Capital,+Egypt",https://res.cloudinary.com/yrqizhfy/image/upload/v1784916515/nahda_ubd6xk.jpg,Faculty of Oral & Dental Medicine,"Oral Medicine and Periodontology
Conservative Dentistry
Prosthodontics
Orthodontics
Oral and Maxillofacial Surgery
Pediatric Dentistry
Endodontics",
Nahda University,"Nahda University in Beni Suef (NUB) is the first private university established in Upper Egypt. Founded in 2006, the university is located in East Beni Suef City on the Cairo–Beni Suef Road. NUB is committed to providing high-quality education through modern teaching methods, advanced facilities, and distinguished academic staff. The university offers a wide range of academic programs in different fields to prepare students for the local and international job market. In addition to academic excellence, NUB encourages research, innovation, community service, and student activities, helping graduates develop the knowledge and skills needed to become future leaders.","https://maps.google.com/?q=The+British+University+in+Egypt,+Knowledge+Hub+Universities,+New+Administrative+Capital,+Egypt",https://res.cloudinary.com/yrqizhfy/image/upload/v1784916515/nahda_ubd6xk.jpg,Faculty of Pharmacy,"PharmD Program
Clinical Pharmacy (PharmD Clinical)",
Nahda University,"Nahda University in Beni Suef (NUB) is the first private university established in Upper Egypt. Founded in 2006, the university is located in East Beni Suef City on the Cairo–Beni Suef Road. NUB is committed to providing high-quality education through modern teaching methods, advanced facilities, and distinguished academic staff. The university offers a wide range of academic programs in different fields to prepare students for the local and international job market. In addition to academic excellence, NUB encourages research, innovation, community service, and student activities, helping graduates develop the knowledge and skills needed to become future leaders.","https://maps.google.com/?q=The+British+University+in+Egypt,+Knowledge+Hub+Universities,+New+Administrative+Capital,+Egypt",https://res.cloudinary.com/yrqizhfy/image/upload/v1784916515/nahda_ubd6xk.jpg,Faculty of Physical Therapy,"Musculoskeletal Physical Therapy
Neurological Physical Therapy
Pediatric Physical Therapy
Cardiopulmonary Physical Therapy
Sports Physical Therapy",
Nahda University,"Nahda University in Beni Suef (NUB) is the first private university established in Upper Egypt. Founded in 2006, the university is located in East Beni Suef City on the Cairo–Beni Suef Road. NUB is committed to providing high-quality education through modern teaching methods, advanced facilities, and distinguished academic staff. The university offers a wide range of academic programs in different fields to prepare students for the local and international job market. In addition to academic excellence, NUB encourages research, innovation, community service, and student activities, helping graduates develop the knowledge and skills needed to become future leaders.","https://maps.google.com/?q=The+British+University+in+Egypt,+Knowledge+Hub+Universities,+New+Administrative+Capital,+Egypt",https://res.cloudinary.com/yrqizhfy/image/upload/v1784916515/nahda_ubd6xk.jpg,Faculty of Medicine,"Anatomy
Physiology
Biochemistry
Pathology
Pharmacology
Microbiology
Surgery
Internal Medicine
Pediatrics
Obstetrics & Gynecology
Radiology
Cardiology
Dermatology
Psychiatry
Neurology
Orthopedics
Ophthalmology
ENT
Family Medicine, and other clinical specialties.",
Nahda University,"Nahda University in Beni Suef (NUB) is the first private university established in Upper Egypt. Founded in 2006, the university is located in East Beni Suef City on the Cairo–Beni Suef Road. NUB is committed to providing high-quality education through modern teaching methods, advanced facilities, and distinguished academic staff. The university offers a wide range of academic programs in different fields to prepare students for the local and international job market. In addition to academic excellence, NUB encourages research, innovation, community service, and student activities, helping graduates develop the knowledge and skills needed to become future leaders.","https://maps.google.com/?q=The+British+University+in+Egypt,+Knowledge+Hub+Universities,+New+Administrative+Capital,+Egypt",https://res.cloudinary.com/yrqizhfy/image/upload/v1784916515/nahda_ubd6xk.jpg,Faculty of Nursing,"Medical-Surgical Nursing
Pediatric Nursing
Critical Care Nursing
Community Health Nursing
Obstetrics and Gynecological Nursing",
Nahda University,"Nahda University in Beni Suef (NUB) is the first private university established in Upper Egypt. Founded in 2006, the university is located in East Beni Suef City on the Cairo–Beni Suef Road. NUB is committed to providing high-quality education through modern teaching methods, advanced facilities, and distinguished academic staff. The university offers a wide range of academic programs in different fields to prepare students for the local and international job market. In addition to academic excellence, NUB encourages research, innovation, community service, and student activities, helping graduates develop the knowledge and skills needed to become future leaders.","https://maps.google.com/?q=The+British+University+in+Egypt,+Knowledge+Hub+Universities,+New+Administrative+Capital,+Egypt",https://res.cloudinary.com/yrqizhfy/image/upload/v1784916515/nahda_ubd6xk.jpg,Faculty of Mass Communication & Applied Languages,"Mass Communication:

Journalism
Radio and Television
Public Relations and Advertising

Applied Languages:

English Language
Translation",
Nahda University,"Nahda University in Beni Suef (NUB) is the first private university established in Upper Egypt. Founded in 2006, the university is located in East Beni Suef City on the Cairo–Beni Suef Road. NUB is committed to providing high-quality education through modern teaching methods, advanced facilities, and distinguished academic staff. The university offers a wide range of academic programs in different fields to prepare students for the local and international job market. In addition to academic excellence, NUB encourages research, innovation, community service, and student activities, helping graduates develop the knowledge and skills needed to become future leaders.","https://maps.google.com/?q=The+British+University+in+Egypt,+Knowledge+Hub+Universities,+New+Administrative+Capital,+Egypt",https://res.cloudinary.com/yrqizhfy/image/upload/v1784916515/nahda_ubd6xk.jpg,Faculty of Fine Arts,"*Decor
Interior Architecture  
ScenInterior 
*Visual Communication
Graphic Design
 Media and Communication Arts
   Animation
*Visual Arts
Sculpture
Drawing and Painting
Illustrations and Print Design",
Mansoura University,"Mansoura University is one of Egypt's leading public universities, established in 1972 and located in Mansoura, Dakahlia Governorate. It is widely recognized for its excellence in medical education, scientific research, engineering, computer science, and healthcare services. The university offers a wide range of undergraduate and postgraduate programs and is known for its modern campus, advanced research facilities, university hospitals, and strong academic reputation in Egypt and the Middle East.","https://maps.google.com/?q=The+British+University+in+Egypt,+Knowledge+Hub+Universities,+New+Administrative+Capital,+Egypt",https://res.cloudinary.com/yrqizhfy/image/upload/v1784916514/Mansoura_wlkk0c.webp,Faculty of Medicine,Medicine and Surgery,
Mansoura University,"Mansoura University is one of Egypt's leading public universities, established in 1972 and located in Mansoura, Dakahlia Governorate. It is widely recognized for its excellence in medical education, scientific research, engineering, computer science, and healthcare services. The university offers a wide range of undergraduate and postgraduate programs and is known for its modern campus, advanced research facilities, university hospitals, and strong academic reputation in Egypt and the Middle East.","https://maps.google.com/?q=The+British+University+in+Egypt,+Knowledge+Hub+Universities,+New+Administrative+Capital,+Egypt",https://res.cloudinary.com/yrqizhfy/image/upload/v1784916514/Mansoura_wlkk0c.webp,Faculty of Dentistry,Oral and Dental Medicine,
Mansoura University,"Mansoura University is one of Egypt's leading public universities, established in 1972 and located in Mansoura, Dakahlia Governorate. It is widely recognized for its excellence in medical education, scientific research, engineering, computer science, and healthcare services. The university offers a wide range of undergraduate and postgraduate programs and is known for its modern campus, advanced research facilities, university hospitals, and strong academic reputation in Egypt and the Middle East.","https://maps.google.com/?q=The+British+University+in+Egypt,+Knowledge+Hub+Universities,+New+Administrative+Capital,+Egypt",https://res.cloudinary.com/yrqizhfy/image/upload/v1784916514/Mansoura_wlkk0c.webp,Faculty of Pharmacy,"Clinical Pharmacy
PharmD
PharmD – Clinical Pharmacy",
Mansoura University,"Mansoura University is one of Egypt's leading public universities, established in 1972 and located in Mansoura, Dakahlia Governorate. It is widely recognized for its excellence in medical education, scientific research, engineering, computer science, and healthcare services. The university offers a wide range of undergraduate and postgraduate programs and is known for its modern campus, advanced research facilities, university hospitals, and strong academic reputation in Egypt and the Middle East.","https://maps.google.com/?q=The+British+University+in+Egypt,+Knowledge+Hub+Universities,+New+Administrative+Capital,+Egypt",https://res.cloudinary.com/yrqizhfy/image/upload/v1784916514/Mansoura_wlkk0c.webp,Faculty of Nursing,Nursing,
Mansoura University,"Mansoura University is one of Egypt's leading public universities, established in 1972 and located in Mansoura, Dakahlia Governorate. It is widely recognized for its excellence in medical education, scientific research, engineering, computer science, and healthcare services. The university offers a wide range of undergraduate and postgraduate programs and is known for its modern campus, advanced research facilities, university hospitals, and strong academic reputation in Egypt and the Middle East.","https://maps.google.com/?q=The+British+University+in+Egypt,+Knowledge+Hub+Universities,+New+Administrative+Capital,+Egypt",https://res.cloudinary.com/yrqizhfy/image/upload/v1784916514/Mansoura_wlkk0c.webp,Faculty of Veterinary Medicine,Veterinary Medicine,
Mansoura University,"Mansoura University is one of Egypt's leading public universities, established in 1972 and located in Mansoura, Dakahlia Governorate. It is widely recognized for its excellence in medical education, scientific research, engineering, computer science, and healthcare services. The university offers a wide range of undergraduate and postgraduate programs and is known for its modern campus, advanced research facilities, university hospitals, and strong academic reputation in Egypt and the Middle East.","https://maps.google.com/?q=The+British+University+in+Egypt,+Knowledge+Hub+Universities,+New+Administrative+Capital,+Egypt",https://res.cloudinary.com/yrqizhfy/image/upload/v1784916514/Mansoura_wlkk0c.webp,Faculty of Engineering,"Civil Engineering
Architectural Engineering
Electrical Engineering
Mechanical Engineering
Mechatronics Engineering
Biomedical Engineering
Communications and Electronics Engineering
Computer Engineering
Production Engineering
Industrial Engineering",
Mansoura University,"Mansoura University is one of Egypt's leading public universities, established in 1972 and located in Mansoura, Dakahlia Governorate. It is widely recognized for its excellence in medical education, scientific research, engineering, computer science, and healthcare services. The university offers a wide range of undergraduate and postgraduate programs and is known for its modern campus, advanced research facilities, university hospitals, and strong academic reputation in Egypt and the Middle East.","https://maps.google.com/?q=The+British+University+in+Egypt,+Knowledge+Hub+Universities,+New+Administrative+Capital,+Egypt",https://res.cloudinary.com/yrqizhfy/image/upload/v1784916514/Mansoura_wlkk0c.webp,Faculty of Science,"Mathematics
Physics
Chemistry
Botany
Zoology
Geology
Biochemistry
Microbiology",
Mansoura University,"Mansoura University is one of Egypt's leading public universities, established in 1972 and located in Mansoura, Dakahlia Governorate. It is widely recognized for its excellence in medical education, scientific research, engineering, computer science, and healthcare services. The university offers a wide range of undergraduate and postgraduate programs and is known for its modern campus, advanced research facilities, university hospitals, and strong academic reputation in Egypt and the Middle East.","https://maps.google.com/?q=The+British+University+in+Egypt,+Knowledge+Hub+Universities,+New+Administrative+Capital,+Egypt",https://res.cloudinary.com/yrqizhfy/image/upload/v1784916514/Mansoura_wlkk0c.webp,Faculty of Agriculture,"Agricultural Sciences
Plant Production
Animal Production
Food Science
Agricultural Engineering
Plant Protection
Agricultural Economics
Biotechnology",
Mansoura University,"Mansoura University is one of Egypt's leading public universities, established in 1972 and located in Mansoura, Dakahlia Governorate. It is widely recognized for its excellence in medical education, scientific research, engineering, computer science, and healthcare services. The university offers a wide range of undergraduate and postgraduate programs and is known for its modern campus, advanced research facilities, university hospitals, and strong academic reputation in Egypt and the Middle East.","https://maps.google.com/?q=The+British+University+in+Egypt,+Knowledge+Hub+Universities,+New+Administrative+Capital,+Egypt",https://res.cloudinary.com/yrqizhfy/image/upload/v1784916514/Mansoura_wlkk0c.webp,Faculty of Computers and Information,"Computer Science
Information Systems
Information Technology
Artificial Intelligence
Bioinformatics",
Mansoura University,"Mansoura University is one of Egypt's leading public universities, established in 1972 and located in Mansoura, Dakahlia Governorate. It is widely recognized for its excellence in medical education, scientific research, engineering, computer science, and healthcare services. The university offers a wide range of undergraduate and postgraduate programs and is known for its modern campus, advanced research facilities, university hospitals, and strong academic reputation in Egypt and the Middle East.","https://maps.google.com/?q=The+British+University+in+Egypt,+Knowledge+Hub+Universities,+New+Administrative+Capital,+Egypt",https://res.cloudinary.com/yrqizhfy/image/upload/v1784916514/Mansoura_wlkk0c.webp,Faculty of Artificial Intelligence,"Artificial Intelligence
Machine Learning
Data Science
Robotics
Intelligent Systems",
Mansoura University,"Mansoura University is one of Egypt's leading public universities, established in 1972 and located in Mansoura, Dakahlia Governorate. It is widely recognized for its excellence in medical education, scientific research, engineering, computer science, and healthcare services. The university offers a wide range of undergraduate and postgraduate programs and is known for its modern campus, advanced research facilities, university hospitals, and strong academic reputation in Egypt and the Middle East.","https://maps.google.com/?q=The+British+University+in+Egypt,+Knowledge+Hub+Universities,+New+Administrative+Capital,+Egypt",https://res.cloudinary.com/yrqizhfy/image/upload/v1784916514/Mansoura_wlkk0c.webp,Faculty of Arts,"English Language
Arabic Language
French Language
History
Geography
Philosophy
Sociology
Psychology
Media
Libraries and Information",
Mansoura University,"Mansoura University is one of Egypt's leading public universities, established in 1972 and located in Mansoura, Dakahlia Governorate. It is widely recognized for its excellence in medical education, scientific research, engineering, computer science, and healthcare services. The university offers a wide range of undergraduate and postgraduate programs and is known for its modern campus, advanced research facilities, university hospitals, and strong academic reputation in Egypt and the Middle East.","https://maps.google.com/?q=The+British+University+in+Egypt,+Knowledge+Hub+Universities,+New+Administrative+Capital,+Egypt",https://res.cloudinary.com/yrqizhfy/image/upload/v1784916514/Mansoura_wlkk0c.webp,Faculty of Commerce,"Accounting
Business Administration
Economics
Statistics
Insurance",
Mansoura University,"Mansoura University is one of Egypt's leading public universities, established in 1972 and located in Mansoura, Dakahlia Governorate. It is widely recognized for its excellence in medical education, scientific research, engineering, computer science, and healthcare services. The university offers a wide range of undergraduate and postgraduate programs and is known for its modern campus, advanced research facilities, university hospitals, and strong academic reputation in Egypt and the Middle East.","https://maps.google.com/?q=The+British+University+in+Egypt,+Knowledge+Hub+Universities,+New+Administrative+Capital,+Egypt",https://res.cloudinary.com/yrqizhfy/image/upload/v1784916514/Mansoura_wlkk0c.webp,Faculty of Law,Law,
Mansoura University,"Mansoura University is one of Egypt's leading public universities, established in 1972 and located in Mansoura, Dakahlia Governorate. It is widely recognized for its excellence in medical education, scientific research, engineering, computer science, and healthcare services. The university offers a wide range of undergraduate and postgraduate programs and is known for its modern campus, advanced research facilities, university hospitals, and strong academic reputation in Egypt and the Middle East.","https://maps.google.com/?q=The+British+University+in+Egypt,+Knowledge+Hub+Universities,+New+Administrative+Capital,+Egypt",https://res.cloudinary.com/yrqizhfy/image/upload/v1784916514/Mansoura_wlkk0c.webp,Faculty of Education,"English Education
Arabic Education
Mathematics Education
Science Education
Biology Education
Chemistry Education
Physics Education
Psychology Education",
Mansoura University,"Mansoura University is one of Egypt's leading public universities, established in 1972 and located in Mansoura, Dakahlia Governorate. It is widely recognized for its excellence in medical education, scientific research, engineering, computer science, and healthcare services. The university offers a wide range of undergraduate and postgraduate programs and is known for its modern campus, advanced research facilities, university hospitals, and strong academic reputation in Egypt and the Middle East.","https://maps.google.com/?q=The+British+University+in+Egypt,+Knowledge+Hub+Universities,+New+Administrative+Capital,+Egypt",https://res.cloudinary.com/yrqizhfy/image/upload/v1784916514/Mansoura_wlkk0c.webp,Faculty of Specific Education,"Art Education
Music Education
Educational Media
Home Economics
Educational Technology",
Mansoura University,"Mansoura University is one of Egypt's leading public universities, established in 1972 and located in Mansoura, Dakahlia Governorate. It is widely recognized for its excellence in medical education, scientific research, engineering, computer science, and healthcare services. The university offers a wide range of undergraduate and postgraduate programs and is known for its modern campus, advanced research facilities, university hospitals, and strong academic reputation in Egypt and the Middle East.","https://maps.google.com/?q=The+British+University+in+Egypt,+Knowledge+Hub+Universities,+New+Administrative+Capital,+Egypt",https://res.cloudinary.com/yrqizhfy/image/upload/v1784916514/Mansoura_wlkk0c.webp,Faculty of Physical Education,Physical Education,
Mansoura University,"Mansoura University is one of Egypt's leading public universities, established in 1972 and located in Mansoura, Dakahlia Governorate. It is widely recognized for its excellence in medical education, scientific research, engineering, computer science, and healthcare services. The university offers a wide range of undergraduate and postgraduate programs and is known for its modern campus, advanced research facilities, university hospitals, and strong academic reputation in Egypt and the Middle East.","https://maps.google.com/?q=The+British+University+in+Egypt,+Knowledge+Hub+Universities,+New+Administrative+Capital,+Egypt",https://res.cloudinary.com/yrqizhfy/image/upload/v1784916514/Mansoura_wlkk0c.webp,Faculty of Early Childhood Education,Early Childhood Education,
Mansoura University,"Mansoura University is one of Egypt's leading public universities, established in 1972 and located in Mansoura, Dakahlia Governorate. It is widely recognized for its excellence in medical education, scientific research, engineering, computer science, and healthcare services. The university offers a wide range of undergraduate and postgraduate programs and is known for its modern campus, advanced research facilities, university hospitals, and strong academic reputation in Egypt and the Middle East.","https://maps.google.com/?q=The+British+University+in+Egypt,+Knowledge+Hub+Universities,+New+Administrative+Capital,+Egypt",https://res.cloudinary.com/yrqizhfy/image/upload/v1784916514/Mansoura_wlkk0c.webp,Faculty of Tourism and Hotels,"Tourism Studies
Hotel Management
Tourism Guidance",
Mansoura University,"Mansoura University is one of Egypt's leading public universities, established in 1972 and located in Mansoura, Dakahlia Governorate. It is widely recognized for its excellence in medical education, scientific research, engineering, computer science, and healthcare services. The university offers a wide range of undergraduate and postgraduate programs and is known for its modern campus, advanced research facilities, university hospitals, and strong academic reputation in Egypt and the Middle East.","https://maps.google.com/?q=The+British+University+in+Egypt,+Knowledge+Hub+Universities,+New+Administrative+Capital,+Egypt",https://res.cloudinary.com/yrqizhfy/image/upload/v1784916514/Mansoura_wlkk0c.webp,Faculty of Fine Arts,"Architecture
Interior Design
Painting
Sculpture
Graphic Design
Decoration",
Minya National University,"Minya National University is a modern public national university established in 2022 to provide high-quality education based on international academic standards. Located in New Minya City, the university offers advanced programs in medicine, engineering, computer science and artificial intelligence, pharmacy, dentistry, physical therapy, and business. It focuses on innovation, practical training, scientific research, and preparing graduates with the skills needed for the local and global job market.","https://maps.google.com/?q=The+British+University+in+Egypt,+Knowledge+Hub+Universities,+New+Administrative+Capital,+Egypt",https://res.cloudinary.com/yrqizhfy/image/upload/v1784916514/Minya_national_wd92vz.jpg,Faculty of Medicine,Medicine and Surgery,
Minya National University,"Minya National University is a modern public national university established in 2022 to provide high-quality education based on international academic standards. Located in New Minya City, the university offers advanced programs in medicine, engineering, computer science and artificial intelligence, pharmacy, dentistry, physical therapy, and business. It focuses on innovation, practical training, scientific research, and preparing graduates with the skills needed for the local and global job market.","https://maps.google.com/?q=The+British+University+in+Egypt,+Knowledge+Hub+Universities,+New+Administrative+Capital,+Egypt",https://res.cloudinary.com/yrqizhfy/image/upload/v1784916514/Minya_national_wd92vz.jpg,Faculty of Dentistry,Oral and Dental Medicine,
Minya National University,"Minya National University is a modern public national university established in 2022 to provide high-quality education based on international academic standards. Located in New Minya City, the university offers advanced programs in medicine, engineering, computer science and artificial intelligence, pharmacy, dentistry, physical therapy, and business. It focuses on innovation, practical training, scientific research, and preparing graduates with the skills needed for the local and global job market.","https://maps.google.com/?q=The+British+University+in+Egypt,+Knowledge+Hub+Universities,+New+Administrative+Capital,+Egypt",https://res.cloudinary.com/yrqizhfy/image/upload/v1784916514/Minya_national_wd92vz.jpg,Faculty of Pharmacy,"PharmD
Clinical Pharmacy",
Minya National University,"Minya National University is a modern public national university established in 2022 to provide high-quality education based on international academic standards. Located in New Minya City, the university offers advanced programs in medicine, engineering, computer science and artificial intelligence, pharmacy, dentistry, physical therapy, and business. It focuses on innovation, practical training, scientific research, and preparing graduates with the skills needed for the local and global job market.","https://maps.google.com/?q=The+British+University+in+Egypt,+Knowledge+Hub+Universities,+New+Administrative+Capital,+Egypt",https://res.cloudinary.com/yrqizhfy/image/upload/v1784916514/Minya_national_wd92vz.jpg,Faculty of Physical Therapy,Physical Therapy,
Minya National University,"Minya National University is a modern public national university established in 2022 to provide high-quality education based on international academic standards. Located in New Minya City, the university offers advanced programs in medicine, engineering, computer science and artificial intelligence, pharmacy, dentistry, physical therapy, and business. It focuses on innovation, practical training, scientific research, and preparing graduates with the skills needed for the local and global job market.","https://maps.google.com/?q=The+British+University+in+Egypt,+Knowledge+Hub+Universities,+New+Administrative+Capital,+Egypt",https://res.cloudinary.com/yrqizhfy/image/upload/v1784916514/Minya_national_wd92vz.jpg,Faculty of Engineering,"Civil Engineering
Architectural Engineering
Electrical Engineering
Mechanical Engineering
Mechatronics Engineering
Computer Engineering",
Minya National University,"Minya National University is a modern public national university established in 2022 to provide high-quality education based on international academic standards. Located in New Minya City, the university offers advanced programs in medicine, engineering, computer science and artificial intelligence, pharmacy, dentistry, physical therapy, and business. It focuses on innovation, practical training, scientific research, and preparing graduates with the skills needed for the local and global job market.","https://maps.google.com/?q=The+British+University+in+Egypt,+Knowledge+Hub+Universities,+New+Administrative+Capital,+Egypt",https://res.cloudinary.com/yrqizhfy/image/upload/v1784916514/Minya_national_wd92vz.jpg,Faculty of Computer Science and Artificial Intelligence,"Computer Science
Artificial Intelligence
Data Science
Cybersecurity
Information Systems
Software Engineering",
Minya National University,"Minya National University is a modern public national university established in 2022 to provide high-quality education based on international academic standards. Located in New Minya City, the university offers advanced programs in medicine, engineering, computer science and artificial intelligence, pharmacy, dentistry, physical therapy, and business. It focuses on innovation, practical training, scientific research, and preparing graduates with the skills needed for the local and global job market.","https://maps.google.com/?q=The+British+University+in+Egypt,+Knowledge+Hub+Universities,+New+Administrative+Capital,+Egypt",https://res.cloudinary.com/yrqizhfy/image/upload/v1784916514/Minya_national_wd92vz.jpg,Faculty of Public Relations and Business Administration,"Public Relations
Business Administration
Marketing
Accounting
Finance
Human Resources
Digital Business",
Lotus University,"Lotus University is a private university located in New Minya City, Egypt. It offers high-quality education through modern academic programs designed to meet international standards. The university focuses on practical training, scientific research, innovation, and developing graduates with the knowledge and skills required for the local and global job market. It provides a modern learning environment with advanced facilities and experienced faculty members.","https://maps.google.com/?q=The+British+University+in+Egypt,+Knowledge+Hub+Universities,+New+Administrative+Capital,+Egypt",https://res.cloudinary.com/yrqizhfy/image/upload/v1784916512/Lotus_chkpnt.webp,Faculty of Engineering,"Civil Engineering
Architectural Engineering
Electrical Engineering
Mechanical Engineering
Mechatronics Engineering
Computer Engineering",
Lotus University,"Lotus University is a private university located in New Minya City, Egypt. It offers high-quality education through modern academic programs designed to meet international standards. The university focuses on practical training, scientific research, innovation, and developing graduates with the knowledge and skills required for the local and global job market. It provides a modern learning environment with advanced facilities and experienced faculty members.","https://maps.google.com/?q=The+British+University+in+Egypt,+Knowledge+Hub+Universities,+New+Administrative+Capital,+Egypt",https://res.cloudinary.com/yrqizhfy/image/upload/v1784916512/Lotus_chkpnt.webp,Faculty of Oral and Dental Medicine,Oral and Dental Medicine,
Lotus University,"Lotus University is a private university located in New Minya City, Egypt. It offers high-quality education through modern academic programs designed to meet international standards. The university focuses on practical training, scientific research, innovation, and developing graduates with the knowledge and skills required for the local and global job market. It provides a modern learning environment with advanced facilities and experienced faculty members.","https://maps.google.com/?q=The+British+University+in+Egypt,+Knowledge+Hub+Universities,+New+Administrative+Capital,+Egypt",https://res.cloudinary.com/yrqizhfy/image/upload/v1784916512/Lotus_chkpnt.webp,Faculty of Physical Therapy,Physical Therapy,
Lotus University,"Lotus University is a private university located in New Minya City, Egypt. It offers high-quality education through modern academic programs designed to meet international standards. The university focuses on practical training, scientific research, innovation, and developing graduates with the knowledge and skills required for the local and global job market. It provides a modern learning environment with advanced facilities and experienced faculty members.","https://maps.google.com/?q=The+British+University+in+Egypt,+Knowledge+Hub+Universities,+New+Administrative+Capital,+Egypt",https://res.cloudinary.com/yrqizhfy/image/upload/v1784916512/Lotus_chkpnt.webp,Faculty of Nursing,"Adult Nursing
Critical Care and Emergency Nursing
Maternal and Neonatal Health Nursing
Pediatric Nursing
Psychiatric and Mental Health Nursing
Community Health Nursing
Nursing Administration
Geriatric Nursing",
Lotus University,"Lotus University is a private university located in New Minya City, Egypt. It offers high-quality education through modern academic programs designed to meet international standards. The university focuses on practical training, scientific research, innovation, and developing graduates with the knowledge and skills required for the local and global job market. It provides a modern learning environment with advanced facilities and experienced faculty members.","https://maps.google.com/?q=The+British+University+in+Egypt,+Knowledge+Hub+Universities,+New+Administrative+Capital,+Egypt",https://res.cloudinary.com/yrqizhfy/image/upload/v1784916512/Lotus_chkpnt.webp,"Faculty of Computers, Information and Artificial Intelligence","Computer Science
Artificial Intelligence
Information Systems
Software Engineering
Cybersecurity
Data Science",
Lotus University,"Lotus University is a private university located in New Minya City, Egypt. It offers high-quality education through modern academic programs designed to meet international standards. The university focuses on practical training, scientific research, innovation, and developing graduates with the knowledge and skills required for the local and global job market. It provides a modern learning environment with advanced facilities and experienced faculty members.","https://maps.google.com/?q=The+British+University+in+Egypt,+Knowledge+Hub+Universities,+New+Administrative+Capital,+Egypt",https://res.cloudinary.com/yrqizhfy/image/upload/v1784916512/Lotus_chkpnt.webp,"Faculty of Management, Economics and Political Science","Business Administration
Accounting
Economics
Political Science
Marketing
Finance
Human Resources",
Lotus University,"Lotus University is a private university located in New Minya City, Egypt. It offers high-quality education through modern academic programs designed to meet international standards. The university focuses on practical training, scientific research, innovation, and developing graduates with the knowledge and skills required for the local and global job market. It provides a modern learning environment with advanced facilities and experienced faculty members.","https://maps.google.com/?q=The+British+University+in+Egypt,+Knowledge+Hub+Universities,+New+Administrative+Capital,+Egypt",https://res.cloudinary.com/yrqizhfy/image/upload/v1784916512/Lotus_chkpnt.webp,Faculty of Applied Health Sciences Technology,"Medical Laboratory Technology
Radiology and Medical Imaging Technology
Dental Prosthetics Technology
Biomedical Equipment Technology",
South Valley University,"South Valley University is one of Egypt's leading public universities, located in Qena. It became an independent university in 1995 after originally being a branch of Assiut University. The university serves a large region of Upper Egypt and is recognized for its strong academic programs, scientific research, community service, and practical education. It offers a wide range of undergraduate and postgraduate programs in medicine, engineering, agriculture, science, business, law, and many other fields.","https://maps.google.com/?q=The+British+University+in+Egypt,+Knowledge+Hub+Universities,+New+Administrative+Capital,+Egypt",https://res.cloudinary.com/yrqizhfy/image/upload/v1784918363/Graduates36073-1200x800_w1ijie.jpg,Faculty of Medicine,Medicine and Surgery,
South Valley University,"South Valley University is one of Egypt's leading public universities, located in Qena. It became an independent university in 1995 after originally being a branch of Assiut University. The university serves a large region of Upper Egypt and is recognized for its strong academic programs, scientific research, community service, and practical education. It offers a wide range of undergraduate and postgraduate programs in medicine, engineering, agriculture, science, business, law, and many other fields.","https://maps.google.com/?q=The+British+University+in+Egypt,+Knowledge+Hub+Universities,+New+Administrative+Capital,+Egypt",https://res.cloudinary.com/yrqizhfy/image/upload/v1784918363/Graduates36073-1200x800_w1ijie.jpg,Faculty of Nursing,Nursing,
South Valley University,"South Valley University is one of Egypt's leading public universities, located in Qena. It became an independent university in 1995 after originally being a branch of Assiut University. The university serves a large region of Upper Egypt and is recognized for its strong academic programs, scientific research, community service, and practical education. It offers a wide range of undergraduate and postgraduate programs in medicine, engineering, agriculture, science, business, law, and many other fields.","https://maps.google.com/?q=The+British+University+in+Egypt,+Knowledge+Hub+Universities,+New+Administrative+Capital,+Egypt",https://res.cloudinary.com/yrqizhfy/image/upload/v1784918363/Graduates36073-1200x800_w1ijie.jpg,Faculty of Engineering,"Civil Engineering
Architectural Engineering
Electrical Engineering
Mechanical Engineering",
South Valley University,"South Valley University is one of Egypt's leading public universities, located in Qena. It became an independent university in 1995 after originally being a branch of Assiut University. The university serves a large region of Upper Egypt and is recognized for its strong academic programs, scientific research, community service, and practical education. It offers a wide range of undergraduate and postgraduate programs in medicine, engineering, agriculture, science, business, law, and many other fields.","https://maps.google.com/?q=The+British+University+in+Egypt,+Knowledge+Hub+Universities,+New+Administrative+Capital,+Egypt",https://res.cloudinary.com/yrqizhfy/image/upload/v1784918363/Graduates36073-1200x800_w1ijie.jpg,Faculty of Science,"Mathematics
Physics
Chemistry
Botany
Zoology
Geology
Biochemistry
Microbiology",
South Valley University,"South Valley University is one of Egypt's leading public universities, located in Qena. It became an independent university in 1995 after originally being a branch of Assiut University. The university serves a large region of Upper Egypt and is recognized for its strong academic programs, scientific research, community service, and practical education. It offers a wide range of undergraduate and postgraduate programs in medicine, engineering, agriculture, science, business, law, and many other fields.","https://maps.google.com/?q=The+British+University+in+Egypt,+Knowledge+Hub+Universities,+New+Administrative+Capital,+Egypt",https://res.cloudinary.com/yrqizhfy/image/upload/v1784918363/Graduates36073-1200x800_w1ijie.jpg,Faculty of Agriculture,"Plant Production
Animal Production
Food Science
Agricultural Engineering
Plant Protection
Agricultural Economics
Horticulture",
South Valley University,"South Valley University is one of Egypt's leading public universities, located in Qena. It became an independent university in 1995 after originally being a branch of Assiut University. The university serves a large region of Upper Egypt and is recognized for its strong academic programs, scientific research, community service, and practical education. It offers a wide range of undergraduate and postgraduate programs in medicine, engineering, agriculture, science, business, law, and many other fields.","https://maps.google.com/?q=The+British+University+in+Egypt,+Knowledge+Hub+Universities,+New+Administrative+Capital,+Egypt",https://res.cloudinary.com/yrqizhfy/image/upload/v1784918363/Graduates36073-1200x800_w1ijie.jpg,Faculty of Veterinary Medicine,Veterinary Medicine,
South Valley University,"South Valley University is one of Egypt's leading public universities, located in Qena. It became an independent university in 1995 after originally being a branch of Assiut University. The university serves a large region of Upper Egypt and is recognized for its strong academic programs, scientific research, community service, and practical education. It offers a wide range of undergraduate and postgraduate programs in medicine, engineering, agriculture, science, business, law, and many other fields.","https://maps.google.com/?q=The+British+University+in+Egypt,+Knowledge+Hub+Universities,+New+Administrative+Capital,+Egypt",https://res.cloudinary.com/yrqizhfy/image/upload/v1784918363/Graduates36073-1200x800_w1ijie.jpg,Faculty of Education,"English Education
Arabic Education
Mathematics Education
Biology Education
Chemistry Education
Physics Education
Educational Psychology",
South Valley University,"South Valley University is one of Egypt's leading public universities, located in Qena. It became an independent university in 1995 after originally being a branch of Assiut University. The university serves a large region of Upper Egypt and is recognized for its strong academic programs, scientific research, community service, and practical education. It offers a wide range of undergraduate and postgraduate programs in medicine, engineering, agriculture, science, business, law, and many other fields.","https://maps.google.com/?q=The+British+University+in+Egypt,+Knowledge+Hub+Universities,+New+Administrative+Capital,+Egypt",https://res.cloudinary.com/yrqizhfy/image/upload/v1784918363/Graduates36073-1200x800_w1ijie.jpg,Faculty of Specific Education,"Art Education
Music Education
Home Economics
Educational Technology
Educational Media",
South Valley University,"South Valley University is one of Egypt's leading public universities, located in Qena. It became an independent university in 1995 after originally being a branch of Assiut University. The university serves a large region of Upper Egypt and is recognized for its strong academic programs, scientific research, community service, and practical education. It offers a wide range of undergraduate and postgraduate programs in medicine, engineering, agriculture, science, business, law, and many other fields.","https://maps.google.com/?q=The+British+University+in+Egypt,+Knowledge+Hub+Universities,+New+Administrative+Capital,+Egypt",https://res.cloudinary.com/yrqizhfy/image/upload/v1784918363/Graduates36073-1200x800_w1ijie.jpg,Faculty of Physical Education,Physical Education,
South Valley University,"South Valley University is one of Egypt's leading public universities, located in Qena. It became an independent university in 1995 after originally being a branch of Assiut University. The university serves a large region of Upper Egypt and is recognized for its strong academic programs, scientific research, community service, and practical education. It offers a wide range of undergraduate and postgraduate programs in medicine, engineering, agriculture, science, business, law, and many other fields.","https://maps.google.com/?q=The+British+University+in+Egypt,+Knowledge+Hub+Universities,+New+Administrative+Capital,+Egypt",https://res.cloudinary.com/yrqizhfy/image/upload/v1784918363/Graduates36073-1200x800_w1ijie.jpg,Faculty of Arts,"Arabic Language
English Language
French Language
History
Geography
Sociology
Psychology
Philosophy",
South Valley University,"South Valley University is one of Egypt's leading public universities, located in Qena. It became an independent university in 1995 after originally being a branch of Assiut University. The university serves a large region of Upper Egypt and is recognized for its strong academic programs, scientific research, community service, and practical education. It offers a wide range of undergraduate and postgraduate programs in medicine, engineering, agriculture, science, business, law, and many other fields.","https://maps.google.com/?q=The+British+University+in+Egypt,+Knowledge+Hub+Universities,+New+Administrative+Capital,+Egypt",https://res.cloudinary.com/yrqizhfy/image/upload/v1784918363/Graduates36073-1200x800_w1ijie.jpg,Faculty of Commerce,"Accounting
Business Administration
Economics
Statistics
Insurance",
South Valley University,"South Valley University is one of Egypt's leading public universities, located in Qena. It became an independent university in 1995 after originally being a branch of Assiut University. The university serves a large region of Upper Egypt and is recognized for its strong academic programs, scientific research, community service, and practical education. It offers a wide range of undergraduate and postgraduate programs in medicine, engineering, agriculture, science, business, law, and many other fields.","https://maps.google.com/?q=The+British+University+in+Egypt,+Knowledge+Hub+Universities,+New+Administrative+Capital,+Egypt",https://res.cloudinary.com/yrqizhfy/image/upload/v1784918363/Graduates36073-1200x800_w1ijie.jpg,Faculty of Law,Law,
South Valley University,"South Valley University is one of Egypt's leading public universities, located in Qena. It became an independent university in 1995 after originally being a branch of Assiut University. The university serves a large region of Upper Egypt and is recognized for its strong academic programs, scientific research, community service, and practical education. It offers a wide range of undergraduate and postgraduate programs in medicine, engineering, agriculture, science, business, law, and many other fields.","https://maps.google.com/?q=The+British+University+in+Egypt,+Knowledge+Hub+Universities,+New+Administrative+Capital,+Egypt",https://res.cloudinary.com/yrqizhfy/image/upload/v1784918363/Graduates36073-1200x800_w1ijie.jpg,Faculty of Archaeology,"Egyptology
Islamic Archaeology
Restoration and Conservation of Antiquities
Museum Studies",
New Mansoura University,"New Mansoura University is a modern public national university located in New Mansoura City, Egypt. It was established in 2020 to provide high-quality education based on international standards. The university offers innovative academic programs in medicine, engineering, computer science, business, law, science, arts and design, and other fields. It focuses on scientific research, practical training, digital transformation, and preparing graduates with the skills needed for the local and global job market.","https://maps.google.com/?q=The+British+University+in+Egypt,+Knowledge+Hub+Universities,+New+Administrative+Capital,+Egypt",https://res.cloudinary.com/yrqizhfy/image/upload/v1784918456/5tr49l9IkA5IYLNCPaZmrjA7cQlOETwUWLdh46C8_zqa9lt.jpg,Faculty of Medicine,Medicine and Surgery,
New Mansoura University,"New Mansoura University is a modern public national university located in New Mansoura City, Egypt. It was established in 2020 to provide high-quality education based on international standards. The university offers innovative academic programs in medicine, engineering, computer science, business, law, science, arts and design, and other fields. It focuses on scientific research, practical training, digital transformation, and preparing graduates with the skills needed for the local and global job market.","https://maps.google.com/?q=The+British+University+in+Egypt,+Knowledge+Hub+Universities,+New+Administrative+Capital,+Egypt",https://res.cloudinary.com/yrqizhfy/image/upload/v1784918456/5tr49l9IkA5IYLNCPaZmrjA7cQlOETwUWLdh46C8_zqa9lt.jpg,Faculty of Dentistry,,
New Mansoura University,"New Mansoura University is a modern public national university located in New Mansoura City, Egypt. It was established in 2020 to provide high-quality education based on international standards. The university offers innovative academic programs in medicine, engineering, computer science, business, law, science, arts and design, and other fields. It focuses on scientific research, practical training, digital transformation, and preparing graduates with the skills needed for the local and global job market.","https://maps.google.com/?q=The+British+University+in+Egypt,+Knowledge+Hub+Universities,+New+Administrative+Capital,+Egypt",https://res.cloudinary.com/yrqizhfy/image/upload/v1784918456/5tr49l9IkA5IYLNCPaZmrjA7cQlOETwUWLdh46C8_zqa9lt.jpg,Faculty of Pharmacy,"PharmD
Clinical Pharmacy",
New Mansoura University,"New Mansoura University is a modern public national university located in New Mansoura City, Egypt. It was established in 2020 to provide high-quality education based on international standards. The university offers innovative academic programs in medicine, engineering, computer science, business, law, science, arts and design, and other fields. It focuses on scientific research, practical training, digital transformation, and preparing graduates with the skills needed for the local and global job market.","https://maps.google.com/?q=The+British+University+in+Egypt,+Knowledge+Hub+Universities,+New+Administrative+Capital,+Egypt",https://res.cloudinary.com/yrqizhfy/image/upload/v1784918456/5tr49l9IkA5IYLNCPaZmrjA7cQlOETwUWLdh46C8_zqa9lt.jpg,Faculty of Nursing,Nursing,
New Mansoura University,"New Mansoura University is a modern public national university located in New Mansoura City, Egypt. It was established in 2020 to provide high-quality education based on international standards. The university offers innovative academic programs in medicine, engineering, computer science, business, law, science, arts and design, and other fields. It focuses on scientific research, practical training, digital transformation, and preparing graduates with the skills needed for the local and global job market.","https://maps.google.com/?q=The+British+University+in+Egypt,+Knowledge+Hub+Universities,+New+Administrative+Capital,+Egypt",https://res.cloudinary.com/yrqizhfy/image/upload/v1784918456/5tr49l9IkA5IYLNCPaZmrjA7cQlOETwUWLdh46C8_zqa9lt.jpg,Faculty of Engineering,"Civil Engineering
Architectural Engineering
Mechanical Engineering
Electrical Engineering
Mechatronics Engineering
Biomedical Engineering",
New Mansoura University,"New Mansoura University is a modern public national university located in New Mansoura City, Egypt. It was established in 2020 to provide high-quality education based on international standards. The university offers innovative academic programs in medicine, engineering, computer science, business, law, science, arts and design, and other fields. It focuses on scientific research, practical training, digital transformation, and preparing graduates with the skills needed for the local and global job market.","https://maps.google.com/?q=The+British+University+in+Egypt,+Knowledge+Hub+Universities,+New+Administrative+Capital,+Egypt",https://res.cloudinary.com/yrqizhfy/image/upload/v1784918456/5tr49l9IkA5IYLNCPaZmrjA7cQlOETwUWLdh46C8_zqa9lt.jpg,Faculty of Computer Science,"Computer Science
Artificial Intelligence
Cybersecurity
Data Science
Software Engineering
Information Systems",
New Mansoura University,"New Mansoura University is a modern public national university located in New Mansoura City, Egypt. It was established in 2020 to provide high-quality education based on international standards. The university offers innovative academic programs in medicine, engineering, computer science, business, law, science, arts and design, and other fields. It focuses on scientific research, practical training, digital transformation, and preparing graduates with the skills needed for the local and global job market.","https://maps.google.com/?q=The+British+University+in+Egypt,+Knowledge+Hub+Universities,+New+Administrative+Capital,+Egypt",https://res.cloudinary.com/yrqizhfy/image/upload/v1784918456/5tr49l9IkA5IYLNCPaZmrjA7cQlOETwUWLdh46C8_zqa9lt.jpg,Faculty of Business,"Business Administration
Accounting
Finance
Marketing
Economics
Business Information Systems",
New Mansoura University,"New Mansoura University is a modern public national university located in New Mansoura City, Egypt. It was established in 2020 to provide high-quality education based on international standards. The university offers innovative academic programs in medicine, engineering, computer science, business, law, science, arts and design, and other fields. It focuses on scientific research, practical training, digital transformation, and preparing graduates with the skills needed for the local and global job market.","https://maps.google.com/?q=The+British+University+in+Egypt,+Knowledge+Hub+Universities,+New+Administrative+Capital,+Egypt",https://res.cloudinary.com/yrqizhfy/image/upload/v1784918456/5tr49l9IkA5IYLNCPaZmrjA7cQlOETwUWLdh46C8_zqa9lt.jpg,Faculty of Science,"Biotechnology
Molecular Biology
Biochemistry
Biotechnology and Molecular Diagnostics",
New Mansoura University,"New Mansoura University is a modern public national university located in New Mansoura City, Egypt. It was established in 2020 to provide high-quality education based on international standards. The university offers innovative academic programs in medicine, engineering, computer science, business, law, science, arts and design, and other fields. It focuses on scientific research, practical training, digital transformation, and preparing graduates with the skills needed for the local and global job market.","https://maps.google.com/?q=The+British+University+in+Egypt,+Knowledge+Hub+Universities,+New+Administrative+Capital,+Egypt",https://res.cloudinary.com/yrqizhfy/image/upload/v1784918456/5tr49l9IkA5IYLNCPaZmrjA7cQlOETwUWLdh46C8_zqa9lt.jpg,Faculty of International Legal Transactions,International Legal Transaction,
New Mansoura University,"New Mansoura University is a modern public national university located in New Mansoura City, Egypt. It was established in 2020 to provide high-quality education based on international standards. The university offers innovative academic programs in medicine, engineering, computer science, business, law, science, arts and design, and other fields. It focuses on scientific research, practical training, digital transformation, and preparing graduates with the skills needed for the local and global job market.","https://maps.google.com/?q=The+British+University+in+Egypt,+Knowledge+Hub+Universities,+New+Administrative+Capital,+Egypt",https://res.cloudinary.com/yrqizhfy/image/upload/v1784918456/5tr49l9IkA5IYLNCPaZmrjA7cQlOETwUWLdh46C8_zqa9lt.jpg,Faculty of Arts and Design,"Interior Design
Graphic Design
Digital Media
Fashion Design
Product Design
Animation and Multimedia",
Sohag University,"Sohag University is a leading public university in Upper Egypt, established in 2006 as an independent university after separating from South Valley University. Located in Sohag Governorate, it offers a wide range of undergraduate and postgraduate programs in medicine, engineering, pharmacy, science, agriculture, law, business, and many other disciplines. The university is committed to academic excellence, scientific research, community service, and preparing graduates with the knowledge and practical skills needed for the modern workforce.","https://maps.google.com/?q=The+British+University+in+Egypt,+Knowledge+Hub+Universities,+New+Administrative+Capital,+Egypt",https://res.cloudinary.com/yrqizhfy/image/upload/v1784916520/Sohag_p8tl4a.jpg,Faculty of Medicine,Medicine and Surgery,
Sohag University,"Sohag University is a leading public university in Upper Egypt, established in 2006 as an independent university after separating from South Valley University. Located in Sohag Governorate, it offers a wide range of undergraduate and postgraduate programs in medicine, engineering, pharmacy, science, agriculture, law, business, and many other disciplines. The university is committed to academic excellence, scientific research, community service, and preparing graduates with the knowledge and practical skills needed for the modern workforce.","https://maps.google.com/?q=The+British+University+in+Egypt,+Knowledge+Hub+Universities,+New+Administrative+Capital,+Egypt",https://res.cloudinary.com/yrqizhfy/image/upload/v1784916520/Sohag_p8tl4a.jpg,Faculty of Nursing,Nursing,
Sohag University,"Sohag University is a leading public university in Upper Egypt, established in 2006 as an independent university after separating from South Valley University. Located in Sohag Governorate, it offers a wide range of undergraduate and postgraduate programs in medicine, engineering, pharmacy, science, agriculture, law, business, and many other disciplines. The university is committed to academic excellence, scientific research, community service, and preparing graduates with the knowledge and practical skills needed for the modern workforce.","https://maps.google.com/?q=The+British+University+in+Egypt,+Knowledge+Hub+Universities,+New+Administrative+Capital,+Egypt",https://res.cloudinary.com/yrqizhfy/image/upload/v1784916520/Sohag_p8tl4a.jpg,Faculty of Pharmacy,"PharmD
Clinical Pharmacy",
Sohag University,"Sohag University is a leading public university in Upper Egypt, established in 2006 as an independent university after separating from South Valley University. Located in Sohag Governorate, it offers a wide range of undergraduate and postgraduate programs in medicine, engineering, pharmacy, science, agriculture, law, business, and many other disciplines. The university is committed to academic excellence, scientific research, community service, and preparing graduates with the knowledge and practical skills needed for the modern workforce.","https://maps.google.com/?q=The+British+University+in+Egypt,+Knowledge+Hub+Universities,+New+Administrative+Capital,+Egypt",https://res.cloudinary.com/yrqizhfy/image/upload/v1784916520/Sohag_p8tl4a.jpg,Faculty of Engineering,"Civil Engineering
Architectural Engineering
Electrical Engineering
Mechanical Engineering
Computer Engineering",
Sohag University,"Sohag University is a leading public university in Upper Egypt, established in 2006 as an independent university after separating from South Valley University. Located in Sohag Governorate, it offers a wide range of undergraduate and postgraduate programs in medicine, engineering, pharmacy, science, agriculture, law, business, and many other disciplines. The university is committed to academic excellence, scientific research, community service, and preparing graduates with the knowledge and practical skills needed for the modern workforce.","https://maps.google.com/?q=The+British+University+in+Egypt,+Knowledge+Hub+Universities,+New+Administrative+Capital,+Egypt",https://res.cloudinary.com/yrqizhfy/image/upload/v1784916520/Sohag_p8tl4a.jpg,Faculty of Science,"Mathematics
Physics
Chemistry
Botany
Zoology
Geology
Biochemistry
Microbiology",
Sohag University,"Sohag University is a leading public university in Upper Egypt, established in 2006 as an independent university after separating from South Valley University. Located in Sohag Governorate, it offers a wide range of undergraduate and postgraduate programs in medicine, engineering, pharmacy, science, agriculture, law, business, and many other disciplines. The university is committed to academic excellence, scientific research, community service, and preparing graduates with the knowledge and practical skills needed for the modern workforce.","https://maps.google.com/?q=The+British+University+in+Egypt,+Knowledge+Hub+Universities,+New+Administrative+Capital,+Egypt",https://res.cloudinary.com/yrqizhfy/image/upload/v1784916520/Sohag_p8tl4a.jpg,Faculty of Agriculture,"Agricultural Sciences
Plant Production
Animal Production
Food Science
Agricultural Engineering
Plant Protection
Horticulture",
Sohag University,"Sohag University is a leading public university in Upper Egypt, established in 2006 as an independent university after separating from South Valley University. Located in Sohag Governorate, it offers a wide range of undergraduate and postgraduate programs in medicine, engineering, pharmacy, science, agriculture, law, business, and many other disciplines. The university is committed to academic excellence, scientific research, community service, and preparing graduates with the knowledge and practical skills needed for the modern workforce.","https://maps.google.com/?q=The+British+University+in+Egypt,+Knowledge+Hub+Universities,+New+Administrative+Capital,+Egypt",https://res.cloudinary.com/yrqizhfy/image/upload/v1784916520/Sohag_p8tl4a.jpg,Faculty of Veterinary Medicine,Veterinary Medicine,
Sohag University,"Sohag University is a leading public university in Upper Egypt, established in 2006 as an independent university after separating from South Valley University. Located in Sohag Governorate, it offers a wide range of undergraduate and postgraduate programs in medicine, engineering, pharmacy, science, agriculture, law, business, and many other disciplines. The university is committed to academic excellence, scientific research, community service, and preparing graduates with the knowledge and practical skills needed for the modern workforce.","https://maps.google.com/?q=The+British+University+in+Egypt,+Knowledge+Hub+Universities,+New+Administrative+Capital,+Egypt",https://res.cloudinary.com/yrqizhfy/image/upload/v1784916520/Sohag_p8tl4a.jpg,Faculty of Education,"English Education
Arabic Education
Mathematics Education
Science Education
Biology Education
Chemistry Education
Physics Education
Educational Psychology",
Sohag University,"Sohag University is a leading public university in Upper Egypt, established in 2006 as an independent university after separating from South Valley University. Located in Sohag Governorate, it offers a wide range of undergraduate and postgraduate programs in medicine, engineering, pharmacy, science, agriculture, law, business, and many other disciplines. The university is committed to academic excellence, scientific research, community service, and preparing graduates with the knowledge and practical skills needed for the modern workforce.","https://maps.google.com/?q=The+British+University+in+Egypt,+Knowledge+Hub+Universities,+New+Administrative+Capital,+Egypt",https://res.cloudinary.com/yrqizhfy/image/upload/v1784916520/Sohag_p8tl4a.jpg,Faculty of Arts,"Arabic Language
English Language
French Language
History
Geography
Sociology
Psychology
Philosophy
Media and Communication",
Sohag University,"Sohag University is a leading public university in Upper Egypt, established in 2006 as an independent university after separating from South Valley University. Located in Sohag Governorate, it offers a wide range of undergraduate and postgraduate programs in medicine, engineering, pharmacy, science, agriculture, law, business, and many other disciplines. The university is committed to academic excellence, scientific research, community service, and preparing graduates with the knowledge and practical skills needed for the modern workforce.","https://maps.google.com/?q=The+British+University+in+Egypt,+Knowledge+Hub+Universities,+New+Administrative+Capital,+Egypt",https://res.cloudinary.com/yrqizhfy/image/upload/v1784916520/Sohag_p8tl4a.jpg,Faculty of Commerce,"Accounting
Business Administration
Economics
Statistics
Insurance",
Sohag University,"Sohag University is a leading public university in Upper Egypt, established in 2006 as an independent university after separating from South Valley University. Located in Sohag Governorate, it offers a wide range of undergraduate and postgraduate programs in medicine, engineering, pharmacy, science, agriculture, law, business, and many other disciplines. The university is committed to academic excellence, scientific research, community service, and preparing graduates with the knowledge and practical skills needed for the modern workforce.","https://maps.google.com/?q=The+British+University+in+Egypt,+Knowledge+Hub+Universities,+New+Administrative+Capital,+Egypt",https://res.cloudinary.com/yrqizhfy/image/upload/v1784916520/Sohag_p8tl4a.jpg,Faculty of Law,Law,
Sohag University,"Sohag University is a leading public university in Upper Egypt, established in 2006 as an independent university after separating from South Valley University. Located in Sohag Governorate, it offers a wide range of undergraduate and postgraduate programs in medicine, engineering, pharmacy, science, agriculture, law, business, and many other disciplines. The university is committed to academic excellence, scientific research, community service, and preparing graduates with the knowledge and practical skills needed for the modern workforce.","https://maps.google.com/?q=The+British+University+in+Egypt,+Knowledge+Hub+Universities,+New+Administrative+Capital,+Egypt",https://res.cloudinary.com/yrqizhfy/image/upload/v1784916520/Sohag_p8tl4a.jpg,Faculty of Archaeology,"Egyptology
Islamic Archaeology
Restoration and Conservation of Antiquities",
Sohag University,"Sohag University is a leading public university in Upper Egypt, established in 2006 as an independent university after separating from South Valley University. Located in Sohag Governorate, it offers a wide range of undergraduate and postgraduate programs in medicine, engineering, pharmacy, science, agriculture, law, business, and many other disciplines. The university is committed to academic excellence, scientific research, community service, and preparing graduates with the knowledge and practical skills needed for the modern workforce.","https://maps.google.com/?q=The+British+University+in+Egypt,+Knowledge+Hub+Universities,+New+Administrative+Capital,+Egypt",https://res.cloudinary.com/yrqizhfy/image/upload/v1784916520/Sohag_p8tl4a.jpg,Faculty of Industrial Education,"Mechanical Industries
Electrical Industries
Architectural Industries",
Sohag University,"Sohag University is a leading public university in Upper Egypt, established in 2006 as an independent university after separating from South Valley University. Located in Sohag Governorate, it offers a wide range of undergraduate and postgraduate programs in medicine, engineering, pharmacy, science, agriculture, law, business, and many other disciplines. The university is committed to academic excellence, scientific research, community service, and preparing graduates with the knowledge and practical skills needed for the modern workforce.","https://maps.google.com/?q=The+British+University+in+Egypt,+Knowledge+Hub+Universities,+New+Administrative+Capital,+Egypt",https://res.cloudinary.com/yrqizhfy/image/upload/v1784916520/Sohag_p8tl4a.jpg,Faculty of Physical Education,Physical Education,
Sohag University,"Sohag University is a leading public university in Upper Egypt, established in 2006 as an independent university after separating from South Valley University. Located in Sohag Governorate, it offers a wide range of undergraduate and postgraduate programs in medicine, engineering, pharmacy, science, agriculture, law, business, and many other disciplines. The university is committed to academic excellence, scientific research, community service, and preparing graduates with the knowledge and practical skills needed for the modern workforce.","https://maps.google.com/?q=The+British+University+in+Egypt,+Knowledge+Hub+Universities,+New+Administrative+Capital,+Egypt",https://res.cloudinary.com/yrqizhfy/image/upload/v1784916520/Sohag_p8tl4a.jpg,Faculty of Al-Alsun (Faculty of Languages),"English Language
German Language
French Language
Spanish Language
Chinese Language",
Sohag University,"Sohag University is a leading public university in Upper Egypt, established in 2006 as an independent university after separating from South Valley University. Located in Sohag Governorate, it offers a wide range of undergraduate and postgraduate programs in medicine, engineering, pharmacy, science, agriculture, law, business, and many other disciplines. The university is committed to academic excellence, scientific research, community service, and preparing graduates with the knowledge and practical skills needed for the modern workforce.","https://maps.google.com/?q=The+British+University+in+Egypt,+Knowledge+Hub+Universities,+New+Administrative+Capital,+Egypt",https://res.cloudinary.com/yrqizhfy/image/upload/v1784916520/Sohag_p8tl4a.jpg,Faculty of Computers and Artificial Intelligence,"Computer Science
Artificial Intelligence
Information Systems
Data Science
Cybersecurity",
Sohag National University,"Sohag National University is a modern public national university located in New Sohag City, Egypt. Established to support Egypt's national universities initiative, it provides high-quality education based on international standards. The university offers advanced academic programs in medicine, engineering, computer science and artificial intelligence, pharmacy, business, media, and other fields. It emphasizes practical training, scientific research, innovation, digital transformation, and preparing graduates to meet the demands of both the local and global job markets.","https://maps.google.com/?q=The+British+University+in+Egypt,+Knowledge+Hub+Universities,+New+Administrative+Capital,+Egypt",https://res.cloudinary.com/yrqizhfy/image/upload/v1784916520/Sohag_p8tl4a.jpg,Faculty of Medicine,Medicine and Surgery,
Sohag National University,"Sohag National University is a modern public national university located in New Sohag City, Egypt. Established to support Egypt's national universities initiative, it provides high-quality education based on international standards. The university offers advanced academic programs in medicine, engineering, computer science and artificial intelligence, pharmacy, business, media, and other fields. It emphasizes practical training, scientific research, innovation, digital transformation, and preparing graduates to meet the demands of both the local and global job markets.","https://maps.google.com/?q=The+British+University+in+Egypt,+Knowledge+Hub+Universities,+New+Administrative+Capital,+Egypt",https://res.cloudinary.com/yrqizhfy/image/upload/v1784916520/Sohag_p8tl4a.jpg,Faculty of Dentistry,Oral and Dental Medicine,
Sohag National University,"Sohag National University is a modern public national university located in New Sohag City, Egypt. Established to support Egypt's national universities initiative, it provides high-quality education based on international standards. The university offers advanced academic programs in medicine, engineering, computer science and artificial intelligence, pharmacy, business, media, and other fields. It emphasizes practical training, scientific research, innovation, digital transformation, and preparing graduates to meet the demands of both the local and global job markets.","https://maps.google.com/?q=The+British+University+in+Egypt,+Knowledge+Hub+Universities,+New+Administrative+Capital,+Egypt",https://res.cloudinary.com/yrqizhfy/image/upload/v1784916520/Sohag_p8tl4a.jpg,Faculty of Pharmacy,"PharmD
Clinical Pharmacy",
Sohag National University,"Sohag National University is a modern public national university located in New Sohag City, Egypt. Established to support Egypt's national universities initiative, it provides high-quality education based on international standards. The university offers advanced academic programs in medicine, engineering, computer science and artificial intelligence, pharmacy, business, media, and other fields. It emphasizes practical training, scientific research, innovation, digital transformation, and preparing graduates to meet the demands of both the local and global job markets.","https://maps.google.com/?q=The+British+University+in+Egypt,+Knowledge+Hub+Universities,+New+Administrative+Capital,+Egypt",https://res.cloudinary.com/yrqizhfy/image/upload/v1784916520/Sohag_p8tl4a.jpg,Faculty of Nursing,Nursing,
Sohag National University,"Sohag National University is a modern public national university located in New Sohag City, Egypt. Established to support Egypt's national universities initiative, it provides high-quality education based on international standards. The university offers advanced academic programs in medicine, engineering, computer science and artificial intelligence, pharmacy, business, media, and other fields. It emphasizes practical training, scientific research, innovation, digital transformation, and preparing graduates to meet the demands of both the local and global job markets.","https://maps.google.com/?q=The+British+University+in+Egypt,+Knowledge+Hub+Universities,+New+Administrative+Capital,+Egypt",https://res.cloudinary.com/yrqizhfy/image/upload/v1784916520/Sohag_p8tl4a.jpg,Faculty of Engineering,"Civil Engineering
Architectural Engineering
Electrical Engineering
Mechanical Engineering
Mechatronics Engineering
Computer Engineering",
Sohag National University,"Sohag National University is a modern public national university located in New Sohag City, Egypt. Established to support Egypt's national universities initiative, it provides high-quality education based on international standards. The university offers advanced academic programs in medicine, engineering, computer science and artificial intelligence, pharmacy, business, media, and other fields. It emphasizes practical training, scientific research, innovation, digital transformation, and preparing graduates to meet the demands of both the local and global job markets.","https://maps.google.com/?q=The+British+University+in+Egypt,+Knowledge+Hub+Universities,+New+Administrative+Capital,+Egypt",https://res.cloudinary.com/yrqizhfy/image/upload/v1784916520/Sohag_p8tl4a.jpg,Faculty of Computer Science and Artificial Intelligence,"Computer Science
Artificial Intelligence
Data Science
Cybersecurity
Information Systems
Software Engineering",
Sohag National University,"Sohag National University is a modern public national university located in New Sohag City, Egypt. Established to support Egypt's national universities initiative, it provides high-quality education based on international standards. The university offers advanced academic programs in medicine, engineering, computer science and artificial intelligence, pharmacy, business, media, and other fields. It emphasizes practical training, scientific research, innovation, digital transformation, and preparing graduates to meet the demands of both the local and global job markets.","https://maps.google.com/?q=The+British+University+in+Egypt,+Knowledge+Hub+Universities,+New+Administrative+Capital,+Egypt",https://res.cloudinary.com/yrqizhfy/image/upload/v1784916520/Sohag_p8tl4a.jpg,Faculty of Science,"Biotechnology
Biochemistry
Molecular Biology
Applied Chemistry",
Sohag National University,"Sohag National University is a modern public national university located in New Sohag City, Egypt. Established to support Egypt's national universities initiative, it provides high-quality education based on international standards. The university offers advanced academic programs in medicine, engineering, computer science and artificial intelligence, pharmacy, business, media, and other fields. It emphasizes practical training, scientific research, innovation, digital transformation, and preparing graduates to meet the demands of both the local and global job markets.","https://maps.google.com/?q=The+British+University+in+Egypt,+Knowledge+Hub+Universities,+New+Administrative+Capital,+Egypt",https://res.cloudinary.com/yrqizhfy/image/upload/v1784916520/Sohag_p8tl4a.jpg,Faculty of Languages and Humanities,"English Language
French Language
Translation
Psychology
Sociology",
Sohag National University,"Sohag National University is a modern public national university located in New Sohag City, Egypt. Established to support Egypt's national universities initiative, it provides high-quality education based on international standards. The university offers advanced academic programs in medicine, engineering, computer science and artificial intelligence, pharmacy, business, media, and other fields. It emphasizes practical training, scientific research, innovation, digital transformation, and preparing graduates to meet the demands of both the local and global job markets.","https://maps.google.com/?q=The+British+University+in+Egypt,+Knowledge+Hub+Universities,+New+Administrative+Capital,+Egypt",https://res.cloudinary.com/yrqizhfy/image/upload/v1784916520/Sohag_p8tl4a.jpg,Faculty of Media,"Journalism
Radio and Television
Public Relations
Digital Media",
Sohag National University,"Sohag National University is a modern public national university located in New Sohag City, Egypt. Established to support Egypt's national universities initiative, it provides high-quality education based on international standards. The university offers advanced academic programs in medicine, engineering, computer science and artificial intelligence, pharmacy, business, media, and other fields. It emphasizes practical training, scientific research, innovation, digital transformation, and preparing graduates to meet the demands of both the local and global job markets.","https://maps.google.com/?q=The+British+University+in+Egypt,+Knowledge+Hub+Universities,+New+Administrative+Capital,+Egypt",https://res.cloudinary.com/yrqizhfy/image/upload/v1784916520/Sohag_p8tl4a.jpg,Faculty of Business Administration,"Business Administration
Accounting
Finance
Marketing
Economics
Human Resources",
Sohag National University,"Sohag National University is a modern public national university located in New Sohag City, Egypt. Established to support Egypt's national universities initiative, it provides high-quality education based on international standards. The university offers advanced academic programs in medicine, engineering, computer science and artificial intelligence, pharmacy, business, media, and other fields. It emphasizes practical training, scientific research, innovation, digital transformation, and preparing graduates to meet the demands of both the local and global job markets.","https://maps.google.com/?q=The+British+University+in+Egypt,+Knowledge+Hub+Universities,+New+Administrative+Capital,+Egypt",https://res.cloudinary.com/yrqizhfy/image/upload/v1784916520/Sohag_p8tl4a.jpg,Faculty of Applied Health Sciences Technology,"Medical Laboratory Technology
Radiology and Medical Imaging Technology
Dental Prosthetics Technology
Biomedical Equipment Technology",
Merit University,"Merit University is a private university located in New Sohag City, Egypt. It was established to provide high-quality education that meets international academic standards. The university offers modern programs in medicine, dentistry, engineering, computing and artificial intelligence, business, media, tourism, and other disciplines. Merit University emphasizes practical training, scientific research, innovation, and preparing graduates with the skills needed to succeed in both the local and international job markets.","https://maps.google.com/?q=The+British+University+in+Egypt,+Knowledge+Hub+Universities,+New+Administrative+Capital,+Egypt",https://res.cloudinary.com/yrqizhfy/image/upload/v1784918922/Screenshot-2026-01-03-090852_mqkjys.webp,Faculty of Medicine,Medicine and Surgery,
Merit University,"Merit University is a private university located in New Sohag City, Egypt. It was established to provide high-quality education that meets international academic standards. The university offers modern programs in medicine, dentistry, engineering, computing and artificial intelligence, business, media, tourism, and other disciplines. Merit University emphasizes practical training, scientific research, innovation, and preparing graduates with the skills needed to succeed in both the local and international job markets.","https://maps.google.com/?q=The+British+University+in+Egypt,+Knowledge+Hub+Universities,+New+Administrative+Capital,+Egypt",https://res.cloudinary.com/yrqizhfy/image/upload/v1784918922/Screenshot-2026-01-03-090852_mqkjys.webp,Faculty of Oral and Dental Medicine,Oral and Dental Medicine,
Merit University,"Merit University is a private university located in New Sohag City, Egypt. It was established to provide high-quality education that meets international academic standards. The university offers modern programs in medicine, dentistry, engineering, computing and artificial intelligence, business, media, tourism, and other disciplines. Merit University emphasizes practical training, scientific research, innovation, and preparing graduates with the skills needed to succeed in both the local and international job markets.","https://maps.google.com/?q=The+British+University+in+Egypt,+Knowledge+Hub+Universities,+New+Administrative+Capital,+Egypt",https://res.cloudinary.com/yrqizhfy/image/upload/v1784918922/Screenshot-2026-01-03-090852_mqkjys.webp,Faculty of Physical Therapy,Physical Therapy,
Merit University,"Merit University is a private university located in New Sohag City, Egypt. It was established to provide high-quality education that meets international academic standards. The university offers modern programs in medicine, dentistry, engineering, computing and artificial intelligence, business, media, tourism, and other disciplines. Merit University emphasizes practical training, scientific research, innovation, and preparing graduates with the skills needed to succeed in both the local and international job markets.","https://maps.google.com/?q=The+British+University+in+Egypt,+Knowledge+Hub+Universities,+New+Administrative+Capital,+Egypt",https://res.cloudinary.com/yrqizhfy/image/upload/v1784918922/Screenshot-2026-01-03-090852_mqkjys.webp,Faculty of Pharmacy,"PharmD
Clinical Pharmacy",
Merit University,"Merit University is a private university located in New Sohag City, Egypt. It was established to provide high-quality education that meets international academic standards. The university offers modern programs in medicine, dentistry, engineering, computing and artificial intelligence, business, media, tourism, and other disciplines. Merit University emphasizes practical training, scientific research, innovation, and preparing graduates with the skills needed to succeed in both the local and international job markets.","https://maps.google.com/?q=The+British+University+in+Egypt,+Knowledge+Hub+Universities,+New+Administrative+Capital,+Egypt",https://res.cloudinary.com/yrqizhfy/image/upload/v1784918922/Screenshot-2026-01-03-090852_mqkjys.webp,Faculty of Nursing,Nursing,
Merit University,"Merit University is a private university located in New Sohag City, Egypt. It was established to provide high-quality education that meets international academic standards. The university offers modern programs in medicine, dentistry, engineering, computing and artificial intelligence, business, media, tourism, and other disciplines. Merit University emphasizes practical training, scientific research, innovation, and preparing graduates with the skills needed to succeed in both the local and international job markets.","https://maps.google.com/?q=The+British+University+in+Egypt,+Knowledge+Hub+Universities,+New+Administrative+Capital,+Egypt",https://res.cloudinary.com/yrqizhfy/image/upload/v1784918922/Screenshot-2026-01-03-090852_mqkjys.webp,Faculty of Engineering,"Civil Engineering
Architectural Engineering
Mechanical Engineering
Electrical Engineering
Mechatronics Engineering
Computer Engineering",
Merit University,"Merit University is a private university located in New Sohag City, Egypt. It was established to provide high-quality education that meets international academic standards. The university offers modern programs in medicine, dentistry, engineering, computing and artificial intelligence, business, media, tourism, and other disciplines. Merit University emphasizes practical training, scientific research, innovation, and preparing graduates with the skills needed to succeed in both the local and international job markets.","https://maps.google.com/?q=The+British+University+in+Egypt,+Knowledge+Hub+Universities,+New+Administrative+Capital,+Egypt",https://res.cloudinary.com/yrqizhfy/image/upload/v1784918922/Screenshot-2026-01-03-090852_mqkjys.webp,Faculty of Computing and Artificial Intelligence,"Computer Science
Artificial Intelligence
Data Science
Cybersecurity
Software Engineering
Information Systems",
Merit University,"Merit University is a private university located in New Sohag City, Egypt. It was established to provide high-quality education that meets international academic standards. The university offers modern programs in medicine, dentistry, engineering, computing and artificial intelligence, business, media, tourism, and other disciplines. Merit University emphasizes practical training, scientific research, innovation, and preparing graduates with the skills needed to succeed in both the local and international job markets.","https://maps.google.com/?q=The+British+University+in+Egypt,+Knowledge+Hub+Universities,+New+Administrative+Capital,+Egypt",https://res.cloudinary.com/yrqizhfy/image/upload/v1784918922/Screenshot-2026-01-03-090852_mqkjys.webp,Faculty of Business Administration and Economics,"Business Administration
Accounting
Economics
Finance
Marketing
Human Resources",
Merit University,"Merit University is a private university located in New Sohag City, Egypt. It was established to provide high-quality education that meets international academic standards. The university offers modern programs in medicine, dentistry, engineering, computing and artificial intelligence, business, media, tourism, and other disciplines. Merit University emphasizes practical training, scientific research, innovation, and preparing graduates with the skills needed to succeed in both the local and international job markets.","https://maps.google.com/?q=The+British+University+in+Egypt,+Knowledge+Hub+Universities,+New+Administrative+Capital,+Egypt",https://res.cloudinary.com/yrqizhfy/image/upload/v1784918922/Screenshot-2026-01-03-090852_mqkjys.webp,Faculty of Languages and Translation,"English Language and Translation
French Language and Translation
German Language and Translation",
Merit University,"Merit University is a private university located in New Sohag City, Egypt. It was established to provide high-quality education that meets international academic standards. The university offers modern programs in medicine, dentistry, engineering, computing and artificial intelligence, business, media, tourism, and other disciplines. Merit University emphasizes practical training, scientific research, innovation, and preparing graduates with the skills needed to succeed in both the local and international job markets.","https://maps.google.com/?q=The+British+University+in+Egypt,+Knowledge+Hub+Universities,+New+Administrative+Capital,+Egypt",https://res.cloudinary.com/yrqizhfy/image/upload/v1784918922/Screenshot-2026-01-03-090852_mqkjys.webp,Faculty of Tourism and Hotel Management,"Tourism Studies
Hotel Management
Tourism Guidance",
Merit University,"Merit University is a private university located in New Sohag City, Egypt. It was established to provide high-quality education that meets international academic standards. The university offers modern programs in medicine, dentistry, engineering, computing and artificial intelligence, business, media, tourism, and other disciplines. Merit University emphasizes practical training, scientific research, innovation, and preparing graduates with the skills needed to succeed in both the local and international job markets.","https://maps.google.com/?q=The+British+University+in+Egypt,+Knowledge+Hub+Universities,+New+Administrative+Capital,+Egypt",https://res.cloudinary.com/yrqizhfy/image/upload/v1784918922/Screenshot-2026-01-03-090852_mqkjys.webp,Faculty of Mass Communication,"Journalism
Radio and Television
Public Relations and Advertising
Digital Media",
Merit University,"Merit University is a private university located in New Sohag City, Egypt. It was established to provide high-quality education that meets international academic standards. The university offers modern programs in medicine, dentistry, engineering, computing and artificial intelligence, business, media, tourism, and other disciplines. Merit University emphasizes practical training, scientific research, innovation, and preparing graduates with the skills needed to succeed in both the local and international job markets.","https://maps.google.com/?q=The+British+University+in+Egypt,+Knowledge+Hub+Universities,+New+Administrative+Capital,+Egypt",https://res.cloudinary.com/yrqizhfy/image/upload/v1784918922/Screenshot-2026-01-03-090852_mqkjys.webp,Faculty of Political Science,"Political Science
International Relations
Public Administration",
Assiut University,"Assiut University is one of the oldest and largest public universities in Egypt. It was established in 1957 as the first university in Upper Egypt. The university offers a wide range of undergraduate and postgraduate programs in medicine, engineering, science, business, humanities, and many other fields. Assiut University is committed to academic excellence, scientific research, innovation, and community service, providing students with a high-quality educational environment that prepares them for both local and international career opportunities.","https://maps.google.com/?q=The+British+University+in+Egypt,+Knowledge+Hub+Universities,+New+Administrative+Capital,+Egypt",https://res.cloudinary.com/yrqizhfy/image/upload/v1784916508/assiut_vzrohl.png,Faculty of Medicine,"Anatomy
Physiology
Biochemistry
Pathology
Pharmacology
Microbiology
Internal Medicine
General Surgery
Pediatrics
Obstetrics and Gynecology
Orthopedics
Ophthalmology
ENT
Psychiatry
Dermatology
Radiology
Cardiology
Neurology
Family Medicine",
Assiut University,"Assiut University is one of the oldest and largest public universities in Egypt. It was established in 1957 as the first university in Upper Egypt. The university offers a wide range of undergraduate and postgraduate programs in medicine, engineering, science, business, humanities, and many other fields. Assiut University is committed to academic excellence, scientific research, innovation, and community service, providing students with a high-quality educational environment that prepares them for both local and international career opportunities.","https://maps.google.com/?q=The+British+University+in+Egypt,+Knowledge+Hub+Universities,+New+Administrative+Capital,+Egypt",https://res.cloudinary.com/yrqizhfy/image/upload/v1784916508/assiut_vzrohl.png,Faculty of Dentistry,"Oral Medicine and Periodontology
Conservative Dentistry
Endodontics
Prosthodontics
Orthodontics
Oral and Maxillofacial Surgery
Pediatric Dentistry
Oral Biology
Oral Pathology
Biomaterials",
Assiut University,"Assiut University is one of the oldest and largest public universities in Egypt. It was established in 1957 as the first university in Upper Egypt. The university offers a wide range of undergraduate and postgraduate programs in medicine, engineering, science, business, humanities, and many other fields. Assiut University is committed to academic excellence, scientific research, innovation, and community service, providing students with a high-quality educational environment that prepares them for both local and international career opportunities.","https://maps.google.com/?q=The+British+University+in+Egypt,+Knowledge+Hub+Universities,+New+Administrative+Capital,+Egypt",https://res.cloudinary.com/yrqizhfy/image/upload/v1784916508/assiut_vzrohl.png,Faculty of Pharmacy,"Pharmaceutics
Pharmacognosy
Pharmaceutical Chemistry
Clinical Pharmacy
Pharmacology and Toxicology
Microbiology
Biochemistry",
Assiut University,"Assiut University is one of the oldest and largest public universities in Egypt. It was established in 1957 as the first university in Upper Egypt. The university offers a wide range of undergraduate and postgraduate programs in medicine, engineering, science, business, humanities, and many other fields. Assiut University is committed to academic excellence, scientific research, innovation, and community service, providing students with a high-quality educational environment that prepares them for both local and international career opportunities.","https://maps.google.com/?q=The+British+University+in+Egypt,+Knowledge+Hub+Universities,+New+Administrative+Capital,+Egypt",https://res.cloudinary.com/yrqizhfy/image/upload/v1784916508/assiut_vzrohl.png,Faculty of Engineering,"Civil Engineering
Electrical Engineering
Mechanical Engineering
Architectural Engineering
Mining and Metallurgical Engineering",
Assiut University,"Assiut University is one of the oldest and largest public universities in Egypt. It was established in 1957 as the first university in Upper Egypt. The university offers a wide range of undergraduate and postgraduate programs in medicine, engineering, science, business, humanities, and many other fields. Assiut University is committed to academic excellence, scientific research, innovation, and community service, providing students with a high-quality educational environment that prepares them for both local and international career opportunities.","https://maps.google.com/?q=The+British+University+in+Egypt,+Knowledge+Hub+Universities,+New+Administrative+Capital,+Egypt",https://res.cloudinary.com/yrqizhfy/image/upload/v1784916508/assiut_vzrohl.png,Faculty of Computers and Information,"Computer Science (CS)
Information Systems (IS)
Information Technology (IT)
Artificial Intelligence (AI)",
Assiut University,"Assiut University is one of the oldest and largest public universities in Egypt. It was established in 1957 as the first university in Upper Egypt. The university offers a wide range of undergraduate and postgraduate programs in medicine, engineering, science, business, humanities, and many other fields. Assiut University is committed to academic excellence, scientific research, innovation, and community service, providing students with a high-quality educational environment that prepares them for both local and international career opportunities.","https://maps.google.com/?q=The+British+University+in+Egypt,+Knowledge+Hub+Universities,+New+Administrative+Capital,+Egypt",https://res.cloudinary.com/yrqizhfy/image/upload/v1784916508/assiut_vzrohl.png,Faculty of Science,"Mathematics
Physics
Chemistry
Botany
Zoology
Geology
Microbiology
Biochemistry
Computer Science",
Assiut University,"Assiut University is one of the oldest and largest public universities in Egypt. It was established in 1957 as the first university in Upper Egypt. The university offers a wide range of undergraduate and postgraduate programs in medicine, engineering, science, business, humanities, and many other fields. Assiut University is committed to academic excellence, scientific research, innovation, and community service, providing students with a high-quality educational environment that prepares them for both local and international career opportunities.","https://maps.google.com/?q=The+British+University+in+Egypt,+Knowledge+Hub+Universities,+New+Administrative+Capital,+Egypt",https://res.cloudinary.com/yrqizhfy/image/upload/v1784916508/assiut_vzrohl.png,Faculty of Commerce," Accounting
 Business Administration
 Economics
 Statistics
 Insurance",
Assiut University,"Assiut University is one of the oldest and largest public universities in Egypt. It was established in 1957 as the first university in Upper Egypt. The university offers a wide range of undergraduate and postgraduate programs in medicine, engineering, science, business, humanities, and many other fields. Assiut University is committed to academic excellence, scientific research, innovation, and community service, providing students with a high-quality educational environment that prepares them for both local and international career opportunities.","https://maps.google.com/?q=The+British+University+in+Egypt,+Knowledge+Hub+Universities,+New+Administrative+Capital,+Egypt",https://res.cloudinary.com/yrqizhfy/image/upload/v1784916508/assiut_vzrohl.png,Faculty of Law,"Public Law
Private Law
Criminal Law
Civil Law
Commercial Law
International Law",
Assiut University,"Assiut University is one of the oldest and largest public universities in Egypt. It was established in 1957 as the first university in Upper Egypt. The university offers a wide range of undergraduate and postgraduate programs in medicine, engineering, science, business, humanities, and many other fields. Assiut University is committed to academic excellence, scientific research, innovation, and community service, providing students with a high-quality educational environment that prepares them for both local and international career opportunities.","https://maps.google.com/?q=The+British+University+in+Egypt,+Knowledge+Hub+Universities,+New+Administrative+Capital,+Egypt",https://res.cloudinary.com/yrqizhfy/image/upload/v1784916508/assiut_vzrohl.png,Faculty of Agriculture,"Plant Production
Animal Production
Agricultural Engineering
Food Science
Plant Protection
Soil and Water Sciences",
Assiut University,"Assiut University is one of the oldest and largest public universities in Egypt. It was established in 1957 as the first university in Upper Egypt. The university offers a wide range of undergraduate and postgraduate programs in medicine, engineering, science, business, humanities, and many other fields. Assiut University is committed to academic excellence, scientific research, innovation, and community service, providing students with a high-quality educational environment that prepares them for both local and international career opportunities.","https://maps.google.com/?q=The+British+University+in+Egypt,+Knowledge+Hub+Universities,+New+Administrative+Capital,+Egypt",https://res.cloudinary.com/yrqizhfy/image/upload/v1784916508/assiut_vzrohl.png,Faculty of Veterinary Medicine," Animal Medicine
Surgery
Poultry Diseases
Food Hygiene 
Parasitology
Pathology
Pharmacology",
Assiut University,"Assiut University is one of the oldest and largest public universities in Egypt. It was established in 1957 as the first university in Upper Egypt. The university offers a wide range of undergraduate and postgraduate programs in medicine, engineering, science, business, humanities, and many other fields. Assiut University is committed to academic excellence, scientific research, innovation, and community service, providing students with a high-quality educational environment that prepares them for both local and international career opportunities.","https://maps.google.com/?q=The+British+University+in+Egypt,+Knowledge+Hub+Universities,+New+Administrative+Capital,+Egypt",https://res.cloudinary.com/yrqizhfy/image/upload/v1784916508/assiut_vzrohl.png,Faculty of Nursing,"Medical-Surgical Nursing
Pediatric Nursing
Critical Care Nursing
Community Health Nursing
Obstetrics and Gynecological Nursing",
Assiut University,"Assiut University is one of the oldest and largest public universities in Egypt. It was established in 1957 as the first university in Upper Egypt. The university offers a wide range of undergraduate and postgraduate programs in medicine, engineering, science, business, humanities, and many other fields. Assiut University is committed to academic excellence, scientific research, innovation, and community service, providing students with a high-quality educational environment that prepares them for both local and international career opportunities.","https://maps.google.com/?q=The+British+University+in+Egypt,+Knowledge+Hub+Universities,+New+Administrative+Capital,+Egypt",https://res.cloudinary.com/yrqizhfy/image/upload/v1784916508/assiut_vzrohl.png,Faculty of Arts,"Arabic Language
English Language
French Language
History
Geography
Sociology
Psychology
Philosophy
Media
Library and Information Science
Islamic Studies",
Assiut University,"Assiut University is one of the oldest and largest public universities in Egypt. It was established in 1957 as the first university in Upper Egypt. The university offers a wide range of undergraduate and postgraduate programs in medicine, engineering, science, business, humanities, and many other fields. Assiut University is committed to academic excellence, scientific research, innovation, and community service, providing students with a high-quality educational environment that prepares them for both local and international career opportunities.","https://maps.google.com/?q=The+British+University+in+Egypt,+Knowledge+Hub+Universities,+New+Administrative+Capital,+Egypt",https://res.cloudinary.com/yrqizhfy/image/upload/v1784916508/assiut_vzrohl.png,Faculty of Technology and Sugar Industry,"Sugar Industry Technology
Food Technology
Industrial Technology",
Assiut University,"Assiut University is one of the oldest and largest public universities in Egypt. It was established in 1957 as the first university in Upper Egypt. The university offers a wide range of undergraduate and postgraduate programs in medicine, engineering, science, business, humanities, and many other fields. Assiut University is committed to academic excellence, scientific research, innovation, and community service, providing students with a high-quality educational environment that prepares them for both local and international career opportunities.","https://maps.google.com/?q=The+British+University+in+Egypt,+Knowledge+Hub+Universities,+New+Administrative+Capital,+Egypt",https://res.cloudinary.com/yrqizhfy/image/upload/v1784916508/assiut_vzrohl.png,Faculty of Early Childhood Education,"Kindergarten Education
Child Psychology
Curriculum & Teaching Methods",
Assiut University,"Assiut University is one of the oldest and largest public universities in Egypt. It was established in 1957 as the first university in Upper Egypt. The university offers a wide range of undergraduate and postgraduate programs in medicine, engineering, science, business, humanities, and many other fields. Assiut University is committed to academic excellence, scientific research, innovation, and community service, providing students with a high-quality educational environment that prepares them for both local and international career opportunities.","https://maps.google.com/?q=The+British+University+in+Egypt,+Knowledge+Hub+Universities,+New+Administrative+Capital,+Egypt",https://res.cloudinary.com/yrqizhfy/image/upload/v1784916508/assiut_vzrohl.png,Faculty of Fine Arts,"Architecture
Decoration
Graphics
Sculpture
Painting",
Assiut University,"Assiut University is one of the oldest and largest public universities in Egypt. It was established in 1957 as the first university in Upper Egypt. The university offers a wide range of undergraduate and postgraduate programs in medicine, engineering, science, business, humanities, and many other fields. Assiut University is committed to academic excellence, scientific research, innovation, and community service, providing students with a high-quality educational environment that prepares them for both local and international career opportunities.","https://maps.google.com/?q=The+British+University+in+Egypt,+Knowledge+Hub+Universities,+New+Administrative+Capital,+Egypt",https://res.cloudinary.com/yrqizhfy/image/upload/v1784916508/assiut_vzrohl.png,Faculty of Specific Education,"Art Education
 Music Education
Home Economics
Educational Technology",
Assiut University,"Assiut University is one of the oldest and largest public universities in Egypt. It was established in 1957 as the first university in Upper Egypt. The university offers a wide range of undergraduate and postgraduate programs in medicine, engineering, science, business, humanities, and many other fields. Assiut University is committed to academic excellence, scientific research, innovation, and community service, providing students with a high-quality educational environment that prepares them for both local and international career opportunities.","https://maps.google.com/?q=The+British+University+in+Egypt,+Knowledge+Hub+Universities,+New+Administrative+Capital,+Egypt",https://res.cloudinary.com/yrqizhfy/image/upload/v1784916508/assiut_vzrohl.png,Faculty of Physical Education,"Curriculum & Teaching Methods
Sports Training
Sports Management
Recreation",
Assiut University,"Assiut University is one of the oldest and largest public universities in Egypt. It was established in 1957 as the first university in Upper Egypt. The university offers a wide range of undergraduate and postgraduate programs in medicine, engineering, science, business, humanities, and many other fields. Assiut University is committed to academic excellence, scientific research, innovation, and community service, providing students with a high-quality educational environment that prepares them for both local and international career opportunities.","https://maps.google.com/?q=The+British+University+in+Egypt,+Knowledge+Hub+Universities,+New+Administrative+Capital,+Egypt",https://res.cloudinary.com/yrqizhfy/image/upload/v1784916508/assiut_vzrohl.png,Faculty of Veterinary Medicine,"Animal Medicine
Surgery
Parasitology
Pathology
Poultry Diseases
Food Hygiene",
Assiut University,"Assiut University is one of the oldest and largest public universities in Egypt. It was established in 1957 as the first university in Upper Egypt. The university offers a wide range of undergraduate and postgraduate programs in medicine, engineering, science, business, humanities, and many other fields. Assiut University is committed to academic excellence, scientific research, innovation, and community service, providing students with a high-quality educational environment that prepares them for both local and international career opportunities.","https://maps.google.com/?q=The+British+University+in+Egypt,+Knowledge+Hub+Universities,+New+Administrative+Capital,+Egypt",https://res.cloudinary.com/yrqizhfy/image/upload/v1784916508/assiut_vzrohl.png,Faculty of Education,"Curriculum & Instruction
Educational Psychology
Foundations of Education
Educational Administration",
South Valley National University,"South Valley National University is a modern public national university located in Qena, Egypt. Established to provide high-quality education based on international academic standards, the university offers innovative programs in medicine, dentistry, pharmacy, engineering, computer science and artificial intelligence, administrative sciences, and languages. It focuses on practical training, scientific research, innovation, digital transformation, and preparing graduates with the skills needed to compete in both the local and global job markets.","https://maps.google.com/?q=The+British+University+in+Egypt,+Knowledge+Hub+Universities,+New+Administrative+Capital,+Egypt",https://res.cloudinary.com/yrqizhfy/image/upload/v1784916519/Southvalley_ybhzdu.jpg,Faculty of Dentistry,Oral and Dental Medicin,
South Valley National University,"South Valley National University is a modern public national university located in Qena, Egypt. Established to provide high-quality education based on international academic standards, the university offers innovative programs in medicine, dentistry, pharmacy, engineering, computer science and artificial intelligence, administrative sciences, and languages. It focuses on practical training, scientific research, innovation, digital transformation, and preparing graduates with the skills needed to compete in both the local and global job markets.","https://maps.google.com/?q=The+British+University+in+Egypt,+Knowledge+Hub+Universities,+New+Administrative+Capital,+Egypt",https://res.cloudinary.com/yrqizhfy/image/upload/v1784916519/Southvalley_ybhzdu.jpg,Faculty of Pharmacy,"PharmD
Clinical Pharmacy",
South Valley National University,"South Valley National University is a modern public national university located in Qena, Egypt. Established to provide high-quality education based on international academic standards, the university offers innovative programs in medicine, dentistry, pharmacy, engineering, computer science and artificial intelligence, administrative sciences, and languages. It focuses on practical training, scientific research, innovation, digital transformation, and preparing graduates with the skills needed to compete in both the local and global job markets.","https://maps.google.com/?q=The+British+University+in+Egypt,+Knowledge+Hub+Universities,+New+Administrative+Capital,+Egypt",https://res.cloudinary.com/yrqizhfy/image/upload/v1784916519/Southvalley_ybhzdu.jpg,Faculty of Physical Therapy,Physical Therapy,
South Valley National University,"South Valley National University is a modern public national university located in Qena, Egypt. Established to provide high-quality education based on international academic standards, the university offers innovative programs in medicine, dentistry, pharmacy, engineering, computer science and artificial intelligence, administrative sciences, and languages. It focuses on practical training, scientific research, innovation, digital transformation, and preparing graduates with the skills needed to compete in both the local and global job markets.","https://maps.google.com/?q=The+British+University+in+Egypt,+Knowledge+Hub+Universities,+New+Administrative+Capital,+Egypt",https://res.cloudinary.com/yrqizhfy/image/upload/v1784916519/Southvalley_ybhzdu.jpg,Faculty of Nursing,Nursing,
South Valley National University,"South Valley National University is a modern public national university located in Qena, Egypt. Established to provide high-quality education based on international academic standards, the university offers innovative programs in medicine, dentistry, pharmacy, engineering, computer science and artificial intelligence, administrative sciences, and languages. It focuses on practical training, scientific research, innovation, digital transformation, and preparing graduates with the skills needed to compete in both the local and global job markets.","https://maps.google.com/?q=The+British+University+in+Egypt,+Knowledge+Hub+Universities,+New+Administrative+Capital,+Egypt",https://res.cloudinary.com/yrqizhfy/image/upload/v1784916519/Southvalley_ybhzdu.jpg,Faculty of Engineering,"Civil Engineering
Architectural Engineering
Electrical Engineering
Mechanical Engineering
Mechatronics Engineering
Computer Engineering",
South Valley National University,"South Valley National University is a modern public national university located in Qena, Egypt. Established to provide high-quality education based on international academic standards, the university offers innovative programs in medicine, dentistry, pharmacy, engineering, computer science and artificial intelligence, administrative sciences, and languages. It focuses on practical training, scientific research, innovation, digital transformation, and preparing graduates with the skills needed to compete in both the local and global job markets.","https://maps.google.com/?q=The+British+University+in+Egypt,+Knowledge+Hub+Universities,+New+Administrative+Capital,+Egypt",https://res.cloudinary.com/yrqizhfy/image/upload/v1784916519/Southvalley_ybhzdu.jpg,Faculty of Computer Science and Artificial Intelligence,"Computer Science
Artificial Intelligence
Data Science
Cybersecurity
Software Engineering
Information Systems",
South Valley National University,"South Valley National University is a modern public national university located in Qena, Egypt. Established to provide high-quality education based on international academic standards, the university offers innovative programs in medicine, dentistry, pharmacy, engineering, computer science and artificial intelligence, administrative sciences, and languages. It focuses on practical training, scientific research, innovation, digital transformation, and preparing graduates with the skills needed to compete in both the local and global job markets.","https://maps.google.com/?q=The+British+University+in+Egypt,+Knowledge+Hub+Universities,+New+Administrative+Capital,+Egypt",https://res.cloudinary.com/yrqizhfy/image/upload/v1784916519/Southvalley_ybhzdu.jpg,Faculty of Administrative Sciences,"Business Administration
Accounting
Finance
Marketing
Economics
Human Resources",
South Valley National University,"South Valley National University is a modern public national university located in Qena, Egypt. Established to provide high-quality education based on international academic standards, the university offers innovative programs in medicine, dentistry, pharmacy, engineering, computer science and artificial intelligence, administrative sciences, and languages. It focuses on practical training, scientific research, innovation, digital transformation, and preparing graduates with the skills needed to compete in both the local and global job markets.","https://maps.google.com/?q=The+British+University+in+Egypt,+Knowledge+Hub+Universities,+New+Administrative+Capital,+Egypt",https://res.cloudinary.com/yrqizhfy/image/upload/v1784916519/Southvalley_ybhzdu.jpg,Faculty of Languages and Humanities,"English Language
French Language
Translation
Psychology
Sociology",
South Valley National University,"South Valley National University is a modern public national university located in Qena, Egypt. Established to provide high-quality education based on international academic standards, the university offers innovative programs in medicine, dentistry, pharmacy, engineering, computer science and artificial intelligence, administrative sciences, and languages. It focuses on practical training, scientific research, innovation, digital transformation, and preparing graduates with the skills needed to compete in both the local and global job markets.","https://maps.google.com/?q=The+British+University+in+Egypt,+Knowledge+Hub+Universities,+New+Administrative+Capital,+Egypt",https://res.cloudinary.com/yrqizhfy/image/upload/v1784916519/Southvalley_ybhzdu.jpg,Faculty of Medicin,Medicine and Surgery,
Assiut National University,"Assiut National University is a modern public national university in Egypt, established to provide high-quality education that meets international standards. The university offers innovative academic programs in medicine, engineering, computer science, business, languages, and applied sciences. It focuses on scientific research, digital transformation, practical training, and preparing graduates with the skills needed for the local and global job markets.","https://maps.google.com/?q=The+British+University+in+Egypt,+Knowledge+Hub+Universities,+New+Administrative+Capital,+Egypt",https://res.cloudinary.com/yrqizhfy/image/upload/v1784916508/assiutnational_trzuay.jpg,Faculty of Medicine,Medicine and Surgery,
Assiut National University,"Assiut National University is a modern public national university in Egypt, established to provide high-quality education that meets international standards. The university offers innovative academic programs in medicine, engineering, computer science, business, languages, and applied sciences. It focuses on scientific research, digital transformation, practical training, and preparing graduates with the skills needed for the local and global job markets.","https://maps.google.com/?q=The+British+University+in+Egypt,+Knowledge+Hub+Universities,+New+Administrative+Capital,+Egypt",https://res.cloudinary.com/yrqizhfy/image/upload/v1784916508/assiutnational_trzuay.jpg,Faculty of Dentistry,Dentistry,
Assiut National University,"Assiut National University is a modern public national university in Egypt, established to provide high-quality education that meets international standards. The university offers innovative academic programs in medicine, engineering, computer science, business, languages, and applied sciences. It focuses on scientific research, digital transformation, practical training, and preparing graduates with the skills needed for the local and global job markets.","https://maps.google.com/?q=The+British+University+in+Egypt,+Knowledge+Hub+Universities,+New+Administrative+Capital,+Egypt",https://res.cloudinary.com/yrqizhfy/image/upload/v1784916508/assiutnational_trzuay.jpg,Faculty of Pharmacy and Applied Pharmaceutical Sciences,"PharmD
Clinical Pharmacy",
Assiut National University,"Assiut National University is a modern public national university in Egypt, established to provide high-quality education that meets international standards. The university offers innovative academic programs in medicine, engineering, computer science, business, languages, and applied sciences. It focuses on scientific research, digital transformation, practical training, and preparing graduates with the skills needed for the local and global job markets.","https://maps.google.com/?q=The+British+University+in+Egypt,+Knowledge+Hub+Universities,+New+Administrative+Capital,+Egypt",https://res.cloudinary.com/yrqizhfy/image/upload/v1784916508/assiutnational_trzuay.jpg,Faculty of Engineering and Applied Sciences,"Civil Engineering
Architectural Engineering
Electrical Engineering
Mechanical Engineering
Mechatronics Engineering
Computer Engineering",
Assiut National University,"Assiut National University is a modern public national university in Egypt, established to provide high-quality education that meets international standards. The university offers innovative academic programs in medicine, engineering, computer science, business, languages, and applied sciences. It focuses on scientific research, digital transformation, practical training, and preparing graduates with the skills needed for the local and global job markets.","https://maps.google.com/?q=The+British+University+in+Egypt,+Knowledge+Hub+Universities,+New+Administrative+Capital,+Egypt",https://res.cloudinary.com/yrqizhfy/image/upload/v1784916508/assiutnational_trzuay.jpg,Faculty of Computers and Artificial Intelligence,"Computer Science
Artificial Intelligence
Data Science
Cybersecurity
Software Engineering
Information Systems",
Assiut National University,"Assiut National University is a modern public national university in Egypt, established to provide high-quality education that meets international standards. The university offers innovative academic programs in medicine, engineering, computer science, business, languages, and applied sciences. It focuses on scientific research, digital transformation, practical training, and preparing graduates with the skills needed for the local and global job markets.","https://maps.google.com/?q=The+British+University+in+Egypt,+Knowledge+Hub+Universities,+New+Administrative+Capital,+Egypt",https://res.cloudinary.com/yrqizhfy/image/upload/v1784916508/assiutnational_trzuay.jpg,Faculty of Administrative and Financial Sciences,"Accounting
Business Administration
Finance
Marketing
Economics",
Assiut National University,"Assiut National University is a modern public national university in Egypt, established to provide high-quality education that meets international standards. The university offers innovative academic programs in medicine, engineering, computer science, business, languages, and applied sciences. It focuses on scientific research, digital transformation, practical training, and preparing graduates with the skills needed for the local and global job markets.","https://maps.google.com/?q=The+British+University+in+Egypt,+Knowledge+Hub+Universities,+New+Administrative+Capital,+Egypt",https://res.cloudinary.com/yrqizhfy/image/upload/v1784916508/assiutnational_trzuay.jpg,Faculty of Al-Alsun and Applied Languages,"English Language
French Language
German Language
Spanish Language
Chinese Language
Translation",
Assiut National University,"Assiut National University is a modern public national university in Egypt, established to provide high-quality education that meets international standards. The university offers innovative academic programs in medicine, engineering, computer science, business, languages, and applied sciences. It focuses on scientific research, digital transformation, practical training, and preparing graduates with the skills needed for the local and global job markets.","https://maps.google.com/?q=The+British+University+in+Egypt,+Knowledge+Hub+Universities,+New+Administrative+Capital,+Egypt",https://res.cloudinary.com/yrqizhfy/image/upload/v1784916508/assiutnational_trzuay.jpg,Faculty of Science and Technology,"Biotechnology
Applied Chemistry
Applied Physics
Environmental Science",
Fayoum University,"Fayoum University is a public Egyptian university located in Fayoum Governorate, Egypt. It is an educational, scientific, and research institution that offers a wide range of academic programs across different fields. The university focuses on providing high-quality education, scientific research, innovation, community service, digital transformation, and sustainable development. Its mission is to prepare qualified graduates who can develop critical thinking and creativity and compete effectively in the labor market.","https://maps.google.com/?q=The+British+University+in+Egypt,+Knowledge+Hub+Universities,+New+Administrative+Capital,+Egypt",https://res.cloudinary.com/yrqizhfy/image/upload/v1784919276/Fayoum-University_qebpls.webp,Faculty of Education,"Arabic Language
English Language
French Language
History
Geography
Philosophy and Sociology
Psychology
Chemistry
Physics
Biology and Geology
Mathematics
Basic Education
Special Education",
Fayoum University,"Fayoum University is a public Egyptian university located in Fayoum Governorate, Egypt. It is an educational, scientific, and research institution that offers a wide range of academic programs across different fields. The university focuses on providing high-quality education, scientific research, innovation, community service, digital transformation, and sustainable development. Its mission is to prepare qualified graduates who can develop critical thinking and creativity and compete effectively in the labor market.","https://maps.google.com/?q=The+British+University+in+Egypt,+Knowledge+Hub+Universities,+New+Administrative+Capital,+Egypt",https://res.cloudinary.com/yrqizhfy/image/upload/v1784919276/Fayoum-University_qebpls.webp,Faculty of Agriculture,"Agricultural Economics
Agricultural Engineering
Agronomy
Animal Production
Food Science and Technology
Horticulture
Plant Protection
Soil and Water Sciences
Genetics
Biotechnology",
Fayoum University,"Fayoum University is a public Egyptian university located in Fayoum Governorate, Egypt. It is an educational, scientific, and research institution that offers a wide range of academic programs across different fields. The university focuses on providing high-quality education, scientific research, innovation, community service, digital transformation, and sustainable development. Its mission is to prepare qualified graduates who can develop critical thinking and creativity and compete effectively in the labor market.","https://maps.google.com/?q=The+British+University+in+Egypt,+Knowledge+Hub+Universities,+New+Administrative+Capital,+Egypt",https://res.cloudinary.com/yrqizhfy/image/upload/v1784919276/Fayoum-University_qebpls.webp,Faculty of Engineering,"Civil Engineering
Architectural Engineering
Electrical Engineering
Mechanical Engineering",
Fayoum University,"Fayoum University is a public Egyptian university located in Fayoum Governorate, Egypt. It is an educational, scientific, and research institution that offers a wide range of academic programs across different fields. The university focuses on providing high-quality education, scientific research, innovation, community service, digital transformation, and sustainable development. Its mission is to prepare qualified graduates who can develop critical thinking and creativity and compete effectively in the labor market.","https://maps.google.com/?q=The+British+University+in+Egypt,+Knowledge+Hub+Universities,+New+Administrative+Capital,+Egypt",https://res.cloudinary.com/yrqizhfy/image/upload/v1784919276/Fayoum-University_qebpls.webp,Faculty of Social Work,"Social Work
Social Casework
Group Work
Community Organization
Social Planning
Fields of Social Work",
Fayoum University,"Fayoum University is a public Egyptian university located in Fayoum Governorate, Egypt. It is an educational, scientific, and research institution that offers a wide range of academic programs across different fields. The university focuses on providing high-quality education, scientific research, innovation, community service, digital transformation, and sustainable development. Its mission is to prepare qualified graduates who can develop critical thinking and creativity and compete effectively in the labor market.","https://maps.google.com/?q=The+British+University+in+Egypt,+Knowledge+Hub+Universities,+New+Administrative+Capital,+Egypt",https://res.cloudinary.com/yrqizhfy/image/upload/v1784919276/Fayoum-University_qebpls.webp,Faculty of Dar Al Uloom,"Arabic Language and Literature
Islamic Studies
Islamic Philosophy
History and Islamic Civilization
Linguistics
Rhetoric and Literary Criticism",
Fayoum University,"Fayoum University is a public Egyptian university located in Fayoum Governorate, Egypt. It is an educational, scientific, and research institution that offers a wide range of academic programs across different fields. The university focuses on providing high-quality education, scientific research, innovation, community service, digital transformation, and sustainable development. Its mission is to prepare qualified graduates who can develop critical thinking and creativity and compete effectively in the labor market.","https://maps.google.com/?q=The+British+University+in+Egypt,+Knowledge+Hub+Universities,+New+Administrative+Capital,+Egypt",https://res.cloudinary.com/yrqizhfy/image/upload/v1784919276/Fayoum-University_qebpls.webp,Faculty of Science,"Mathematics
Physics
Chemistry
Geology
Botany
Zoology",
Fayoum University,"Fayoum University is a public Egyptian university located in Fayoum Governorate, Egypt. It is an educational, scientific, and research institution that offers a wide range of academic programs across different fields. The university focuses on providing high-quality education, scientific research, innovation, community service, digital transformation, and sustainable development. Its mission is to prepare qualified graduates who can develop critical thinking and creativity and compete effectively in the labor market.","https://maps.google.com/?q=The+British+University+in+Egypt,+Knowledge+Hub+Universities,+New+Administrative+Capital,+Egypt",https://res.cloudinary.com/yrqizhfy/image/upload/v1784919276/Fayoum-University_qebpls.webp,Faculty of Tourism and Hotels,"Tourism Studies
Hotel Studies
Tourist Guidance",
Fayoum University,"Fayoum University is a public Egyptian university located in Fayoum Governorate, Egypt. It is an educational, scientific, and research institution that offers a wide range of academic programs across different fields. The university focuses on providing high-quality education, scientific research, innovation, community service, digital transformation, and sustainable development. Its mission is to prepare qualified graduates who can develop critical thinking and creativity and compete effectively in the labor market.","https://maps.google.com/?q=The+British+University+in+Egypt,+Knowledge+Hub+Universities,+New+Administrative+Capital,+Egypt",https://res.cloudinary.com/yrqizhfy/image/upload/v1784919276/Fayoum-University_qebpls.webp,Faculty of Specific Education,"Art Education
Music Education
Home Economics
Educational Technology
Media Education",
Fayoum University,"Fayoum University is a public Egyptian university located in Fayoum Governorate, Egypt. It is an educational, scientific, and research institution that offers a wide range of academic programs across different fields. The university focuses on providing high-quality education, scientific research, innovation, community service, digital transformation, and sustainable development. Its mission is to prepare qualified graduates who can develop critical thinking and creativity and compete effectively in the labor market.","https://maps.google.com/?q=The+British+University+in+Egypt,+Knowledge+Hub+Universities,+New+Administrative+Capital,+Egypt",https://res.cloudinary.com/yrqizhfy/image/upload/v1784919276/Fayoum-University_qebpls.webp,Faculty of Archaeology,"Egyptian Archaeology
Islamic Archaeology
Restoration of Antiquities
Archaeological Excavation and Conservation",
Fayoum University,"Fayoum University is a public Egyptian university located in Fayoum Governorate, Egypt. It is an educational, scientific, and research institution that offers a wide range of academic programs across different fields. The university focuses on providing high-quality education, scientific research, innovation, community service, digital transformation, and sustainable development. Its mission is to prepare qualified graduates who can develop critical thinking and creativity and compete effectively in the labor market.","https://maps.google.com/?q=The+British+University+in+Egypt,+Knowledge+Hub+Universities,+New+Administrative+Capital,+Egypt",https://res.cloudinary.com/yrqizhfy/image/upload/v1784919276/Fayoum-University_qebpls.webp,Faculty of Medicine,Medicine and Surgery,
Fayoum University,"Fayoum University is a public Egyptian university located in Fayoum Governorate, Egypt. It is an educational, scientific, and research institution that offers a wide range of academic programs across different fields. The university focuses on providing high-quality education, scientific research, innovation, community service, digital transformation, and sustainable development. Its mission is to prepare qualified graduates who can develop critical thinking and creativity and compete effectively in the labor market.","https://maps.google.com/?q=The+British+University+in+Egypt,+Knowledge+Hub+Universities,+New+Administrative+Capital,+Egypt",https://res.cloudinary.com/yrqizhfy/image/upload/v1784919276/Fayoum-University_qebpls.webp,Faculty of Arts,"Arabic Language and Literature
English Language and Literature
French Language and Literature
History
Geography
Sociology
Psychology
Philosophy
Library and Information Science",
Fayoum University,"Fayoum University is a public Egyptian university located in Fayoum Governorate, Egypt. It is an educational, scientific, and research institution that offers a wide range of academic programs across different fields. The university focuses on providing high-quality education, scientific research, innovation, community service, digital transformation, and sustainable development. Its mission is to prepare qualified graduates who can develop critical thinking and creativity and compete effectively in the labor market.","https://maps.google.com/?q=The+British+University+in+Egypt,+Knowledge+Hub+Universities,+New+Administrative+Capital,+Egypt",https://res.cloudinary.com/yrqizhfy/image/upload/v1784919276/Fayoum-University_qebpls.webp,Faculty of Computers and Artificial Intelligence,"Computer Science
Information Systems
Artificial Intelligence
Information Technology",
Fayoum University,"Fayoum University is a public Egyptian university located in Fayoum Governorate, Egypt. It is an educational, scientific, and research institution that offers a wide range of academic programs across different fields. The university focuses on providing high-quality education, scientific research, innovation, community service, digital transformation, and sustainable development. Its mission is to prepare qualified graduates who can develop critical thinking and creativity and compete effectively in the labor market.","https://maps.google.com/?q=The+British+University+in+Egypt,+Knowledge+Hub+Universities,+New+Administrative+Capital,+Egypt",https://res.cloudinary.com/yrqizhfy/image/upload/v1784919276/Fayoum-University_qebpls.webp,Faculty of Early Childhood Education,"Early Childhood Education
Kindergarten Education
Child Psychology
Child Health and Nutrition",
Fayoum University,"Fayoum University is a public Egyptian university located in Fayoum Governorate, Egypt. It is an educational, scientific, and research institution that offers a wide range of academic programs across different fields. The university focuses on providing high-quality education, scientific research, innovation, community service, digital transformation, and sustainable development. Its mission is to prepare qualified graduates who can develop critical thinking and creativity and compete effectively in the labor market.","https://maps.google.com/?q=The+British+University+in+Egypt,+Knowledge+Hub+Universities,+New+Administrative+Capital,+Egypt",https://res.cloudinary.com/yrqizhfy/image/upload/v1784919276/Fayoum-University_qebpls.webp,Faculty of Nursing,"Medical-Surgical Nursing
Pediatric Nursing
Obstetric and Gynecological Nursing
Community Health Nursing
Psychiatric and Mental Health Nursing
Critical Care and Emergency Nursing",
 Fayoum University,"Fayoum University is a public Egyptian university located in Fayoum Governorate, Egypt. It is an educational, scientific, and research institution that offers a wide range of academic programs across different fields. The university focuses on providing high-quality education, scientific research, innovation, community service, digital transformation, and sustainable development. Its mission is to prepare qualified graduates who can develop critical thinking and creativity and compete effectively in the labor market.","https://maps.google.com/?q=The+British+University+in+Egypt,+Knowledge+Hub+Universities,+New+Administrative+Capital,+Egypt",https://res.cloudinary.com/yrqizhfy/image/upload/v1784919276/Fayoum-University_qebpls.webp,Faculty of Dentistry,Oral and Dental Medicine and Surgery,
Fayoum University,"Fayoum University is a public Egyptian university located in Fayoum Governorate, Egypt. It is an educational, scientific, and research institution that offers a wide range of academic programs across different fields. The university focuses on providing high-quality education, scientific research, innovation, community service, digital transformation, and sustainable development. Its mission is to prepare qualified graduates who can develop critical thinking and creativity and compete effectively in the labor market.","https://maps.google.com/?q=The+British+University+in+Egypt,+Knowledge+Hub+Universities,+New+Administrative+Capital,+Egypt",https://res.cloudinary.com/yrqizhfy/image/upload/v1784919276/Fayoum-University_qebpls.webp,Faculty of Pharmacy,"Pharmaceutical Sciences
Clinical Pharmacy",
Fayoum University,"Fayoum University is a public Egyptian university located in Fayoum Governorate, Egypt. It is an educational, scientific, and research institution that offers a wide range of academic programs across different fields. The university focuses on providing high-quality education, scientific research, innovation, community service, digital transformation, and sustainable development. Its mission is to prepare qualified graduates who can develop critical thinking and creativity and compete effectively in the labor market.","https://maps.google.com/?q=The+British+University+in+Egypt,+Knowledge+Hub+Universities,+New+Administrative+Capital,+Egypt",https://res.cloudinary.com/yrqizhfy/image/upload/v1784919276/Fayoum-University_qebpls.webp,Faculty of Law,"Public Law
Private Law
Criminal Law
Civil Law
Commercial Law",
Fayoum University,"Fayoum University is a public Egyptian university located in Fayoum Governorate, Egypt. It is an educational, scientific, and research institution that offers a wide range of academic programs across different fields. The university focuses on providing high-quality education, scientific research, innovation, community service, digital transformation, and sustainable development. Its mission is to prepare qualified graduates who can develop critical thinking and creativity and compete effectively in the labor market.","https://maps.google.com/?q=The+British+University+in+Egypt,+Knowledge+Hub+Universities,+New+Administrative+Capital,+Egypt",https://res.cloudinary.com/yrqizhfy/image/upload/v1784919276/Fayoum-University_qebpls.webp,Faculty of Sports Sciences,"Sports Training
Sports Management and Recreation
Physical Education",
"
Fayoum University","Fayoum University is a public Egyptian university located in Fayoum Governorate, Egypt. It is an educational, scientific, and research institution that offers a wide range of academic programs across different fields. The university focuses on providing high-quality education, scientific research, innovation, community service, digital transformation, and sustainable development. Its mission is to prepare qualified graduates who can develop critical thinking and creativity and compete effectively in the labor market.","https://maps.google.com/?q=The+British+University+in+Egypt,+Knowledge+Hub+Universities,+New+Administrative+Capital,+Egypt",https://res.cloudinary.com/yrqizhfy/image/upload/v1784919276/Fayoum-University_qebpls.webp,Faculty of Al-Alsun (Languages),"English Language
French Language
German Language
Spanish Language
Italian Language
Chinese Language",
Fayoum National University,"Fayoum National University is a private national university located in Fayoum, Egypt. It offers a range of academic programs across various fields, including medicine, dentistry, pharmacy, engineering, computer science, artificial intelligence, and other disciplines. The university aims to provide high-quality education and develop students’ academic, practical, and professional skills to prepare them for the future job market.
","https://maps.google.com/?q=The+British+University+in+Egypt,+Knowledge+Hub+Universities,+New+Administrative+Capital,+Egypt",https://res.cloudinary.com/yrqizhfy/image/upload/v1784916511/Fayoumnational_h5djcn.jpg,Faculty of Medicine,,"135,000 "
Fayoum National University,"Fayoum National University is a private national university located in Fayoum, Egypt. It offers a range of academic programs across various fields, including medicine, dentistry, pharmacy, engineering, computer science, artificial intelligence, and other disciplines. The university aims to provide high-quality education and develop students’ academic, practical, and professional skills to prepare them for the future job market.","https://maps.google.com/?q=The+British+University+in+Egypt,+Knowledge+Hub+Universities,+New+Administrative+Capital,+Egypt",https://res.cloudinary.com/yrqizhfy/image/upload/v1784916511/Fayoumnational_h5djcn.jpg,Faculty of Oral and Dental Medicine and Surgery,,"115,000 "
Fayoum National University,"Fayoum National University is a private national university located in Fayoum, Egypt. It offers a range of academic programs across various fields, including medicine, dentistry, pharmacy, engineering, computer science, artificial intelligence, and other disciplines. The university aims to provide high-quality education and develop students’ academic, practical, and professional skills to prepare them for the future job market.","https://maps.google.com/?q=The+British+University+in+Egypt,+Knowledge+Hub+Universities,+New+Administrative+Capital,+Egypt",https://res.cloudinary.com/yrqizhfy/image/upload/v1784916511/Fayoumnational_h5djcn.jpg,Faculty of Engineering,,"65,000"
Fayoum National University,"Fayoum National University is a private national university located in Fayoum, Egypt. It offers a range of academic programs across various fields, including medicine, dentistry, pharmacy, engineering, computer science, artificial intelligence, and other disciplines. The university aims to provide high-quality education and develop students’ academic, practical, and professional skills to prepare them for the future job market.","https://maps.google.com/?q=The+British+University+in+Egypt,+Knowledge+Hub+Universities,+New+Administrative+Capital,+Egypt",https://res.cloudinary.com/yrqizhfy/image/upload/v1784916511/Fayoumnational_h5djcn.jpg,"Faculty of Computers, Information and Artificial Intelligence",,"65,000"
Fayoum National University,"Fayoum National University is a private national university located in Fayoum, Egypt. It offers a range of academic programs across various fields, including medicine, dentistry, pharmacy, engineering, computer science, artificial intelligence, and other disciplines. The university aims to provide high-quality education and develop students’ academic, practical, and professional skills to prepare them for the future job market.","https://maps.google.com/?q=The+British+University+in+Egypt,+Knowledge+Hub+Universities,+New+Administrative+Capital,+Egypt",https://res.cloudinary.com/yrqizhfy/image/upload/v1784916511/Fayoumnational_h5djcn.jpg,Faculty of Nursing,,"55,000"
Fayoum National University,"Fayoum National University is a private national university located in Fayoum, Egypt. It offers a range of academic programs across various fields, including medicine, dentistry, pharmacy, engineering, computer science, artificial intelligence, and other disciplines. The university aims to provide high-quality education and develop students’ academic, practical, and professional skills to prepare them for the future job market.","https://maps.google.com/?q=The+British+University+in+Egypt,+Knowledge+Hub+Universities,+New+Administrative+Capital,+Egypt",https://res.cloudinary.com/yrqizhfy/image/upload/v1784916511/Fayoumnational_h5djcn.jpg,Faculty of Science, ,"50,000 "
Fayoum National University,"Fayoum National University is a private national university located in Fayoum, Egypt. It offers a range of academic programs across various fields, including medicine, dentistry, pharmacy, engineering, computer science, artificial intelligence, and other disciplines. The university aims to provide high-quality education and develop students’ academic, practical, and professional skills to prepare them for the future job market.","https://maps.google.com/?q=The+British+University+in+Egypt,+Knowledge+Hub+Universities,+New+Administrative+Capital,+Egypt",https://res.cloudinary.com/yrqizhfy/image/upload/v1784916511/Fayoumnational_h5djcn.jpg,Faculty of Languages and Humanities,,"40,000"
Nile Valley University,"Wadi El Nile University is a higher education institution located in Fayoum, Egypt. The university aims to provide students with quality education and develop their academic and practical skills through various educational programs and fields of study. It prepares graduates with the knowledge and skills needed to pursue their future careers and contribute to society.","https://maps.google.com/?q=The+British+University+in+Egypt,+Knowledge+Hub+Universities,+New+Administrative+Capital,+Egypt",https://res.cloudinary.com/yrqizhfy/image/upload/v1784916517/NIleValley_f0qf9q.jpg,Faculty of Oral and Dental Medicine,Oral and Dental Medicine and Surgery,"139,000"
Nile Valley University,"Wadi El Nile University is a higher education institution located in Fayoum, Egypt. The university aims to provide students with quality education and develop their academic and practical skills through various educational programs and fields of study. It prepares graduates with the knowledge and skills needed to pursue their future careers and contribute to society.","https://maps.google.com/?q=The+British+University+in+Egypt,+Knowledge+Hub+Universities,+New+Administrative+Capital,+Egypt",https://res.cloudinary.com/yrqizhfy/image/upload/v1784916517/NIleValley_f0qf9q.jpg,Faculty of Pharmacy,Clinical Pharmacy and Pharmaceutical Manufacturing,"110,000"
Nile Valley University,"Wadi El Nile University is a higher education institution located in Fayoum, Egypt. The university aims to provide students with quality education and develop their academic and practical skills through various educational programs and fields of study. It prepares graduates with the knowledge and skills needed to pursue their future careers and contribute to society.","https://maps.google.com/?q=The+British+University+in+Egypt,+Knowledge+Hub+Universities,+New+Administrative+Capital,+Egypt",https://res.cloudinary.com/yrqizhfy/image/upload/v1784916517/NIleValley_f0qf9q.jpg,Faculty of Applied Health Sciences Technology,"Medical Laboratory Technology
Radiology and Medical Imaging Technology
Respiratory Care Technology
Dental Prosthetics Manufacturing Technology","56,000"
Nile Valley University,"Wadi El Nile University is a higher education institution located in Fayoum, Egypt. The university aims to provide students with quality education and develop their academic and practical skills through various educational programs and fields of study. It prepares graduates with the knowledge and skills needed to pursue their future careers and contribute to society.","https://maps.google.com/?q=The+British+University+in+Egypt,+Knowledge+Hub+Universities,+New+Administrative+Capital,+Egypt",https://res.cloudinary.com/yrqizhfy/image/upload/v1784916517/NIleValley_f0qf9q.jpg,Faculty of Nursing,,"58,000"
Sinai University,"Sinai University is a private university in Egypt with campuses in Arish and El Qantara. It offers a wide range of academic programs across various fields, including medicine, dentistry, pharmacy, engineering, computer science, business, and other disciplines. The university aims to provide high-quality education and prepare students with the academic knowledge and practical skills needed for their future careers.","https://maps.google.com/?q=The+British+University+in+Egypt,+Knowledge+Hub+Universities,+New+Administrative+Capital,+Egypt",https://res.cloudinary.com/yrqizhfy/image/upload/v1784916519/Sinai_jhqscg.jpg,Faculty of Dentistry,Dental Surgery,"(Qantra Campuss)223,000-(Arish Campus) 214,500"
Sinai University,"Sinai University is a private university in Egypt with campuses in Arish and El Qantara. It offers a wide range of academic programs across various fields, including medicine, dentistry, pharmacy, engineering, computer science, business, and other disciplines. The university aims to provide high-quality education and prepare students with the academic knowledge and practical skills needed for their future careers.","https://maps.google.com/?q=The+British+University+in+Egypt,+Knowledge+Hub+Universities,+New+Administrative+Capital,+Egypt",https://res.cloudinary.com/yrqizhfy/image/upload/v1784916519/Sinai_jhqscg.jpg,Faculty of Pharmacy,Pharmacy (Pharm D),"(Qantra Campuss)165,000 -(Arish Campus)149,000 "
Sinai University,"Sinai University is a private university in Egypt with campuses in Arish and El Qantara. It offers a wide range of academic programs across various fields, including medicine, dentistry, pharmacy, engineering, computer science, business, and other disciplines. The university aims to provide high-quality education and prepare students with the academic knowledge and practical skills needed for their future careers.","https://maps.google.com/?q=The+British+University+in+Egypt,+Knowledge+Hub+Universities,+New+Administrative+Capital,+Egypt",https://res.cloudinary.com/yrqizhfy/image/upload/v1784916519/Sinai_jhqscg.jpg,Faculty of Physical Therapy,Physical Therapy,"(Qantra Campuss)149,000-(Arish Campus)"
Sinai University,"Sinai University is a private university in Egypt with campuses in Arish and El Qantara. It offers a wide range of academic programs across various fields, including medicine, dentistry, pharmacy, engineering, computer science, business, and other disciplines. The university aims to provide high-quality education and prepare students with the academic knowledge and practical skills needed for their future careers.","https://maps.google.com/?q=The+British+University+in+Egypt,+Knowledge+Hub+Universities,+New+Administrative+Capital,+Egypt",https://res.cloudinary.com/yrqizhfy/image/upload/v1784916519/Sinai_jhqscg.jpg,Faculty of Engineering,"Civil Engineering
Architectural Engineering
Architectural and Interior Design
Urban and City Planning
Electrical and Computer Engineering
Electronics and Communication Engineering
Computer and Control Engineering
Electrical Power and Machines Engineering
Communication and Information Engineering
Mechanical Engineering
Mechanical Power Engineering
Mechatronics Engineering
Design and Production Engineering
Biomedical Engineering","(Qantra Campuss)63,000-(Arish Campus)69,500"
Sinai University,"Sinai University is a private university in Egypt with campuses in Arish and El Qantara. It offers a wide range of academic programs across various fields, including medicine, dentistry, pharmacy, engineering, computer science, business, and other disciplines. The university aims to provide high-quality education and prepare students with the academic knowledge and practical skills needed for their future careers.","https://maps.google.com/?q=The+British+University+in+Egypt,+Knowledge+Hub+Universities,+New+Administrative+Capital,+Egypt",https://res.cloudinary.com/yrqizhfy/image/upload/v1784916519/Sinai_jhqscg.jpg,Faculty of Information Technology and Computer Science,"Computer Science and Software Engineering
Information and Decision Support Systems
Information Technology","(Qantra Campuss)94,000-(Arish Campus) 83,500 "
Sinai University,"Sinai University is a private university in Egypt with campuses in Arish and El Qantara. It offers a wide range of academic programs across various fields, including medicine, dentistry, pharmacy, engineering, computer science, business, and other disciplines. The university aims to provide high-quality education and prepare students with the academic knowledge and practical skills needed for their future careers.","https://maps.google.com/?q=The+British+University+in+Egypt,+Knowledge+Hub+Universities,+New+Administrative+Capital,+Egypt",https://res.cloudinary.com/yrqizhfy/image/upload/v1784916519/Sinai_jhqscg.jpg,Faculty of Business Administration - BIS,"Management
Accounting
Marketing
Finance and Investment
Business Information Systems (BIS)","(Qantra Campuss) 61,500"
Sinai University,"Sinai University is a private university in Egypt with campuses in Arish and El Qantara. It offers a wide range of academic programs across various fields, including medicine, dentistry, pharmacy, engineering, computer science, business, and other disciplines. The university aims to provide high-quality education and prepare students with the academic knowledge and practical skills needed for their future careers.","https://maps.google.com/?q=The+British+University+in+Egypt,+Knowledge+Hub+Universities,+New+Administrative+Capital,+Egypt",https://res.cloudinary.com/yrqizhfy/image/upload/v1784916519/Sinai_jhqscg.jpg,Faculty of Mass Communication,"News Journalism
Radio and Television Production
Integrated Marketing Communication","(Qantra Campuss)English  61,500 - Arabic 55,000"
Sinai University,"Sinai University is a private university in Egypt with campuses in Arish and El Qantara. It offers a wide range of academic programs across various fields, including medicine, dentistry, pharmacy, engineering, computer science, business, and other disciplines. The university aims to provide high-quality education and prepare students with the academic knowledge and practical skills needed for their future careers.","https://maps.google.com/?q=The+British+University+in+Egypt,+Knowledge+Hub+Universities,+New+Administrative+Capital,+Egypt",https://res.cloudinary.com/yrqizhfy/image/upload/v1784916519/Sinai_jhqscg.jpg,Faculty of Biotechnology,"Pharmaceutical Biotechnology
Cosmetics Biotechnology
Industrial Biotechnology
Environmental Biotechnology
Biotechnology and Bioinformatics
Biotechnology and Bioeconomy","(Qantra Campuss) 82,000"
King Salman International University,"King Salman International University (KSIU) is a public international university in Egypt with campuses in Al-Tor, Ras Sedr, and Sharm El-Sheikh. The university offers a wide range of academic programs across various fields, including medicine, dentistry, pharmacy, engineering, computer science, artificial intelligence, tourism, and other disciplines. KSIU aims to provide high-quality, internationally oriented education and prepare graduates with the knowledge and practical skills needed to compete in the local and global job markets.","https://maps.google.com/?q=The+British+University+in+Egypt,+Knowledge+Hub+Universities,+New+Administrative+Capital,+Egypt",https://res.cloudinary.com/yrqizhfy/image/upload/v1784916514/Kingsalman_em1xpy.jpg,Faculty of Medicine,Medicine and Surgery,"152,460"
King Salman International University,"King Salman International University (KSIU) is a public international university in Egypt with campuses in Al-Tor, Ras Sedr, and Sharm El-Sheikh. The university offers a wide range of academic programs across various fields, including medicine, dentistry, pharmacy, engineering, computer science, artificial intelligence, tourism, and other disciplines. KSIU aims to provide high-quality, internationally oriented education and prepare graduates with the knowledge and practical skills needed to compete in the local and global job markets.","https://maps.google.com/?q=The+British+University+in+Egypt,+Knowledge+Hub+Universities,+New+Administrative+Capital,+Egypt",https://res.cloudinary.com/yrqizhfy/image/upload/v1784916514/Kingsalman_em1xpy.jpg,Faculty of Dentistry,Dentistry,"125,000"
King Salman International University,"King Salman International University (KSIU) is a public international university in Egypt with campuses in Al-Tor, Ras Sedr, and Sharm El-Sheikh. The university offers a wide range of academic programs across various fields, including medicine, dentistry, pharmacy, engineering, computer science, artificial intelligence, tourism, and other disciplines. KSIU aims to provide high-quality, internationally oriented education and prepare graduates with the knowledge and practical skills needed to compete in the local and global job markets.","https://maps.google.com/?q=The+British+University+in+Egypt,+Knowledge+Hub+Universities,+New+Administrative+Capital,+Egypt",https://res.cloudinary.com/yrqizhfy/image/upload/v1784916514/Kingsalman_em1xpy.jpg,Faculty of Nursing,Nursing,"44,640"
King Salman International University,"King Salman International University (KSIU) is a public international university in Egypt with campuses in Al-Tor, Ras Sedr, and Sharm El-Sheikh. The university offers a wide range of academic programs across various fields, including medicine, dentistry, pharmacy, engineering, computer science, artificial intelligence, tourism, and other disciplines. KSIU aims to provide high-quality, internationally oriented education and prepare graduates with the knowledge and practical skills needed to compete in the local and global job markets.","https://maps.google.com/?q=The+British+University+in+Egypt,+Knowledge+Hub+Universities,+New+Administrative+Capital,+Egypt",https://res.cloudinary.com/yrqizhfy/image/upload/v1784916514/Kingsalman_em1xpy.jpg,Faculty of Engineering,"- Mechatronics Engineering
- Energy Engineering
- Electronics and Communications Engineering
- Engineering and Construction Management","75,900"
King Salman International University,"King Salman International University (KSIU) is a public international university in Egypt with campuses in Al-Tor, Ras Sedr, and Sharm El-Sheikh. The university offers a wide range of academic programs across various fields, including medicine, dentistry, pharmacy, engineering, computer science, artificial intelligence, tourism, and other disciplines. KSIU aims to provide high-quality, internationally oriented education and prepare graduates with the knowledge and practical skills needed to compete in the local and global job markets.","https://maps.google.com/?q=The+British+University+in+Egypt,+Knowledge+Hub+Universities,+New+Administrative+Capital,+Egypt",https://res.cloudinary.com/yrqizhfy/image/upload/v1784916514/Kingsalman_em1xpy.jpg,Faculty of Computer Engineering,"- Computer Engineering
- Artificial Intelligence Engineering","75,900"
King Salman International University,"King Salman International University (KSIU) is a public international university in Egypt with campuses in Al-Tor, Ras Sedr, and Sharm El-Sheikh. The university offers a wide range of academic programs across various fields, including medicine, dentistry, pharmacy, engineering, computer science, artificial intelligence, tourism, and other disciplines. KSIU aims to provide high-quality, internationally oriented education and prepare graduates with the knowledge and practical skills needed to compete in the local and global job markets.","https://maps.google.com/?q=The+British+University+in+Egypt,+Knowledge+Hub+Universities,+New+Administrative+Capital,+Egypt",https://res.cloudinary.com/yrqizhfy/image/upload/v1784916514/Kingsalman_em1xpy.jpg,Faculty of Computer Science,"- Computer Science
- Artificial Intelligence Science
","75,900"
King Salman International University,"King Salman International University (KSIU) is a public international university in Egypt with campuses in Al-Tor, Ras Sedr, and Sharm El-Sheikh. The university offers a wide range of academic programs across various fields, including medicine, dentistry, pharmacy, engineering, computer science, artificial intelligence, tourism, and other disciplines. KSIU aims to provide high-quality, internationally oriented education and prepare graduates with the knowledge and practical skills needed to compete in the local and global job markets.","https://maps.google.com/?q=The+British+University+in+Egypt,+Knowledge+Hub+Universities,+New+Administrative+Capital,+Egypt",https://res.cloudinary.com/yrqizhfy/image/upload/v1784916514/Kingsalman_em1xpy.jpg,Faculty of Technological Industries,"- Refrigeration and Air Conditioning Technology
- Production Lines Technology
- Microelectronics Technology","42,900"
King Salman International University,"King Salman International University (KSIU) is a public international university in Egypt with campuses in Al-Tor, Ras Sedr, and Sharm El-Sheikh. The university offers a wide range of academic programs across various fields, including medicine, dentistry, pharmacy, engineering, computer science, artificial intelligence, tourism, and other disciplines. KSIU aims to provide high-quality, internationally oriented education and prepare graduates with the knowledge and practical skills needed to compete in the local and global job markets.","https://maps.google.com/?q=The+British+University+in+Egypt,+Knowledge+Hub+Universities,+New+Administrative+Capital,+Egypt",https://res.cloudinary.com/yrqizhfy/image/upload/v1784916514/Kingsalman_em1xpy.jpg,Faculty of Administrative Sciences,"- Investment and Finance
- Marketing and International Business","50,600"
King Salman International University,"King Salman International University (KSIU) is a public international university in Egypt with campuses in Al-Tor, Ras Sedr, and Sharm El-Sheikh. The university offers a wide range of academic programs across various fields, including medicine, dentistry, pharmacy, engineering, computer science, artificial intelligence, tourism, and other disciplines. KSIU aims to provide high-quality, internationally oriented education and prepare graduates with the knowledge and practical skills needed to compete in the local and global job markets.","https://maps.google.com/?q=The+British+University+in+Egypt,+Knowledge+Hub+Universities,+New+Administrative+Capital,+Egypt",https://res.cloudinary.com/yrqizhfy/image/upload/v1784916514/Kingsalman_em1xpy.jpg,Faculty of Al-Alsun and Applied Languages,"- Translation and Simultaneous Interpreting in English
- Translation and Simultaneous Interpreting in German
- Translation and Simultaneous Interpreting in Russian
","47,300"
King Salman International University,"King Salman International University (KSIU) is a public international university in Egypt with campuses in Al-Tor, Ras Sedr, and Sharm El-Sheikh. The university offers a wide range of academic programs across various fields, including medicine, dentistry, pharmacy, engineering, computer science, artificial intelligence, tourism, and other disciplines. KSIU aims to provide high-quality, internationally oriented education and prepare graduates with the knowledge and practical skills needed to compete in the local and global job markets.","https://maps.google.com/?q=The+British+University+in+Egypt,+Knowledge+Hub+Universities,+New+Administrative+Capital,+Egypt",https://res.cloudinary.com/yrqizhfy/image/upload/v1784916514/Kingsalman_em1xpy.jpg,Faculty of Art and Design,"- Interior Architecture
- Graphic Design and Branding
- Animation","53,900"
King Salman International University,"King Salman International University (KSIU) is a public international university in Egypt with campuses in Al-Tor, Ras Sedr, and Sharm El-Sheikh. The university offers a wide range of academic programs across various fields, including medicine, dentistry, pharmacy, engineering, computer science, artificial intelligence, tourism, and other disciplines. KSIU aims to provide high-quality, internationally oriented education and prepare graduates with the knowledge and practical skills needed to compete in the local and global job markets.","https://maps.google.com/?q=The+British+University+in+Egypt,+Knowledge+Hub+Universities,+New+Administrative+Capital,+Egypt",https://res.cloudinary.com/yrqizhfy/image/upload/v1784916514/Kingsalman_em1xpy.jpg,Faculty of Tourism and Hospitality,"- Hotel and Resort Management
- Air Transport Management","40,000"
King Salman International University,"King Salman International University (KSIU) is a public international university in Egypt with campuses in Al-Tor, Ras Sedr, and Sharm El-Sheikh. The university offers a wide range of academic programs across various fields, including medicine, dentistry, pharmacy, engineering, computer science, artificial intelligence, tourism, and other disciplines. KSIU aims to provide high-quality, internationally oriented education and prepare graduates with the knowledge and practical skills needed to compete in the local and global job markets.","https://maps.google.com/?q=The+British+University+in+Egypt,+Knowledge+Hub+Universities,+New+Administrative+Capital,+Egypt",https://res.cloudinary.com/yrqizhfy/image/upload/v1784916514/Kingsalman_em1xpy.jpg,Faculty of Architecture,Architecture,"75,900"
King Salman International University,"King Salman International University (KSIU) is a public international university in Egypt with campuses in Al-Tor, Ras Sedr, and Sharm El-Sheikh. The university offers a wide range of academic programs across various fields, including medicine, dentistry, pharmacy, engineering, computer science, artificial intelligence, tourism, and other disciplines. KSIU aims to provide high-quality, internationally oriented education and prepare graduates with the knowledge and practical skills needed to compete in the local and global job markets.","https://maps.google.com/?q=The+British+University+in+Egypt,+Knowledge+Hub+Universities,+New+Administrative+Capital,+Egypt",https://res.cloudinary.com/yrqizhfy/image/upload/v1784916514/Kingsalman_em1xpy.jpg,Faculty of Physical Therapy,Physical Therapy,"93,500"
King Salman International University,"King Salman International University (KSIU) is a public international university in Egypt with campuses in Al-Tor, Ras Sedr, and Sharm El-Sheikh. The university offers a wide range of academic programs across various fields, including medicine, dentistry, pharmacy, engineering, computer science, artificial intelligence, tourism, and other disciplines. KSIU aims to provide high-quality, internationally oriented education and prepare graduates with the knowledge and practical skills needed to compete in the local and global job markets.","https://maps.google.com/?q=The+British+University+in+Egypt,+Knowledge+Hub+Universities,+New+Administrative+Capital,+Egypt",https://res.cloudinary.com/yrqizhfy/image/upload/v1784916514/Kingsalman_em1xpy.jpg,Faculty of Pharmacy,Doctor of Pharmacy (PharmD),"110,000"
King Salman International University,"King Salman International University (KSIU) is a public international university in Egypt with campuses in Al-Tor, Ras Sedr, and Sharm El-Sheikh. The university offers a wide range of academic programs across various fields, including medicine, dentistry, pharmacy, engineering, computer science, artificial intelligence, tourism, and other disciplines. KSIU aims to provide high-quality, internationally oriented education and prepare graduates with the knowledge and practical skills needed to compete in the local and global job markets.","https://maps.google.com/?q=The+British+University+in+Egypt,+Knowledge+Hub+Universities,+New+Administrative+Capital,+Egypt",https://res.cloudinary.com/yrqizhfy/image/upload/v1784916514/Kingsalman_em1xpy.jpg,Faculty of Veterinary Medicine,Veterinary Medicine,"87,120"
King Salman International University,"King Salman International University (KSIU) is a public international university in Egypt with campuses in Al-Tor, Ras Sedr, and Sharm El-Sheikh. The university offers a wide range of academic programs across various fields, including medicine, dentistry, pharmacy, engineering, computer science, artificial intelligence, tourism, and other disciplines. KSIU aims to provide high-quality, internationally oriented education and prepare graduates with the knowledge and practical skills needed to compete in the local and global job markets.","https://maps.google.com/?q=The+British+University+in+Egypt,+Knowledge+Hub+Universities,+New+Administrative+Capital,+Egypt",https://res.cloudinary.com/yrqizhfy/image/upload/v1784916514/Kingsalman_em1xpy.jpg,Faculty of Basic Sciences,"- Petroleum Chemistry
- Molecular Biotechnology","52,800"
King Salman International University,"King Salman International University (KSIU) is a public international university in Egypt with campuses in Al-Tor, Ras Sedr, and Sharm El-Sheikh. The university offers a wide range of academic programs across various fields, including medicine, dentistry, pharmacy, engineering, computer science, artificial intelligence, tourism, and other disciplines. KSIU aims to provide high-quality, internationally oriented education and prepare graduates with the knowledge and practical skills needed to compete in the local and global job markets.","https://maps.google.com/?q=The+British+University+in+Egypt,+Knowledge+Hub+Universities,+New+Administrative+Capital,+Egypt",https://res.cloudinary.com/yrqizhfy/image/upload/v1784916514/Kingsalman_em1xpy.jpg,Faculty of Desert Agriculture,"- Plant Production
- Animal Production","47,300"
Alexandria National University,"Alexandria National University (ANU) is a national university located in Alexandria, Egypt. It offers a variety of academic programs across several fields, including medicine, dentistry, pharmacy, engineering, computer science, business, and other disciplines. The university aims to provide high-quality education and equip students with the academic knowledge and practical skills needed for their future careers.","https://maps.google.com/?q=The+British+University+in+Egypt,+Knowledge+Hub+Universities,+New+Administrative+Capital,+Egypt",https://res.cloudinary.com/yrqizhfy/image/upload/v1784916507/AlexandriaNational_tfcso3.jpg,Faculty of Medicine,Medicine and Surgery,"176,000"
Alexandria National University,"Alexandria National University (ANU) is a national university located in Alexandria, Egypt. It offers a variety of academic programs across several fields, including medicine, dentistry, pharmacy, engineering, computer science, business, and other disciplines. The university aims to provide high-quality education and equip students with the academic knowledge and practical skills needed for their future careers.","https://maps.google.com/?q=The+British+University+in+Egypt,+Knowledge+Hub+Universities,+New+Administrative+Capital,+Egypt",https://res.cloudinary.com/yrqizhfy/image/upload/v1784916507/AlexandriaNational_tfcso3.jpg,Faculty of Dentistry,Dental Science,"155,000"
Alexandria National University,"Alexandria National University (ANU) is a national university located in Alexandria, Egypt. It offers a variety of academic programs across several fields, including medicine, dentistry, pharmacy, engineering, computer science, business, and other disciplines. The university aims to provide high-quality education and equip students with the academic knowledge and practical skills needed for their future careers.","https://maps.google.com/?q=The+British+University+in+Egypt,+Knowledge+Hub+Universities,+New+Administrative+Capital,+Egypt",https://res.cloudinary.com/yrqizhfy/image/upload/v1784916507/AlexandriaNational_tfcso3.jpg,Faculty of Pharmacy,PharmD – Clinical Pharmacy,"137,000"
Alexandria National University,"Alexandria National University (ANU) is a national university located in Alexandria, Egypt. It offers a variety of academic programs across several fields, including medicine, dentistry, pharmacy, engineering, computer science, business, and other disciplines. The university aims to provide high-quality education and equip students with the academic knowledge and practical skills needed for their future careers.","https://maps.google.com/?q=The+British+University+in+Egypt,+Knowledge+Hub+Universities,+New+Administrative+Capital,+Egypt",https://res.cloudinary.com/yrqizhfy/image/upload/v1784916507/AlexandriaNational_tfcso3.jpg,Faculty of Engineering,"- Computer and Communication Engineering
- Mechatronics and Robotics Engineering
- Electromechanical Engineering
- Architectural Engineering and Urban Design","101,000"
Alexandria National University,"Alexandria National University (ANU) is a national university located in Alexandria, Egypt. It offers a variety of academic programs across several fields, including medicine, dentistry, pharmacy, engineering, computer science, business, and other disciplines. The university aims to provide high-quality education and equip students with the academic knowledge and practical skills needed for their future careers.","https://maps.google.com/?q=The+British+University+in+Egypt,+Knowledge+Hub+Universities,+New+Administrative+Capital,+Egypt",https://res.cloudinary.com/yrqizhfy/image/upload/v1784916507/AlexandriaNational_tfcso3.jpg,Faculty of Computer and Data Sciences,"- Cybersecurity
- Intelligent Systems
- Data Science and Artificial Intelligence
- Software Industry and Multimedia","Any major:84,000 

Software Industry and Multimedia Program: 69,000 "
Alexandria National University,"Alexandria National University (ANU) is a national university located in Alexandria, Egypt. It offers a variety of academic programs across several fields, including medicine, dentistry, pharmacy, engineering, computer science, business, and other disciplines. The university aims to provide high-quality education and equip students with the academic knowledge and practical skills needed for their future careers.","https://maps.google.com/?q=The+British+University+in+Egypt,+Knowledge+Hub+Universities,+New+Administrative+Capital,+Egypt",https://res.cloudinary.com/yrqizhfy/image/upload/v1784916514/MansouraNational_p8e9y0.jpg,Faculty of Economics and Business Administration,"- Banking and Finance
- Management
- Marketing and Logistics
- Accounting and Information Systems
- Business Information Systems","69,000"
Alexandria National University,"Alexandria National University (ANU) is a national university located in Alexandria, Egypt. It offers a variety of academic programs across several fields, including medicine, dentistry, pharmacy, engineering, computer science, business, and other disciplines. The university aims to provide high-quality education and equip students with the academic knowledge and practical skills needed for their future careers.","https://maps.google.com/?q=The+British+University+in+Egypt,+Knowledge+Hub+Universities,+New+Administrative+Capital,+Egypt",https://res.cloudinary.com/yrqizhfy/image/upload/v1784916514/MansouraNational_p8e9y0.jpg,Faculty of Media and Communication,Digital Media,"66,000"
Alexandria National University,"Alexandria National University (ANU) is a national university located in Alexandria, Egypt. It offers a variety of academic programs across several fields, including medicine, dentistry, pharmacy, engineering, computer science, business, and other disciplines. The university aims to provide high-quality education and equip students with the academic knowledge and practical skills needed for their future careers.","https://maps.google.com/?q=The+British+University+in+Egypt,+Knowledge+Hub+Universities,+New+Administrative+Capital,+Egypt",https://res.cloudinary.com/yrqizhfy/image/upload/v1784916514/MansouraNational_p8e9y0.jpg,Faculty of Social and Human Sciences,"- Geomatics and Surveying Studies
- Phonetics and Linguistics","64,000"
Mansoura National University,"Mansoura National University is a private national university located in Mansoura, Egypt. It offers a variety of academic programs in different fields, including medicine, dentistry, pharmacy, engineering, computer science, and business. The university focuses on providing modern education, practical training, and a supportive learning environment for students.","https://maps.google.com/?q=The+British+University+in+Egypt,+Knowledge+Hub+Universities,+New+Administrative+Capital,+Egypt",https://res.cloudinary.com/yrqizhfy/image/upload/v1784916514/MansouraNational_p8e9y0.jpg,Faculty of Medicine, Medicine and Surgery ,"150,000"
Mansoura National University,"Mansoura National University is a private national university located in Mansoura, Egypt. It offers a variety of academic programs in different fields, including medicine, dentistry, pharmacy, engineering, computer science, and business. The university focuses on providing modern education, practical training, and a supportive learning environment for students.","https://maps.google.com/?q=The+British+University+in+Egypt,+Knowledge+Hub+Universities,+New+Administrative+Capital,+Egypt",https://res.cloudinary.com/yrqizhfy/image/upload/v1784916514/MansouraNational_p8e9y0.jpg,Faculty of Dental Medicine,Dental Surgery,"125,000"
Mansoura National University,"Mansoura National University is a private national university located in Mansoura, Egypt. It offers a variety of academic programs in different fields, including medicine, dentistry, pharmacy, engineering, computer science, and business. The university focuses on providing modern education, practical training, and a supportive learning environment for students.","https://maps.google.com/?q=The+British+University+in+Egypt,+Knowledge+Hub+Universities,+New+Administrative+Capital,+Egypt",https://res.cloudinary.com/yrqizhfy/image/upload/v1784916514/MansouraNational_p8e9y0.jpg,Faculty of Pharmacy,PharmD (Clinical Pharmacy) ,"110,00(pharm d, clinical)-120,000(manchestar)"
Mansoura National University,"Mansoura National University is a private national university located in Mansoura, Egypt. It offers a variety of academic programs in different fields, including medicine, dentistry, pharmacy, engineering, computer science, and business. The university focuses on providing modern education, practical training, and a supportive learning environment for students.","https://maps.google.com/?q=The+British+University+in+Egypt,+Knowledge+Hub+Universities,+New+Administrative+Capital,+Egypt",https://res.cloudinary.com/yrqizhfy/image/upload/v1784916514/MansouraNational_p8e9y0.jpg,Faculty of Engineering,"Biomedical Engineering 

Mechatronics and Robotics Engineering 

Building and Construction Engineering ","75,000"
Mansoura National University,"Mansoura National University is a private national university located in Mansoura, Egypt. It offers a variety of academic programs in different fields, including medicine, dentistry, pharmacy, engineering, computer science, and business. The university focuses on providing modern education, practical training, and a supportive learning environment for students.","https://maps.google.com/?q=The+British+University+in+Egypt,+Knowledge+Hub+Universities,+New+Administrative+Capital,+Egypt",https://res.cloudinary.com/yrqizhfy/image/upload/v1784916514/MansouraNational_p8e9y0.jpg,Faculty of Nursing,Nursing Science,"70,000"
Mansoura National University,"Mansoura National University is a private national university located in Mansoura, Egypt. It offers a variety of academic programs in different fields, including medicine, dentistry, pharmacy, engineering, computer science, and business. The university focuses on providing modern education, practical training, and a supportive learning environment for students.","https://maps.google.com/?q=The+British+University+in+Egypt,+Knowledge+Hub+Universities,+New+Administrative+Capital,+Egypt",https://res.cloudinary.com/yrqizhfy/image/upload/v1784916514/MansouraNational_p8e9y0.jpg,Faculty of Business Administration,"Marketing and International Business 

Finance and Investment 

Accounting and Information Systems ","40,000"
Mansoura National University,"Mansoura National University is a private national university located in Mansoura, Egypt. It offers a variety of academic programs in different fields, including medicine, dentistry, pharmacy, engineering, computer science, and business. The university focuses on providing modern education, practical training, and a supportive learning environment for students.","https://maps.google.com/?q=The+British+University+in+Egypt,+Knowledge+Hub+Universities,+New+Administrative+Capital,+Egypt",https://res.cloudinary.com/yrqizhfy/image/upload/v1784916514/MansouraNational_p8e9y0.jpg,Faculty of Applied Health Sciences Technology,"Medical Laboratory Technology 

Radiology and Medical Imaging Technology ","60,000"
Tanta University,"Tanta University is a public university located in Tanta, Egypt. It offers a wide range of academic programs across various fields, including medicine, dentistry, pharmacy, engineering, science, commerce, and humanities. The university focuses on providing quality education, scientific research, and practical training to prepare students for their future careers.","https://maps.google.com/?q=The+British+University+in+Egypt,+Knowledge+Hub+Universities,+New+Administrative+Capital,+Egypt",https://res.cloudinary.com/yrqizhfy/image/upload/v1784916519/Tanta_fhvxup.jpg,Faculty of Medicine,"Anatomy
Physiology
Biochemistry
Pathology
Pharmacology
Microbiology and Immunology
Forensic Medicine and Clinical Toxicology
Public Health and Community Medicine
Internal Medicine
General Surgery
Pediatrics
Obstetrics and Gynecology
Ophthalmology
Otorhinolaryngology (ENT)
Dermatology
Psychiatry
Radiology
Anesthesiology
Emergency Medicine",
Tanta University,"Tanta University is a public university located in Tanta, Egypt. It offers a wide range of academic programs across various fields, including medicine, dentistry, pharmacy, engineering, science, commerce, and humanities. The university focuses on providing quality education, scientific research, and practical training to prepare students for their future careers.","https://maps.google.com/?q=The+British+University+in+Egypt,+Knowledge+Hub+Universities,+New+Administrative+Capital,+Egypt",https://res.cloudinary.com/yrqizhfy/image/upload/v1784916519/Tanta_fhvxup.jpg,Faculty of Dentistry,"Oral and Maxillofacial Surgery
Oral Medicine
Periodontology
Orthodontics
Pediatric Dentistry
Prosthodontics
Fixed Prosthodontics
Conservative Dentistry
Dental Materials
Oral Biology
Oral Pathology
General Anatomy
General Physiology
Biochemistry
Microbiology
Community Dentistry",
Tanta University,"Tanta University is a public university located in Tanta, Egypt. It offers a wide range of academic programs across various fields, including medicine, dentistry, pharmacy, engineering, science, commerce, and humanities. The university focuses on providing quality education, scientific research, and practical training to prepare students for their future careers.","https://maps.google.com/?q=The+British+University+in+Egypt,+Knowledge+Hub+Universities,+New+Administrative+Capital,+Egypt",https://res.cloudinary.com/yrqizhfy/image/upload/v1784916519/Tanta_fhvxup.jpg,Faculty of Pharmacy,"Pharmaceutics
Pharmaceutical Chemistry
Pharmacognosy
Pharmacology and Toxicology
Clinical Pharmacy
Biochemistry
Microbiology and Immunology
Pharmacy Practice",
Tanta University,v,"https://maps.google.com/?q=The+British+University+in+Egypt,+Knowledge+Hub+Universities,+New+Administrative+Capital,+Egypt",https://res.cloudinary.com/yrqizhfy/image/upload/v1784916519/Tanta_fhvxup.jpg,Faculty of Nursing,"Medical-Surgical Nursing
Pediatric Nursing
Obstetric and Gynecological Nursing
Community Health Nursing
Psychiatric and Mental Health Nursing
Nursing Administration
Nursing Education
Critical Care and Emergency Nursing
Geriatric Nursing
Fundamental of Nursing
Nursing Informatics",
Tanta University,"Tanta University is a public university located in Tanta, Egypt. It offers a wide range of academic programs across various fields, including medicine, dentistry, pharmacy, engineering, science, commerce, and humanities. The university focuses on providing quality education, scientific research, and practical training to prepare students for their future careers.","https://maps.google.com/?q=The+British+University+in+Egypt,+Knowledge+Hub+Universities,+New+Administrative+Capital,+Egypt",https://res.cloudinary.com/yrqizhfy/image/upload/v1784916519/Tanta_fhvxup.jpg,Faculty of Science,"Mathematics
Physics
Chemistry
Geology
Botany
Zoology
Computer Science",
Tanta University,"Tanta University is a public university located in Tanta, Egypt. It offers a wide range of academic programs across various fields, including medicine, dentistry, pharmacy, engineering, science, commerce, and humanities. The university focuses on providing quality education, scientific research, and practical training to prepare students for their future careers.","https://maps.google.com/?q=The+British+University+in+Egypt,+Knowledge+Hub+Universities,+New+Administrative+Capital,+Egypt",https://res.cloudinary.com/yrqizhfy/image/upload/v1784916519/Tanta_fhvxup.jpg,Faculty of Engineering,"Civil Engineering
Architectural Engineering
Electrical Engineering
Mechanical Engineering
Production Engineering
Computer and Systems Engineering
Communications and Electronics Engineering
Textile Engineering
Power and Energy Engineering",
Tanta University,v,"https://maps.google.com/?q=The+British+University+in+Egypt,+Knowledge+Hub+Universities,+New+Administrative+Capital,+Egypt",https://res.cloudinary.com/yrqizhfy/image/upload/v1784916519/Tanta_fhvxup.jpg,Faculty of Agriculture,"Agricultural Economics
Agricultural Extension
Agronomy
Horticulture
Plant Protection
Animal Production
Food Science
Dairy Science
Soil and Water Science
Agricultural Engineering
Genetics",
Tanta University,"Tanta University is a public university located in Tanta, Egypt. It offers a wide range of academic programs across various fields, including medicine, dentistry, pharmacy, engineering, science, commerce, and humanities. The university focuses on providing quality education, scientific research, and practical training to prepare students for their future careers.","https://maps.google.com/?q=The+British+University+in+Egypt,+Knowledge+Hub+Universities,+New+Administrative+Capital,+Egypt",https://res.cloudinary.com/yrqizhfy/image/upload/v1784916519/Tanta_fhvxup.jpg,Faculty of Law,"Civil Law
Criminal Law
Public Law
Private International Law
Public International Law
Commercial Law
Constitutional Law
Administrative Law
Islamic Sharia
Legal History",
Tanta University,v,"https://maps.google.com/?q=The+British+University+in+Egypt,+Knowledge+Hub+Universities,+New+Administrative+Capital,+Egypt",https://res.cloudinary.com/yrqizhfy/image/upload/v1784916519/Tanta_fhvxup.jpg,Faculty of Business,"Accounting
Business Administration
Economics
Statistics and Insurance",
Tanta University,"Tanta University is a public university located in Tanta, Egypt. It offers a wide range of academic programs across various fields, including medicine, dentistry, pharmacy, engineering, science, commerce, and humanities. The university focuses on providing quality education, scientific research, and practical training to prepare students for their future careers.","https://maps.google.com/?q=The+British+University+in+Egypt,+Knowledge+Hub+Universities,+New+Administrative+Capital,+Egypt",https://res.cloudinary.com/yrqizhfy/image/upload/v1784916519/Tanta_fhvxup.jpg,Faculty of Arts,"Arabic Language and Literature
English Language and Literature
French Language and Literature
History
Geography
Sociology
Psychology
Philosophy
Media
Archaeology
Library and Information Science
Hebrew Language and Literature",
Tanta University,"Tanta University is a public university located in Tanta, Egypt. It offers a wide range of academic programs across various fields, including medicine, dentistry, pharmacy, engineering, science, commerce, and humanities. The university focuses on providing quality education, scientific research, and practical training to prepare students for their future careers.","https://maps.google.com/?q=The+British+University+in+Egypt,+Knowledge+Hub+Universities,+New+Administrative+Capital,+Egypt",https://res.cloudinary.com/yrqizhfy/image/upload/v1784916519/Tanta_fhvxup.jpg,Faculty of Education,"Arabic Language
English Language
French Language
Mathematics
Science
Social Studies
Computer
Childhood and Kindergarten Education
Special Education
Commercial Education
Agricultural Education
Industrial Education
Adult Education",
Tanta University,"Tanta University is a public university located in Tanta, Egypt. It offers a wide range of academic programs across various fields, including medicine, dentistry, pharmacy, engineering, science, commerce, and humanities. The university focuses on providing quality education, scientific research, and practical training to prepare students for their future careers.","https://maps.google.com/?q=The+British+University+in+Egypt,+Knowledge+Hub+Universities,+New+Administrative+Capital,+Egypt",https://res.cloudinary.com/yrqizhfy/image/upload/v1784916519/Tanta_fhvxup.jpg,Faculty of Specific Education,"Art Education
Music Education
Home Economics
Educational Media
Computer Education
Educational Technology",
Tanta University,"Tanta University is a public university located in Tanta, Egypt. It offers a wide range of academic programs across various fields, including medicine, dentistry, pharmacy, engineering, science, commerce, and humanities. The university focuses on providing quality education, scientific research, and practical training to prepare students for their future careers.","https://maps.google.com/?q=The+British+University+in+Egypt,+Knowledge+Hub+Universities,+New+Administrative+Capital,+Egypt",https://res.cloudinary.com/yrqizhfy/image/upload/v1784916519/Tanta_fhvxup.jpg,Faculty of Sports Science,"Sports Training
Sports Management
Sports Recreation
Physical Education
Sports Psychology
Sports Health",
Tanta University,"Tanta University is a public university located in Tanta, Egypt. It offers a wide range of academic programs across various fields, including medicine, dentistry, pharmacy, engineering, science, commerce, and humanities. The university focuses on providing quality education, scientific research, and practical training to prepare students for their future careers.","https://maps.google.com/?q=The+British+University+in+Egypt,+Knowledge+Hub+Universities,+New+Administrative+Capital,+Egypt",https://res.cloudinary.com/yrqizhfy/image/upload/v1784916519/Tanta_fhvxup.jpg,Faculty of Computers and Information,"Computer Science
Information Systems
Information Technology
Artificial Intelligence",
Tanta University,"Tanta University is a public university located in Tanta, Egypt. It offers a wide range of academic programs across various fields, including medicine, dentistry, pharmacy, engineering, science, commerce, and humanities. The university focuses on providing quality education, scientific research, and practical training to prepare students for their future careers.","https://maps.google.com/?q=The+British+University+in+Egypt,+Knowledge+Hub+Universities,+New+Administrative+Capital,+Egypt",https://res.cloudinary.com/yrqizhfy/image/upload/v1784916519/Tanta_fhvxup.jpg,Faculty of Applied Arts,"Interior Design and Furniture
Textile Printing, Dyeing and Finishing
Metal Products and Jewelry Desig",
Tanta University,"Tanta University is a public university located in Tanta, Egypt. It offers a wide range of academic programs across various fields, including medicine, dentistry, pharmacy, engineering, science, commerce, and humanities. The university focuses on providing quality education, scientific research, and practical training to prepare students for their future careers.","https://maps.google.com/?q=The+British+University+in+Egypt,+Knowledge+Hub+Universities,+New+Administrative+Capital,+Egypt",https://res.cloudinary.com/yrqizhfy/image/upload/v1784916519/Tanta_fhvxup.jpg,Technical Institute of Nursing,Nursing,
Tanta National University,"Tanta National University is a modern national university located in Tanta, Egypt. It offers a variety of academic programs in fields such as medicine, dentistry, pharmacy, engineering, computer science, and business. The university focuses on providing high-quality education, practical training, scientific research, and a modern learning environment to prepare students for successful careers.
","https://maps.google.com/?q=The+British+University+in+Egypt,+Knowledge+Hub+Universities,+New+Administrative+Capital,+Egypt",https://res.cloudinary.com/yrqizhfy/image/upload/v1784916521/TantaNational_otwiev.jpg,Faculty of Medicine,Medicine and Surgery,"155,000"
Tanta National University,"Tanta National University is a modern national university located in Tanta, Egypt. It offers a variety of academic programs in fields such as medicine, dentistry, pharmacy, engineering, computer science, and business. The university focuses on providing high-quality education, practical training, scientific research, and a modern learning environment to prepare students for successful careers.
","https://maps.google.com/?q=The+British+University+in+Egypt,+Knowledge+Hub+Universities,+New+Administrative+Capital,+Egypt",https://res.cloudinary.com/yrqizhfy/image/upload/v1784916521/TantaNational_otwiev.jpg,Faculty of Dentistry,Oral and Dental Medicine and Surgery,"125,000"
Tanta National University,"Tanta National University is a modern national university located in Tanta, Egypt. It offers a variety of academic programs in fields such as medicine, dentistry, pharmacy, engineering, computer science, and business. The university focuses on providing high-quality education, practical training, scientific research, and a modern learning environment to prepare students for successful careers.
v","https://maps.google.com/?q=The+British+University+in+Egypt,+Knowledge+Hub+Universities,+New+Administrative+Capital,+Egypt",https://res.cloudinary.com/yrqizhfy/image/upload/v1784916521/TantaNational_otwiev.jpg,Faculty of Engineering,"Computer Engineering
Mechatronics Engineering","80,000"
Tanta National University,"Tanta National University is a modern national university located in Tanta, Egypt. It offers a variety of academic programs in fields such as medicine, dentistry, pharmacy, engineering, computer science, and business. The university focuses on providing high-quality education, practical training, scientific research, and a modern learning environment to prepare students for successful careers.","https://maps.google.com/?q=The+British+University+in+Egypt,+Knowledge+Hub+Universities,+New+Administrative+Capital,+Egypt",https://res.cloudinary.com/yrqizhfy/image/upload/v1784916521/TantaNational_otwiev.jpg,"Faculty of Computer, Information and Artificial Intelligence",Computer Science and Artificial Intelligence,"80,000"
Tanta National University,"Tanta National University is a modern national university located in Tanta, Egypt. It offers a variety of academic programs in fields such as medicine, dentistry, pharmacy, engineering, computer science, and business. The university focuses on providing high-quality education, practical training, scientific research, and a modern learning environment to prepare students for successful careers.","https://maps.google.com/?q=The+British+University+in+Egypt,+Knowledge+Hub+Universities,+New+Administrative+Capital,+Egypt",https://res.cloudinary.com/yrqizhfy/image/upload/v1784916521/TantaNational_otwiev.jpg,Faculty of Al-Alsun (Languages),English Language and Translation,"50,000"
Tanta National University,"Tanta National University is a modern national university located in Tanta, Egypt. It offers a variety of academic programs in fields such as medicine, dentistry, pharmacy, engineering, computer science, and business. The university focuses on providing high-quality education, practical training, scientific research, and a modern learning environment to prepare students for successful careers.","https://maps.google.com/?q=The+British+University+in+Egypt,+Knowledge+Hub+Universities,+New+Administrative+Capital,+Egypt",https://res.cloudinary.com/yrqizhfy/image/upload/v1784916521/TantaNational_otwiev.jpg,Faculty of Business,"Business Information Systems (BIS)
Accounting and Digital Financial Innovations","45,000"
Tanta National University,"Tanta National University is a modern national university located in Tanta, Egypt. It offers a variety of academic programs in fields such as medicine, dentistry, pharmacy, engineering, computer science, and business. The university focuses on providing high-quality education, practical training, scientific research, and a modern learning environment to prepare students for successful careers.","https://maps.google.com/?q=The+British+University+in+Egypt,+Knowledge+Hub+Universities,+New+Administrative+Capital,+Egypt",https://res.cloudinary.com/yrqizhfy/image/upload/v1784916521/TantaNational_otwiev.jpg,Faculty of Humanities and Social Sciences,"Surveying, Mapping, and Geographic Information Systems
Museum and Archaeological Sites Management","40,000"
"Arab Academy for Science, Technology and Maritime Transport – Alexandria","The Arab Academy for Science, Technology and Maritime Transport (AASTMT)is a leading educational institution in the Arab region, with campuses in Alexandria and other cities. It offers a wide range of academic programs in fields such as engineering, business, computer science, maritime transport, logistics, medicine, and pharmacy. The academy focuses on high-quality education, practical training, scientific research, and innovation.
","https://maps.google.com/?q=The+British+University+in+Egypt,+Knowledge+Hub+Universities,+New+Administrative+Capital,+Egypt",https://res.cloudinary.com/yrqizhfy/image/upload/v1784919613/OIP_nsxhyp.jpg,Faculty of Engineering and Technology,"Architectural Engineering
Computer Engineering
Electronics and Communications Engineering
Electrical and Control Engineering
Mechanical Engineering
Marine and Offshore Engineering
Construction and Building Engineering
Industrial and Management Engineering
Oil and Gas Engineering",
"Arab Academy for Science, Technology and Maritime Transport – Alexandria","The Arab Academy for Science, Technology and Maritime Transport (AASTMT)is a leading educational institution in the Arab region, with campuses in Alexandria and other cities. It offers a wide range of academic programs in fields such as engineering, business, computer science, maritime transport, logistics, medicine, and pharmacy. The academy focuses on high-quality education, practical training, scientific research, and innovation.","https://maps.google.com/?q=The+British+University+in+Egypt,+Knowledge+Hub+Universities,+New+Administrative+Capital,+Egypt",https://res.cloudinary.com/yrqizhfy/image/upload/v1784919613/OIP_nsxhyp.jpg,Faculty of Management and Technology,"Business Information Systems
Marketing and International Business
Accounting and Finance
Media Management
Economics",
"Arab Academy for Science, Technology and Maritime Transport – Alexandria","The Arab Academy for Science, Technology and Maritime Transport (AASTMT)is a leading educational institution in the Arab region, with campuses in Alexandria and other cities. It offers a wide range of academic programs in fields such as engineering, business, computer science, maritime transport, logistics, medicine, and pharmacy. The academy focuses on high-quality education, practical training, scientific research, and innovation.","https://maps.google.com/?q=The+British+University+in+Egypt,+Knowledge+Hub+Universities,+New+Administrative+Capital,+Egypt",https://res.cloudinary.com/yrqizhfy/image/upload/v1784919613/OIP_nsxhyp.jpg,Faculty of International Transport and Logistics,"International Transport and Logistics
International Business Logistics
Customs Logistics
Supply Chain Management",
"Arab Academy for Science, Technology and Maritime Transport – Alexandria","The Arab Academy for Science, Technology and Maritime Transport (AASTMT)is a leading educational institution in the Arab region, with campuses in Alexandria and other cities. It offers a wide range of academic programs in fields such as engineering, business, computer science, maritime transport, logistics, medicine, and pharmacy. The academy focuses on high-quality education, practical training, scientific research, and innovation.","https://maps.google.com/?q=The+British+University+in+Egypt,+Knowledge+Hub+Universities,+New+Administrative+Capital,+Egypt",https://res.cloudinary.com/yrqizhfy/image/upload/v1784919613/OIP_nsxhyp.jpg,Faculty of Computing and Information Technology,"Computer Science
Information Systems
Software Engineering
Multimedia and Computer Graphics",
"Arab Academy for Science, Technology and Maritime Transport – Alexandria","The Arab Academy for Science, Technology and Maritime Transport (AASTMT)is a leading educational institution in the Arab region, with campuses in Alexandria and other cities. It offers a wide range of academic programs in fields such as engineering, business, computer science, maritime transport, logistics, medicine, and pharmacy. The academy focuses on high-quality education, practical training, scientific research, and innovation.","https://maps.google.com/?q=The+British+University+in+Egypt,+Knowledge+Hub+Universities,+New+Administrative+Capital,+Egypt",https://res.cloudinary.com/yrqizhfy/image/upload/v1784919613/OIP_nsxhyp.jpg,Faculty of Maritime Transport and Technology,"Nautical Technology
Offshore Operations Technology
Maritime Safety and Environmental Protection
Shipping and Port Operations",
"Arab Academy for Science, Technology and Maritime Transport – Alexandria","The Arab Academy for Science, Technology and Maritime Transport (AASTMT)is a leading educational institution in the Arab region, with campuses in Alexandria and other cities. It offers a wide range of academic programs in fields such as engineering, business, computer science, maritime transport, logistics, medicine, and pharmacy. The academy focuses on high-quality education, practical training, scientific research, and innovation.
","https://maps.google.com/?q=The+British+University+in+Egypt,+Knowledge+Hub+Universities,+New+Administrative+Capital,+Egypt",https://res.cloudinary.com/yrqizhfy/image/upload/v1784919613/OIP_nsxhyp.jpg,Faculty of Fisheries and Aquaculture Technology,"Fisheries Technology
Aquaculture Technology",
"Arab Academy for Science, Technology and Maritime Transport – Alexandria","The Arab Academy for Science, Technology and Maritime Transport (AASTMT)is a leading educational institution in the Arab region, with campuses in Alexandria and other cities. It offers a wide range of academic programs in fields such as engineering, business, computer science, maritime transport, logistics, medicine, and pharmacy. The academy focuses on high-quality education, practical training, scientific research, and innovation.","https://maps.google.com/?q=The+British+University+in+Egypt,+Knowledge+Hub+Universities,+New+Administrative+Capital,+Egypt",https://res.cloudinary.com/yrqizhfy/image/upload/v1784919613/OIP_nsxhyp.jpg,Faculty of Pharmacy,"Clinical Pharmacy
Pharmaceutics
Pharmaceutical Chemistry
Pharmacology and Toxicology
Pharmacognosy",
"Arab Academy for Science, Technology and Maritime Transport – Alexandria","The Arab Academy for Science, Technology and Maritime Transport (AASTMT)is a leading educational institution in the Arab region, with campuses in Alexandria and other cities. It offers a wide range of academic programs in fields such as engineering, business, computer science, maritime transport, logistics, medicine, and pharmacy. The academy focuses on high-quality education, practical training, scientific research, and innovation.","https://maps.google.com/?q=The+British+University+in+Egypt,+Knowledge+Hub+Universities,+New+Administrative+Capital,+Egypt",https://res.cloudinary.com/yrqizhfy/image/upload/v1784919613/OIP_nsxhyp.jpg,Faculty of Law,"Public Law
Private Law
International Law
Commercial Law",
"Arab Academy for Science, Technology and Maritime Transport – Alexandria","The Arab Academy for Science, Technology and Maritime Transport (AASTMT)is a leading educational institution in the Arab region, with campuses in Alexandria and other cities. It offers a wide range of academic programs in fields such as engineering, business, computer science, maritime transport, logistics, medicine, and pharmacy. The academy focuses on high-quality education, practical training, scientific research, and innovation.","https://maps.google.com/?q=The+British+University+in+Egypt,+Knowledge+Hub+Universities,+New+Administrative+Capital,+Egypt",https://res.cloudinary.com/yrqizhfy/image/upload/v1784919613/OIP_nsxhyp.jpg,Faculty of Language and Communication,"English Language and Translation
Media and Communication",
"Arab Academy for Science, Technology and Maritime Transport – Alexandria","The Arab Academy for Science, Technology and Maritime Transport (AASTMT)is a leading educational institution in the Arab region, with campuses in Alexandria and other cities. It offers a wide range of academic programs in fields such as engineering, business, computer science, maritime transport, logistics, medicine, and pharmacy. The academy focuses on high-quality education, practical training, scientific research, and innovation.
","https://maps.google.com/?q=The+British+University+in+Egypt,+Knowledge+Hub+Universities,+New+Administrative+Capital,+Egypt",https://res.cloudinary.com/yrqizhfy/image/upload/v1784919613/OIP_nsxhyp.jpg,Faculty of Art and Design,"Interior Design
Graphic Design
Fashion Design
Product Design",
Pharos University in Alexandria,"Pharos University in Alexandria (PUA) is the first private university in Alexandria, Egypt, established in 2006. It offers a wide range of accredited academic programs across 12 specialized faculties, with a focus on quality education, scientific research, practical training, innovation, and international collaboration.","https://maps.google.com/?q=The+British+University+in+Egypt,+Knowledge+Hub+Universities,+New+Administrative+Capital,+Egypt",https://res.cloudinary.com/yrqizhfy/image/upload/v1784919674/kisspng-pharos-university-in-alexandria-alexandria-higher-science-and-technology-5ad764aea8a662.3307150415240654546908_qdi128.webp,Faculty of Pharmacy,"Pharm D
Pharm D – Clinical","(pharm d)100,210_(pharm d,clinical)106,810"
Pharos University in Alexandria,"Pharos University in Alexandria (PUA) is the first private university in Alexandria, Egypt, established in 2006. It offers a wide range of accredited academic programs across 12 specialized faculties, with a focus on quality education, scientific research, practical training, innovation, and international collaboration.","https://maps.google.com/?q=The+British+University+in+Egypt,+Knowledge+Hub+Universities,+New+Administrative+Capital,+Egypt",https://res.cloudinary.com/yrqizhfy/image/upload/v1784919674/kisspng-pharos-university-in-alexandria-alexandria-higher-science-and-technology-5ad764aea8a662.3307150415240654546908_qdi128.webp,Faculty of Dentistry,Dental Medicine and Surgery,"132,645"
Pharos University in Alexandria,"Pharos University in Alexandria (PUA) is the first private university in Alexandria, Egypt, established in 2006. It offers a wide range of accredited academic programs across 12 specialized faculties, with a focus on quality education, scientific research, practical training, innovation, and international collaboration.","https://maps.google.com/?q=The+British+University+in+Egypt,+Knowledge+Hub+Universities,+New+Administrative+Capital,+Egypt",https://res.cloudinary.com/yrqizhfy/image/upload/v1784919674/kisspng-pharos-university-in-alexandria-alexandria-higher-science-and-technology-5ad764aea8a662.3307150415240654546908_qdi128.webp,Faculty of Engineering,"Computer Engineering
Architectural Engineering
Petrochemical Engineering
Electrical Engineering – Power and Control
Electrical Engineering – Communications
Mechanical Engineering – Mechanical Power Engineering
Mechanical Engineering – Industrial Engineering and Manufacturing
Construction Engineering and Management","70,235"
Pharos University in Alexandria,"Pharos University in Alexandria (PUA) is the first private university in Alexandria, Egypt, established in 2006. It offers a wide range of accredited academic programs across 12 specialized faculties, with a focus on quality education, scientific research, practical training, innovation, and international collaboration.","https://maps.google.com/?q=The+British+University+in+Egypt,+Knowledge+Hub+Universities,+New+Administrative+Capital,+Egypt",https://res.cloudinary.com/yrqizhfy/image/upload/v1784919674/kisspng-pharos-university-in-alexandria-alexandria-higher-science-and-technology-5ad764aea8a662.3307150415240654546908_qdi128.webp,Faculty of Financial and Administrative Sciences,"Marketing
Accounting
Finance and Investment","62,410"
Pharos University in Alexandria,"Pharos University in Alexandria (PUA) is the first private university in Alexandria, Egypt, established in 2006. It offers a wide range of accredited academic programs across 12 specialized faculties, with a focus on quality education, scientific research, practical training, innovation, and international collaboration.","https://maps.google.com/?q=The+British+University+in+Egypt,+Knowledge+Hub+Universities,+New+Administrative+Capital,+Egypt",https://res.cloudinary.com/yrqizhfy/image/upload/v1784919674/kisspng-pharos-university-in-alexandria-alexandria-higher-science-and-technology-5ad764aea8a662.3307150415240654546908_qdi128.webp,Faculty of Languages and Translation,"English Language
Teaching English Language
French Language
Turkish Language
Spanish Language
Chinese Language","67,210"
Pharos University in Alexandria,"Pharos University in Alexandria (PUA) is the first private university in Alexandria, Egypt, established in 2006. It offers a wide range of accredited academic programs across 12 specialized faculties, with a focus on quality education, scientific research, practical training, innovation, and international collaboration.","https://maps.google.com/?q=The+British+University+in+Egypt,+Knowledge+Hub+Universities,+New+Administrative+Capital,+Egypt",https://res.cloudinary.com/yrqizhfy/image/upload/v1784919674/kisspng-pharos-university-in-alexandria-alexandria-higher-science-and-technology-5ad764aea8a662.3307150415240654546908_qdi128.webp,Faculty of Legal Studies and International Relations,Law,"59,160"
Pharos University in Alexandria,"Pharos University in Alexandria (PUA) is the first private university in Alexandria, Egypt, established in 2006. It offers a wide range of accredited academic programs across 12 specialized faculties, with a focus on quality education, scientific research, practical training, innovation, and international collaboration.","https://maps.google.com/?q=The+British+University+in+Egypt,+Knowledge+Hub+Universities,+New+Administrative+Capital,+Egypt",https://res.cloudinary.com/yrqizhfy/image/upload/v1784919674/kisspng-pharos-university-in-alexandria-alexandria-higher-science-and-technology-5ad764aea8a662.3307150415240654546908_qdi128.webp,Faculty of Tourism and Hotel Management,"Tourism
Hotel Management","55,186"
Pharos University in Alexandria,"Pharos University in Alexandria (PUA) is the first private university in Alexandria, Egypt, established in 2006. It offers a wide range of accredited academic programs across 12 specialized faculties, with a focus on quality education, scientific research, practical training, innovation, and international collaboration.","https://maps.google.com/?q=The+British+University+in+Egypt,+Knowledge+Hub+Universities,+New+Administrative+Capital,+Egypt",https://res.cloudinary.com/yrqizhfy/image/upload/v1784919674/kisspng-pharos-university-in-alexandria-alexandria-higher-science-and-technology-5ad764aea8a662.3307150415240654546908_qdi128.webp,Faculty of Mass Communication,"Journalism
Digital Publishing
Public Relations
Marketing Communications
Radio
Television Production","68,310"
Pharos University in Alexandria,"Pharos University in Alexandria (PUA) is the first private university in Alexandria, Egypt, established in 2006. It offers a wide range of accredited academic programs across 12 specialized faculties, with a focus on quality education, scientific research, practical training, innovation, and international collaboration.","https://maps.google.com/?q=The+British+University+in+Egypt,+Knowledge+Hub+Universities,+New+Administrative+Capital,+Egypt",https://res.cloudinary.com/yrqizhfy/image/upload/v1784919674/kisspng-pharos-university-in-alexandria-alexandria-higher-science-and-technology-5ad764aea8a662.3307150415240654546908_qdi128.webp,Faculty of Physical Therapy,Physical Therapy,"96,910"
Pharos University in Alexandria,"Pharos University in Alexandria (PUA) is the first private university in Alexandria, Egypt, established in 2006. It offers a wide range of accredited academic programs across 12 specialized faculties, with a focus on quality education, scientific research, practical training, innovation, and international collaboration.","https://maps.google.com/?q=The+British+University+in+Egypt,+Knowledge+Hub+Universities,+New+Administrative+Capital,+Egypt",https://res.cloudinary.com/yrqizhfy/image/upload/v1784919674/kisspng-pharos-university-in-alexandria-alexandria-higher-science-and-technology-5ad764aea8a662.3307150415240654546908_qdi128.webp,Faculty of Applied Health Sciences and Technology,"Dental Prosthodontics
Anesthesia and Intensive Care
Nutrition
Medical Equipment
Medical Laboratories
Radiology and Medical Imaging Technology
Optics Technology","77,660"
Pharos University in Alexandria,"Pharos University in Alexandria (PUA) is the first private university in Alexandria, Egypt, established in 2006. It offers a wide range of accredited academic programs across 12 specialized faculties, with a focus on quality education, scientific research, practical training, innovation, and international collaboration.","https://maps.google.com/?q=The+British+University+in+Egypt,+Knowledge+Hub+Universities,+New+Administrative+Capital,+Egypt",https://res.cloudinary.com/yrqizhfy/image/upload/v1784919674/kisspng-pharos-university-in-alexandria-alexandria-higher-science-and-technology-5ad764aea8a662.3307150415240654546908_qdi128.webp,Faculty of Computer Science and Artificial Intelligence,"Computer Science
Artificial Intelligence
Data Science
Cyber Security","83,410"
Pharos University in Alexandria,"Pharos University in Alexandria (PUA) is the first private university in Alexandria, Egypt, established in 2006. It offers a wide range of accredited academic programs across 12 specialized faculties, with a focus on quality education, scientific research, practical training, innovation, and international collaboration.","https://maps.google.com/?q=The+British+University+in+Egypt,+Knowledge+Hub+Universities,+New+Administrative+Capital,+Egypt",https://res.cloudinary.com/yrqizhfy/image/upload/v1784919674/kisspng-pharos-university-in-alexandria-alexandria-higher-science-and-technology-5ad764aea8a662.3307150415240654546908_qdi128.webp,Faculty of Arts and Design,"Interior Design
Expressive Arts
Graphic Design
Illustration
Digital Media
Animation and Video Film
Drawing and Painting
Mural Design
Fashion Design","77,165"
Egypt-Japan University of Science and Technology,"Egypt-Japan University of Science and Technology (E-JUST) is a research-oriented university in Egypt that focuses on science, engineering, technology, and innovation. It follows a Japanese-inspired educational model that emphasizes practical learning, scientific research, advanced technology, and collaboration with Japanese universities and institutions.","https://maps.google.com/?q=The+British+University+in+Egypt,+Knowledge+Hub+Universities,+New+Administrative+Capital,+Egypt",https://res.cloudinary.com/yrqizhfy/image/upload/v1784919768/Egypt-_-Japan-University-of-Science-and-Technology-E-JUST-2309x1732_va7k45.webp,Faculty of Engineering,"Electronics and Communications Engineering
Computer Science and Engineering
Electrical Power Engineering
Biomedical Engineering
Industrial and Manufacturing Engineering
Mechatronics Engineering
Chemical and Petrochemical Engineering
Mechanical Power and Energy Engineering
Materials Science and Engineering
Aerospace Engineering
Environmental Engineering
Electromechanical Buildings Systems Engineering  and Sustainable Architecture","130,000"
Egypt-Japan University of Science and Technology,"Egypt-Japan University of Science and Technology (E-JUST) is a research-oriented university in Egypt that focuses on science, engineering, technology, and innovation. It follows a Japanese-inspired educational model that emphasizes practical learning, scientific research, advanced technology, and collaboration with Japanese universities and institutions.","https://maps.google.com/?q=The+British+University+in+Egypt,+Knowledge+Hub+Universities,+New+Administrative+Capital,+Egypt",https://res.cloudinary.com/yrqizhfy/image/upload/v1784919768/Egypt-_-Japan-University-of-Science-and-Technology-E-JUST-2309x1732_va7k45.webp,Faculty of International Business and Humanities,"Accounting and Information Technology
Human Resources Management
Investment and Financ","90,000"
Egypt-Japan University of Science and Technology,"Egypt-Japan University of Science and Technology (E-JUST) is a research-oriented university in Egypt that focuses on science, engineering, technology, and innovation. It follows a Japanese-inspired educational model that emphasizes practical learning, scientific research, advanced technology, and collaboration with Japanese universities and institutions.","https://maps.google.com/?q=The+British+University+in+Egypt,+Knowledge+Hub+Universities,+New+Administrative+Capital,+Egypt",https://res.cloudinary.com/yrqizhfy/image/upload/v1784919768/Egypt-_-Japan-University-of-Science-and-Technology-E-JUST-2309x1732_va7k45.webp,Faculty of Pharmacy,Pharm D,"145,000"
Egypt-Japan University of Science and Technology,"Egypt-Japan University of Science and Technology (E-JUST) is a research-oriented university in Egypt that focuses on science, engineering, technology, and innovation. It follows a Japanese-inspired educational model that emphasizes practical learning, scientific research, advanced technology, and collaboration with Japanese universities and institutions.","https://maps.google.com/?q=The+British+University+in+Egypt,+Knowledge+Hub+Universities,+New+Administrative+Capital,+Egypt",https://res.cloudinary.com/yrqizhfy/image/upload/v1784919768/Egypt-_-Japan-University-of-Science-and-Technology-E-JUST-2309x1732_va7k45.webp,Faculty of Basic and Applied Sciences,"Chemistry
Molecular Biology and Biomedical Sciences
Mathematics and Statistics
Applied Physics
Space Environment and Remote Sensing","75,000"
Egypt-Japan University of Science and Technology,"Egypt-Japan University of Science and Technology (E-JUST) is a research-oriented university in Egypt that focuses on science, engineering, technology, and innovation. It follows a Japanese-inspired educational model that emphasizes practical learning, scientific research, advanced technology, and collaboration with Japanese universities and institutions.","https://maps.google.com/?q=The+British+University+in+Egypt,+Knowledge+Hub+Universities,+New+Administrative+Capital,+Egypt",https://res.cloudinary.com/yrqizhfy/image/upload/v1784919768/Egypt-_-Japan-University-of-Science-and-Technology-E-JUST-2309x1732_va7k45.webp,Faculty of Computer Science and Information Technology,"Computer Science
","105,000"
Egypt-Japan University of Science and Technology,"Egypt-Japan University of Science and Technology (E-JUST) is a research-oriented university in Egypt that focuses on science, engineering, technology, and innovation. It follows a Japanese-inspired educational model that emphasizes practical learning, scientific research, advanced technology, and collaboration with Japanese universities and institutions.","https://maps.google.com/?q=The+British+University+in+Egypt,+Knowledge+Hub+Universities,+New+Administrative+Capital,+Egypt",https://res.cloudinary.com/yrqizhfy/image/upload/v1784919768/Egypt-_-Japan-University-of-Science-and-Technology-E-JUST-2309x1732_va7k45.webp,Faculty of Art and Design,"Industrial Product Design
Interior Design
Digital Media Design
Arts in Creative Industries","80,000"
Al-Azhar University – Assiut Branch (Boys’),"Al-Azhar University – Assiut Branch is one of the main branches of Al-Azhar University in Egypt. It offers a wide range of academic programs in Islamic, scientific, medical, engineering, and humanities disciplines. The university is committed to providing high-quality education, promoting scientific research, and preparing graduates to contribute effectively to society.","https://maps.google.com/?q=The+British+University+in+Egypt,+Knowledge+Hub+Universities,+New+Administrative+Capital,+Egypt",https://res.cloudinary.com/yrqizhfy/image/upload/v1784919826/f6150d94-0d0c-460a-a73b-bc9b082a6d73_rypcex.jpg,Faculty of Medicine,"Anatomy
Physiology
Biochemistry
Histology
Pathology
Pharmacology
Microbiology
Parasitology
Internal Medicine
General Surgery
Pediatrics
Obstetrics and Gynecology
Orthopedics
Ophthalmology
ENT
Dermatology
Psychiatry
Radiology
Anesthesiology
Cardiology
Neurology
Urology
Emergency Medicine
Family Medicine",
Al-Azhar University – Assiut Branch (Boys’),"Al-Azhar University – Assiut Branch is one of the main branches of Al-Azhar University in Egypt. It offers a wide range of academic programs in Islamic, scientific, medical, engineering, and humanities disciplines. The university is committed to providing high-quality education, promoting scientific research, and preparing graduates to contribute effectively to society.","https://maps.google.com/?q=The+British+University+in+Egypt,+Knowledge+Hub+Universities,+New+Administrative+Capital,+Egypt",https://res.cloudinary.com/yrqizhfy/image/upload/v1784919826/f6150d94-0d0c-460a-a73b-bc9b082a6d73_rypcex.jpg,Faculty of Dentistry,"Oral Medicine and Periodontology
Oral and Maxillofacial Surgery
Prosthodontics
Conservative Dentistry
Endodontics
Orthodontics
Pediatric Dentistry
Oral Pathology
Oral Biology",
Al-Azhar University – Assiut Branch (Boys’),"Al-Azhar University – Assiut Branch is one of the main branches of Al-Azhar University in Egypt. It offers a wide range of academic programs in Islamic, scientific, medical, engineering, and humanities disciplines. The university is committed to providing high-quality education, promoting scientific research, and preparing graduates to contribute effectively to society.","https://maps.google.com/?q=The+British+University+in+Egypt,+Knowledge+Hub+Universities,+New+Administrative+Capital,+Egypt",https://res.cloudinary.com/yrqizhfy/image/upload/v1784919826/f6150d94-0d0c-460a-a73b-bc9b082a6d73_rypcex.jpg,Faculty of Pharmacy,"Pharmaceutics
Pharmaceutical Chemistry
Pharmacognosy
Pharmacology
Clinical Pharmacy
Microbiology
Biochemistry",
Al-Azhar University – Assiut Branch (Boys’),"Al-Azhar University – Assiut Branch is one of the main branches of Al-Azhar University in Egypt. It offers a wide range of academic programs in Islamic, scientific, medical, engineering, and humanities disciplines. The university is committed to providing high-quality education, promoting scientific research, and preparing graduates to contribute effectively to society.","https://maps.google.com/?q=The+British+University+in+Egypt,+Knowledge+Hub+Universities,+New+Administrative+Capital,+Egypt",https://res.cloudinary.com/yrqizhfy/image/upload/v1784919826/f6150d94-0d0c-460a-a73b-bc9b082a6d73_rypcex.jpg,Faculty of Science,"Mathematics
Physics
Chemistry
Botany
Zoology
Geology",
Al-Azhar University – Assiut Branch (Boys’),"Al-Azhar University – Assiut Branch is one of the main branches of Al-Azhar University in Egypt. It offers a wide range of academic programs in Islamic, scientific, medical, engineering, and humanities disciplines. The university is committed to providing high-quality education, promoting scientific research, and preparing graduates to contribute effectively to society.","https://maps.google.com/?q=The+British+University+in+Egypt,+Knowledge+Hub+Universities,+New+Administrative+Capital,+Egypt",https://res.cloudinary.com/yrqizhfy/image/upload/v1784919826/f6150d94-0d0c-460a-a73b-bc9b082a6d73_rypcex.jpg,Faculty of Agriculture,"Agronomy
Horticulture
Plant Protection
Agricultural Economics
Animal Production
Soil and Water Sciences
Food Science",
Al-Azhar University – Assiut Branch (Boys’),"Al-Azhar University – Assiut Branch is one of the main branches of Al-Azhar University in Egypt. It offers a wide range of academic programs in Islamic, scientific, medical, engineering, and humanities disciplines. The university is committed to providing high-quality education, promoting scientific research, and preparing graduates to contribute effectively to society.","https://maps.google.com/?q=The+British+University+in+Egypt,+Knowledge+Hub+Universities,+New+Administrative+Capital,+Egypt",https://res.cloudinary.com/yrqizhfy/image/upload/v1784919826/f6150d94-0d0c-460a-a73b-bc9b082a6d73_rypcex.jpg,Faculty of Education,"Curriculum and Instruction
Educational Psychology
Foundations of Education
Special Education
English Language
Arabic Language
Mathematics
Physics
Chemistry
Biology",
Al-Azhar University – Assiut Branch (Boys’),"Al-Azhar University – Assiut Branch is one of the main branches of Al-Azhar University in Egypt. It offers a wide range of academic programs in Islamic, scientific, medical, engineering, and humanities disciplines. The university is committed to providing high-quality education, promoting scientific research, and preparing graduates to contribute effectively to society.","https://maps.google.com/?q=The+British+University+in+Egypt,+Knowledge+Hub+Universities,+New+Administrative+Capital,+Egypt",https://res.cloudinary.com/yrqizhfy/image/upload/v1784919826/f6150d94-0d0c-460a-a73b-bc9b082a6d73_rypcex.jpg,Faculty of Commerce,"Accounting
Business Administration
Economics
Statistics
Finance",
Al-Azhar University – Assiut Branch (Boys’),"Al-Azhar University – Assiut Branch is one of the main branches of Al-Azhar University in Egypt. It offers a wide range of academic programs in Islamic, scientific, medical, engineering, and humanities disciplines. The university is committed to providing high-quality education, promoting scientific research, and preparing graduates to contribute effectively to society.","https://maps.google.com/?q=The+British+University+in+Egypt,+Knowledge+Hub+Universities,+New+Administrative+Capital,+Egypt",https://res.cloudinary.com/yrqizhfy/image/upload/v1784919826/f6150d94-0d0c-460a-a73b-bc9b082a6d73_rypcex.jpg,Faculty of Arabic Language,"Literature and Criticism
Linguistics
Grammar
Rhetoric
Islamic Literature",
Al-Azhar University – Assiut Branch (Boys’),"Al-Azhar University – Assiut Branch is one of the main branches of Al-Azhar University in Egypt. It offers a wide range of academic programs in Islamic, scientific, medical, engineering, and humanities disciplines. The university is committed to providing high-quality education, promoting scientific research, and preparing graduates to contribute effectively to society.","https://maps.google.com/?q=The+British+University+in+Egypt,+Knowledge+Hub+Universities,+New+Administrative+Capital,+Egypt",https://res.cloudinary.com/yrqizhfy/image/upload/v1784919826/f6150d94-0d0c-460a-a73b-bc9b082a6d73_rypcex.jpg,Faculty of Theology and Da’wah,"Tafsir and Quranic Sciences
Hadith
Aqeedah and Philosophy
Da’wah and Islamic Culture",
Al-Azhar University – Assiut Branch (Boys’),"Al-Azhar University – Assiut Branch is one of the main branches of Al-Azhar University in Egypt. It offers a wide range of academic programs in Islamic, scientific, medical, engineering, and humanities disciplines. The university is committed to providing high-quality education, promoting scientific research, and preparing graduates to contribute effectively to society.","https://maps.google.com/?q=The+British+University+in+Egypt,+Knowledge+Hub+Universities,+New+Administrative+Capital,+Egypt",https://res.cloudinary.com/yrqizhfy/image/upload/v1784919826/f6150d94-0d0c-460a-a73b-bc9b082a6d73_rypcex.jpg,Faculty of Sharia and Law,"Islamic Jurisprudence (Fiqh)
Usul Al-Fiqh
Comparative Jurisprudence
Public Law
Private Law
Islamic Judiciary",
Al-Azhar University – Assiut Branch (Girls’),"Al-Azhar University – Assiut Branch is one of the main branches of Al-Azhar University in Egypt. It offers a wide range of academic programs in Islamic, scientific, medical, engineering, and humanities disciplines. The university is committed to providing high-quality education, promoting scientific research, and preparing graduates to contribute effectively to society.","https://maps.google.com/?q=The+British+University+in+Egypt,+Knowledge+Hub+Universities,+New+Administrative+Capital,+Egypt",https://res.cloudinary.com/yrqizhfy/image/upload/v1784919826/f6150d94-0d0c-460a-a73b-bc9b082a6d73_rypcex.jpg,Faculty of Medicine,"Anatomy
Physiology
Biochemistry
Histology
Pathology
Pharmacology
Microbiology
Parasitology
Internal Medicine
General Surgery
Pediatrics
Obstetrics and Gynecology
Ophthalmology
Radiology
Anesthesiology
Dermatology
Psychiatry",
Al-Azhar University – Assiut Branch (Girls’),"Al-Azhar University – Assiut Branch is one of the main branches of Al-Azhar University in Egypt. It offers a wide range of academic programs in Islamic, scientific, medical, engineering, and humanities disciplines. The university is committed to providing high-quality education, promoting scientific research, and preparing graduates to contribute effectively to society.","https://maps.google.com/?q=The+British+University+in+Egypt,+Knowledge+Hub+Universities,+New+Administrative+Capital,+Egypt",https://res.cloudinary.com/yrqizhfy/image/upload/v1784919826/f6150d94-0d0c-460a-a73b-bc9b082a6d73_rypcex.jpg,Faculty of Pharmacy,"Pharmaceutics
Pharmaceutical Chemistry
Pharmacognosy
Pharmacology
Clinical Pharmacy
Microbiology
Biochemistry",
Al-Azhar University – Assiut Branch (Girls’),"Al-Azhar University – Assiut Branch is one of the main branches of Al-Azhar University in Egypt. It offers a wide range of academic programs in Islamic, scientific, medical, engineering, and humanities disciplines. The university is committed to providing high-quality education, promoting scientific research, and preparing graduates to contribute effectively to society.","https://maps.google.com/?q=The+British+University+in+Egypt,+Knowledge+Hub+Universities,+New+Administrative+Capital,+Egypt",https://res.cloudinary.com/yrqizhfy/image/upload/v1784919826/f6150d94-0d0c-460a-a73b-bc9b082a6d73_rypcex.jpg,Faculty of Education,"Curriculum and Instruction
Educational Psychology
Foundations of Education
Special Education
English Language
Arabic Language
Mathematics
Physics
Chemistry
Biology",
Al-Azhar University – Assiut Branch (Girls’),"Al-Azhar University – Assiut Branch is one of the main branches of Al-Azhar University in Egypt. It offers a wide range of academic programs in Islamic, scientific, medical, engineering, and humanities disciplines. The university is committed to providing high-quality education, promoting scientific research, and preparing graduates to contribute effectively to society.","https://maps.google.com/?q=The+British+University+in+Egypt,+Knowledge+Hub+Universities,+New+Administrative+Capital,+Egypt",https://res.cloudinary.com/yrqizhfy/image/upload/v1784919826/f6150d94-0d0c-460a-a73b-bc9b082a6d73_rypcex.jpg,Faculty of Commerce,"Accounting
Business Administration
Economics
Statistics
Finance",
Al-Azhar University – Assiut Branch (Girls’),"Al-Azhar University – Assiut Branch is one of the main branches of Al-Azhar University in Egypt. It offers a wide range of academic programs in Islamic, scientific, medical, engineering, and humanities disciplines. The university is committed to providing high-quality education, promoting scientific research, and preparing graduates to contribute effectively to society.","https://maps.google.com/?q=The+British+University+in+Egypt,+Knowledge+Hub+Universities,+New+Administrative+Capital,+Egypt",https://res.cloudinary.com/yrqizhfy/image/upload/v1784919826/f6150d94-0d0c-460a-a73b-bc9b082a6d73_rypcex.jpg,Faculty of Islamic Studies,"Tafsir and Quranic Sciences
Hadith
Aqeedah and Philosophy
Fiqh
Usul Al-Fiqh
Comparative Fiqh
Da’wah and Islamic Culture
Arabic Language and Literature",
Al-Azhar University – Assiut Branch (Girls’),"Al-Azhar University – Assiut Branch is one of the main branches of Al-Azhar University in Egypt. It offers a wide range of academic programs in Islamic, scientific, medical, engineering, and humanities disciplines. The university is committed to providing high-quality education, promoting scientific research, and preparing graduates to contribute effectively to society.","https://maps.google.com/?q=The+British+University+in+Egypt,+Knowledge+Hub+Universities,+New+Administrative+Capital,+Egypt",https://res.cloudinary.com/yrqizhfy/image/upload/v1784919826/f6150d94-0d0c-460a-a73b-bc9b082a6d73_rypcex.jpg,Technical Institute of Nursing,"General Nursing
Medical-Surgical Nursing
Pediatric Nursing
Obstetric and Gynecological Nursing
Community Health Nursing
Psychiatric and Mental Health Nursing",
Sadat Academy for Management Sciences – Assiut Branch,"Sadat Academy for Management Sciences – Assiut Branch is one of the regional branches of the Sadat Academy for Management Sciences in Egypt. It specializes in management sciences and offers high-quality education in business, accounting, economics, management information systems, and related fields. The academy focuses on academic excellence, practical training, and preparing graduates for the local and international job market.","https://maps.google.com/?q=The+British+University+in+Egypt,+Knowledge+Hub+Universities,+New+Administrative+Capital,+Egypt",https://res.cloudinary.com/yrqizhfy/image/upload/v1784916517/sa_i3afqm.jpg,"Faculty of Administrative Sciences

Departments / Majors","Business Administration

Accounting

Economics

Management Information Systems (MIS)

Human Resources Management

Marketing

Finance

Banking

Insurance

Public Administration

Local Administration

Actuarial Sciences",
Luxor University,"Luxor University is a public university located in Luxor, Egypt. Established in 2019, it offers high-quality education across various disciplines, including medicine, science, archaeology, tourism, arts, languages, and computer science. The university is committed to academic excellence, scientific research, innovation, and preparing graduates to meet the needs of the local and global job market.","https://maps.google.com/?q=The+British+University+in+Egypt,+Knowledge+Hub+Universities,+New+Administrative+Capital,+Egypt",lhttps://res.cloudinary.com/yrqizhfy/image/upload/v1784916513/lu_ktvi43.jpg,Faculty of Archaeology,"Egyptology
Islamic Archaeology
Archaeological Restoration
Museum Studies",
Luxor University,"Luxor University is a public university located in Luxor, Egypt. Established in 2019, it offers high-quality education across various disciplines, including medicine, science, archaeology, tourism, arts, languages, and computer science. The university is committed to academic excellence, scientific research, innovation, and preparing graduates to meet the needs of the local and global job market.","https://maps.google.com/?q=The+British+University+in+Egypt,+Knowledge+Hub+Universities,+New+Administrative+Capital,+Egypt",lhttps://res.cloudinary.com/yrqizhfy/image/upload/v1784916513/lu_ktvi43.jpg,Faculty of Fine Arts,"Painting
Graphics
Sculpture
Interior Design
Decoration",
Luxor University,"Luxor University is a public university located in Luxor, Egypt. Established in 2019, it offers high-quality education across various disciplines, including medicine, science, archaeology, tourism, arts, languages, and computer science. The university is committed to academic excellence, scientific research, innovation, and preparing graduates to meet the needs of the local and global job market.","https://maps.google.com/?q=The+British+University+in+Egypt,+Knowledge+Hub+Universities,+New+Administrative+Capital,+Egypt",lhttps://res.cloudinary.com/yrqizhfy/image/upload/v1784916513/lu_ktvi43.jpg,Faculty of Alsun (Languages),"English Language
French Language
German Language
Italian Language",
Luxor University,"Luxor University is a public university located in Luxor, Egypt. Established in 2019, it offers high-quality education across various disciplines, including medicine, science, archaeology, tourism, arts, languages, and computer science. The university is committed to academic excellence, scientific research, innovation, and preparing graduates to meet the needs of the local and global job market.","https://maps.google.com/?q=The+British+University+in+Egypt,+Knowledge+Hub+Universities,+New+Administrative+Capital,+Egypt",lhttps://res.cloudinary.com/yrqizhfy/image/upload/v1784916513/lu_ktvi43.jpg,Faculty of Education,"Curriculum and Instruction
Educational Psychology
Foundations of Education
Special Education
English Language
Arabic Language
Mathematics
Physics
Chemistry
Biology",
Luxor University,"Luxor University is a public university located in Luxor, Egypt. Established in 2019, it offers high-quality education across various disciplines, including medicine, science, archaeology, tourism, arts, languages, and computer science. The university is committed to academic excellence, scientific research, innovation, and preparing graduates to meet the needs of the local and global job market.","https://maps.google.com/?q=The+British+University+in+Egypt,+Knowledge+Hub+Universities,+New+Administrative+Capital,+Egypt",lhttps://res.cloudinary.com/yrqizhfy/image/upload/v1784916513/lu_ktvi43.jpg,Faculty of Medicine,"Anatomy
Physiology
Biochemistry
Histology
Pathology
Pharmacology
Microbiology
Parasitology
Internal Medicine
General Surgery
Pediatrics
Obstetrics and Gynecology
Orthopedics
Ophthalmology
ENT
Dermatology
Psychiatry
Radiology
Anesthesiology",
Luxor University,"Luxor University is a public university located in Luxor, Egypt. Established in 2019, it offers high-quality education across various disciplines, including medicine, science, archaeology, tourism, arts, languages, and computer science. The university is committed to academic excellence, scientific research, innovation, and preparing graduates to meet the needs of the local and global job market.","https://maps.google.com/?q=The+British+University+in+Egypt,+Knowledge+Hub+Universities,+New+Administrative+Capital,+Egypt",lhttps://res.cloudinary.com/yrqizhfy/image/upload/v1784916513/lu_ktvi43.jpg,Faculty of Computers and Information,"Computer Science
Information Systems
Information Technology
Artificial Intelligence",
Luxor University,"Luxor University is a public university located in Luxor, Egypt. Established in 2019, it offers high-quality education across various disciplines, including medicine, science, archaeology, tourism, arts, languages, and computer science. The university is committed to academic excellence, scientific research, innovation, and preparing graduates to meet the needs of the local and global job market.","https://maps.google.com/?q=The+British+University+in+Egypt,+Knowledge+Hub+Universities,+New+Administrative+Capital,+Egypt",lhttps://res.cloudinary.com/yrqizhfy/image/upload/v1784916513/lu_ktvi43.jpg,Faculty of Tourism and Hotels,"Tourism Studies
Hotel Management
Tourism Guidance",
Luxor University,"Luxor University is a public university located in Luxor, Egypt. Established in 2019, it offers high-quality education across various disciplines, including medicine, science, archaeology, tourism, arts, languages, and computer science. The university is committed to academic excellence, scientific research, innovation, and preparing graduates to meet the needs of the local and global job market.","https://maps.google.com/?q=The+British+University+in+Egypt,+Knowledge+Hub+Universities,+New+Administrative+Capital,+Egypt",lhttps://res.cloudinary.com/yrqizhfy/image/upload/v1784916513/lu_ktvi43.jpg,Faculty of Science,"Mathematics
Physics
Chemistry
Botany
Zoology
Geology",
Luxor National University,"Luxor National University is a national university located in New Tiba City, Luxor, Egypt. It was established to provide high-quality education through modern academic programs that meet the needs of the labor market. The university focuses on innovation, scientific research, practical training, and preparing graduates with the knowledge and skills needed for future careers.","https://maps.google.com/?q=The+British+University+in+Egypt,+Knowledge+Hub+Universities,+New+Administrative+Capital,+Egypt",lhttps://res.cloudinary.com/yrqizhfy/image/upload/v1784916513/lu_ktvi43.jpg,"Faculty of Computers, Information and Artificial Intelligence","Computer Science
Information Systems
Artificial Intelligence",
Luxor National University,"Luxor National University is a national university located in New Tiba City, Luxor, Egypt. It was established to provide high-quality education through modern academic programs that meet the needs of the labor market. The university focuses on innovation, scientific research, practical training, and preparing graduates with the knowledge and skills needed for future careers.","https://maps.google.com/?q=The+British+University+in+Egypt,+Knowledge+Hub+Universities,+New+Administrative+Capital,+Egypt",lhttps://res.cloudinary.com/yrqizhfy/image/upload/v1784916513/lu_ktvi43.jpg,Faculty of Tourism and Archaeology,"Tourism Guidance and Heritage Management
Airport Management and Aviation Hospitality",
Luxor National University,"Luxor National University is a national university located in New Tiba City, Luxor, Egypt. It was established to provide high-quality education through modern academic programs that meet the needs of the labor market. The university focuses on innovation, scientific research, practical training, and preparing graduates with the knowledge and skills needed for future careers.","https://maps.google.com/?q=The+British+University+in+Egypt,+Knowledge+Hub+Universities,+New+Administrative+Capital,+Egypt",lhttps://res.cloudinary.com/yrqizhfy/image/upload/v1784916513/lu_ktvi43.jpg,"Faculty of Languages, Translation and Humanities","English Language and Translation
German Language and Translation",
Luxor National University,"Luxor National University is a national university located in New Tiba City, Luxor, Egypt. It was established to provide high-quality education through modern academic programs that meet the needs of the labor market. The university focuses on innovation, scientific research, practical training, and preparing graduates with the knowledge and skills needed for future careers.","https://maps.google.com/?q=The+British+University+in+Egypt,+Knowledge+Hub+Universities,+New+Administrative+Capital,+Egypt",https://res.cloudinary.com/yrqizhfy/image/upload/v1784916519/taba_zpyz4q.jpg,Faculty of Arts and Design,Interior Architecture,
Taiba Technological University,"Taiba Technological University is a public technological university located in New Tiba City, Luxor Governorate, Egypt. It was established to provide applied technological education that combines theoretical knowledge with practical training. The university prepares qualified graduates to meet the needs of industry, tourism, energy, and the labor market through modern technology-based programs.","https://maps.google.com/?q=The+British+University+in+Egypt,+Knowledge+Hub+Universities,+New+Administrative+Capital,+Egypt",https://res.cloudinary.com/yrqizhfy/image/upload/v1784916519/taba_zpyz4q.jpg,Faculty of Industry and Energy Technology,"Food Manufacturing Technology
Wood Industries Technology",
Taiba Technological University,"Taiba Technological University is a public technological university located in New Tiba City, Luxor Governorate, Egypt. It was established to provide applied technological education that combines theoretical knowledge with practical training. The university prepares qualified graduates to meet the needs of industry, tourism, energy, and the labor market through modern technology-based programs.","https://maps.google.com/?q=The+British+University+in+Egypt,+Knowledge+Hub+Universities,+New+Administrative+Capital,+Egypt",https://res.cloudinary.com/yrqizhfy/image/upload/v1784916519/taba_zpyz4q.jpg,Faculty of Tourism and Hotel Services Technology,"Hotel Services Technology
Tourism and Travel Technology",
Senghor University,"Université Senghor is an international French-language graduate university based in Egypt and dedicated to sustainable development in Africa. Established in 1990 under the auspices of the International Organization of La Francophonie (OIF), the university offers specialized master's programs in Management, Health, Environment, and Culture. It prepares future African leaders through high-quality education, research, and professional training in a multicultural environment.","https://maps.google.com/?q=The+British+University+in+Egypt,+Knowledge+Hub+Universities,+New+Administrative+Capital,+Egypt",https://res.cloudinary.com/yrqizhfy/image/upload/v1784916518/Sanghour_fhaya1.jpg,Department of Management (Management),"Governance and Public Management
Project Management",
Senghor University,"Université Senghor is an international French-language graduate university based in Egypt and dedicated to sustainable development in Africa. Established in 1990 under the auspices of the International Organization of La Francophonie (OIF), the university offers specialized master's programs in Management, Health, Environment, and Culture. It prepares future African leaders through high-quality education, research, and professional training in a multicultural environment.","https://maps.google.com/?q=The+British+University+in+Egypt,+Knowledge+Hub+Universities,+New+Administrative+Capital,+Egypt",https://res.cloudinary.com/yrqizhfy/image/upload/v1784916518/Sanghour_fhaya1.jpg,Department of Health (Health),"International Nutrition
International Public Health",
Senghor University,"Université Senghor is an international French-language graduate university based in Egypt and dedicated to sustainable development in Africa. Established in 1990 under the auspices of the International Organization of La Francophonie (OIF), the university offers specialized master's programs in Management, Health, Environment, and Culture. It prepares future African leaders through high-quality education, research, and professional training in a multicultural environment.","https://maps.google.com/?q=The+British+University+in+Egypt,+Knowledge+Hub+Universities,+New+Administrative+Capital,+Egypt",https://res.cloudinary.com/yrqizhfy/image/upload/v1784916518/Sanghour_fhaya1.jpg,Department of Environment (Environment),"Environmental Management
Protected Areas and Biodiversity Management",
Senghor University,"Université Senghor is an international French-language graduate university based in Egypt and dedicated to sustainable development in Africa. Established in 1990 under the auspices of the International Organization of La Francophonie (OIF), the university offers specialized master's programs in Management, Health, Environment, and Culture. It prepares future African leaders through high-quality education, research, and professional training in a multicultural environment.","https://maps.google.com/?q=The+British+University+in+Egypt,+Knowledge+Hub+Universities,+New+Administrative+Capital,+Egypt",https://res.cloudinary.com/yrqizhfy/image/upload/v1784916518/Sanghour_fhaya1.jpg,Department of Culture (Culture),"Cultural Heritage Management
Management of Cultural Enterprises",
Alexandria University,"Alexandria University is one of Egypt's leading public universities, established in 1938 in Alexandria. It offers a wide range of undergraduate and postgraduate programs across medicine, engineering, science, business, humanities, and technology. The university is recognized for its strong academic reputation, scientific research, and international collaborations, serving thousands of students from Egypt and around the world.","https://maps.google.com/?q=The+British+University+in+Egypt,+Knowledge+Hub+Universities,+New+Administrative+Capital,+Egypt",https://res.cloudinary.com/yrqizhfy/image/upload/v1784916507/Alexandria_eybujq.jpg,Faculty of Medicine,Medicine and Surgery,
Alexandria University,"Alexandria University is one of Egypt's leading public universities, established in 1938 in Alexandria. It offers a wide range of undergraduate and postgraduate programs across medicine, engineering, science, business, humanities, and technology. The university is recognized for its strong academic reputation, scientific research, and international collaborations, serving thousands of students from Egypt and around the world.","https://maps.google.com/?q=The+British+University+in+Egypt,+Knowledge+Hub+Universities,+New+Administrative+Capital,+Egypt",https://res.cloudinary.com/yrqizhfy/image/upload/v1784916507/Alexandria_eybujq.jpg,Faculty of Dentistry,Oral and Dental Medicine,
Alexandria University,"Alexandria University is one of Egypt's leading public universities, established in 1938 in Alexandria. It offers a wide range of undergraduate and postgraduate programs across medicine, engineering, science, business, humanities, and technology. The university is recognized for its strong academic reputation, scientific research, and international collaborations, serving thousands of students from Egypt and around the world.","https://maps.google.com/?q=The+British+University+in+Egypt,+Knowledge+Hub+Universities,+New+Administrative+Capital,+Egypt",https://res.cloudinary.com/yrqizhfy/image/upload/v1784916507/Alexandria_eybujq.jpg,Faculty of Pharmacy,"Clinical Pharmacy
PharmD
Pharmaceutical Sciences",
Alexandria University,"Alexandria University is one of Egypt's leading public universities, established in 1938 in Alexandria. It offers a wide range of undergraduate and postgraduate programs across medicine, engineering, science, business, humanities, and technology. The university is recognized for its strong academic reputation, scientific research, and international collaborations, serving thousands of students from Egypt and around the world.","https://maps.google.com/?q=The+British+University+in+Egypt,+Knowledge+Hub+Universities,+New+Administrative+Capital,+Egypt",https://res.cloudinary.com/yrqizhfy/image/upload/v1784916507/Alexandria_eybujq.jpg,Faculty of Nursing,Nursing,
Alexandria University,"Alexandria University is one of Egypt's leading public universities, established in 1938 in Alexandria. It offers a wide range of undergraduate and postgraduate programs across medicine, engineering, science, business, humanities, and technology. The university is recognized for its strong academic reputation, scientific research, and international collaborations, serving thousands of students from Egypt and around the world.","https://maps.google.com/?q=The+British+University+in+Egypt,+Knowledge+Hub+Universities,+New+Administrative+Capital,+Egypt",https://res.cloudinary.com/yrqizhfy/image/upload/v1784916507/Alexandria_eybujq.jpg,Faculty of Engineering,"Architecture Engineering
Civil Engineering
Computer and Systems Engineering
Electrical Engineering
Mechanical Engineering
Chemical Engineering
Production Engineering
Textile Engineering
Marine Engineering and Naval Architecture
Nuclear and Radiation Engineering
Transportation Engineering
Irrigation Engineering and Hydraulics
Sanitary Engineering
Engineering Mathematics and Physics",
Alexandria University,"Alexandria University is one of Egypt's leading public universities, established in 1938 in Alexandria. It offers a wide range of undergraduate and postgraduate programs across medicine, engineering, science, business, humanities, and technology. The university is recognized for its strong academic reputation, scientific research, and international collaborations, serving thousands of students from Egypt and around the world.","https://maps.google.com/?q=The+British+University+in+Egypt,+Knowledge+Hub+Universities,+New+Administrative+Capital,+Egypt",https://res.cloudinary.com/yrqizhfy/image/upload/v1784916507/Alexandria_eybujq.jpg,Faculty of Science,"Mathematics
Physics
Chemistry
Geology
Botany
Zoology
Microbiology
Biotechnology
Environmental Science",
Alexandria University,"Alexandria University is one of Egypt's leading public universities, established in 1938 in Alexandria. It offers a wide range of undergraduate and postgraduate programs across medicine, engineering, science, business, humanities, and technology. The university is recognized for its strong academic reputation, scientific research, and international collaborations, serving thousands of students from Egypt and around the world.","https://maps.google.com/?q=The+British+University+in+Egypt,+Knowledge+Hub+Universities,+New+Administrative+Capital,+Egypt",https://res.cloudinary.com/yrqizhfy/image/upload/v1784916507/Alexandria_eybujq.jpg,Faculty of Agriculture,"Agronomy
Horticulture
Plant Protection
Soil Science
Agricultural Engineering
Food Science
Animal Production
Agricultural Economics",
Alexandria University,"Alexandria University is one of Egypt's leading public universities, established in 1938 in Alexandria. It offers a wide range of undergraduate and postgraduate programs across medicine, engineering, science, business, humanities, and technology. The university is recognized for its strong academic reputation, scientific research, and international collaborations, serving thousands of students from Egypt and around the world.","https://maps.google.com/?q=The+British+University+in+Egypt,+Knowledge+Hub+Universities,+New+Administrative+Capital,+Egypt",https://res.cloudinary.com/yrqizhfy/image/upload/v1784916507/Alexandria_eybujq.jpg,Faculty of Agriculture (Saba Basha),"Agronomy
Horticulture
Plant Protection
Soil Science
Agricultural Engineering
Food Science
Animal Production
Agricultural Economics",
Alexandria University,"Alexandria University is one of Egypt's leading public universities, established in 1938 in Alexandria. It offers a wide range of undergraduate and postgraduate programs across medicine, engineering, science, business, humanities, and technology. The university is recognized for its strong academic reputation, scientific research, and international collaborations, serving thousands of students from Egypt and around the world.","https://maps.google.com/?q=The+British+University+in+Egypt,+Knowledge+Hub+Universities,+New+Administrative+Capital,+Egypt",https://res.cloudinary.com/yrqizhfy/image/upload/v1784916507/Alexandria_eybujq.jpg,Faculty of Veterinary Medicine,Veterinary Medicine,
Alexandria University,"Alexandria University is one of Egypt's leading public universities, established in 1938 in Alexandria. It offers a wide range of undergraduate and postgraduate programs across medicine, engineering, science, business, humanities, and technology. The university is recognized for its strong academic reputation, scientific research, and international collaborations, serving thousands of students from Egypt and around the world.","https://maps.google.com/?q=The+British+University+in+Egypt,+Knowledge+Hub+Universities,+New+Administrative+Capital,+Egypt",https://res.cloudinary.com/yrqizhfy/image/upload/v1784916507/Alexandria_eybujq.jpg,Faculty of Commerce,"Accounting
Business Administration
Economics
Statistics
Insurance",
Alexandria University,"Alexandria University is one of Egypt's leading public universities, established in 1938 in Alexandria. It offers a wide range of undergraduate and postgraduate programs across medicine, engineering, science, business, humanities, and technology. The university is recognized for its strong academic reputation, scientific research, and international collaborations, serving thousands of students from Egypt and around the world.","https://maps.google.com/?q=The+British+University+in+Egypt,+Knowledge+Hub+Universities,+New+Administrative+Capital,+Egypt",https://res.cloudinary.com/yrqizhfy/image/upload/v1784916507/Alexandria_eybujq.jpg,Faculty of Arts,"English Language and Literature
French Language and Literature
Arabic Language and Literature
History
Geography
Philosophy
Sociology
Psychology
Libraries and Information",
Alexandria University,"Alexandria University is one of Egypt's leading public universities, established in 1938 in Alexandria. It offers a wide range of undergraduate and postgraduate programs across medicine, engineering, science, business, humanities, and technology. The university is recognized for its strong academic reputation, scientific research, and international collaborations, serving thousands of students from Egypt and around the world.","https://maps.google.com/?q=The+British+University+in+Egypt,+Knowledge+Hub+Universities,+New+Administrative+Capital,+Egypt",https://res.cloudinary.com/yrqizhfy/image/upload/v1784916507/Alexandria_eybujq.jpg,Faculty of Law,Law,
Alexandria University,"Alexandria University is one of Egypt's leading public universities, established in 1938 in Alexandria. It offers a wide range of undergraduate and postgraduate programs across medicine, engineering, science, business, humanities, and technology. The university is recognized for its strong academic reputation, scientific research, and international collaborations, serving thousands of students from Egypt and around the world.","https://maps.google.com/?q=The+British+University+in+Egypt,+Knowledge+Hub+Universities,+New+Administrative+Capital,+Egypt",https://res.cloudinary.com/yrqizhfy/image/upload/v1784916507/Alexandria_eybujq.jpg,Faculty of Tourism and Hotels,"Tourism Studies
Hotel Management
Tourism Guidance",
Alexandria University,"Alexandria University is one of Egypt's leading public universities, established in 1938 in Alexandria. It offers a wide range of undergraduate and postgraduate programs across medicine, engineering, science, business, humanities, and technology. The university is recognized for its strong academic reputation, scientific research, and international collaborations, serving thousands of students from Egypt and around the world.","https://maps.google.com/?q=The+British+University+in+Egypt,+Knowledge+Hub+Universities,+New+Administrative+Capital,+Egypt",https://res.cloudinary.com/yrqizhfy/image/upload/v1784916507/Alexandria_eybujq.jpg,Faculty of Education,"Education
Educational Psychology
Curriculum and Instruction
Special Education",
Alexandria University,"Alexandria University is one of Egypt's leading public universities, established in 1938 in Alexandria. It offers a wide range of undergraduate and postgraduate programs across medicine, engineering, science, business, humanities, and technology. The university is recognized for its strong academic reputation, scientific research, and international collaborations, serving thousands of students from Egypt and around the world.","https://maps.google.com/?q=The+British+University+in+Egypt,+Knowledge+Hub+Universities,+New+Administrative+Capital,+Egypt",https://res.cloudinary.com/yrqizhfy/image/upload/v1784916507/Alexandria_eybujq.jpg,Faculty of Physical Education for Men,"Physical Education
Sports Training
Sports Management",
Alexandria University,"Alexandria University is one of Egypt's leading public universities, established in 1938 in Alexandria. It offers a wide range of undergraduate and postgraduate programs across medicine, engineering, science, business, humanities, and technology. The university is recognized for its strong academic reputation, scientific research, and international collaborations, serving thousands of students from Egypt and around the world.","https://maps.google.com/?q=The+British+University+in+Egypt,+Knowledge+Hub+Universities,+New+Administrative+Capital,+Egypt",https://res.cloudinary.com/yrqizhfy/image/upload/v1784916507/Alexandria_eybujq.jpg,Faculty of Physical Education for Women,"Physical Education
Sports Training
Sports Management",
Alexandria University,"Alexandria University is one of Egypt's leading public universities, established in 1938 in Alexandria. It offers a wide range of undergraduate and postgraduate programs across medicine, engineering, science, business, humanities, and technology. The university is recognized for its strong academic reputation, scientific research, and international collaborations, serving thousands of students from Egypt and around the world.","https://maps.google.com/?q=The+British+University+in+Egypt,+Knowledge+Hub+Universities,+New+Administrative+Capital,+Egypt",https://res.cloudinary.com/yrqizhfy/image/upload/v1784916507/Alexandria_eybujq.jpg,Faculty of Fine Arts,"Architecture
Painting
Sculpture
Graphic Design
Interior Design
Decoration",
Alexandria University,"Alexandria University is one of Egypt's leading public universities, established in 1938 in Alexandria. It offers a wide range of undergraduate and postgraduate programs across medicine, engineering, science, business, humanities, and technology. The university is recognized for its strong academic reputation, scientific research, and international collaborations, serving thousands of students from Egypt and around the world.","https://maps.google.com/?q=The+British+University+in+Egypt,+Knowledge+Hub+Universities,+New+Administrative+Capital,+Egypt",https://res.cloudinary.com/yrqizhfy/image/upload/v1784916507/Alexandria_eybujq.jpg,Faculty of Specific Education,"Art Education
Music Education
Educational Media
Home Economics",
Alexandria University,"Alexandria University is one of Egypt's leading public universities, established in 1938 in Alexandria. It offers a wide range of undergraduate and postgraduate programs across medicine, engineering, science, business, humanities, and technology. The university is recognized for its strong academic reputation, scientific research, and international collaborations, serving thousands of students from Egypt and around the world.","https://maps.google.com/?q=The+British+University+in+Egypt,+Knowledge+Hub+Universities,+New+Administrative+Capital,+Egypt",https://res.cloudinary.com/yrqizhfy/image/upload/v1784916507/Alexandria_eybujq.jpg,Faculty of Early Childhood Education,Early Childhood Education,
Alexandria University,"Alexandria University is one of Egypt's leading public universities, established in 1938 in Alexandria. It offers a wide range of undergraduate and postgraduate programs across medicine, engineering, science, business, humanities, and technology. The university is recognized for its strong academic reputation, scientific research, and international collaborations, serving thousands of students from Egypt and around the world.","https://maps.google.com/?q=The+British+University+in+Egypt,+Knowledge+Hub+Universities,+New+Administrative+Capital,+Egypt",https://res.cloudinary.com/yrqizhfy/image/upload/v1784916507/Alexandria_eybujq.jpg,Faculty of Economic Studies and Political Science,"Economics
Political Science",
Alexandria University,"Alexandria University is one of Egypt's leading public universities, established in 1938 in Alexandria. It offers a wide range of undergraduate and postgraduate programs across medicine, engineering, science, business, humanities, and technology. The university is recognized for its strong academic reputation, scientific research, and international collaborations, serving thousands of students from Egypt and around the world.","https://maps.google.com/?q=The+British+University+in+Egypt,+Knowledge+Hub+Universities,+New+Administrative+Capital,+Egypt",https://res.cloudinary.com/yrqizhfy/image/upload/v1784916507/Alexandria_eybujq.jpg,Faculty of Computing and Data Science,"Computer Science
Data Science
Artificial Intelligence
Cybersecurity
Information Systems",
Damietta National University,"Damietta National University is a public national university in Egypt that offers modern academic programs aligned with labor market needs. The university provides high-quality education in medicine, engineering, business, computing, and other disciplines while emphasizing innovation, scientific research, and practical training in a modern learning environment.","https://maps.google.com/?q=The+British+University+in+Egypt,+Knowledge+Hub+Universities,+New+Administrative+Capital,+Egypt",https://res.cloudinary.com/yrqizhfy/image/upload/v1784916509/Damietta_lgfnuw.jpg,Faculty of Medicine,Medicine and Surgery,
Damietta National University,"Damietta National University is a public national university in Egypt that offers modern academic programs aligned with labor market needs. The university provides high-quality education in medicine, engineering, business, computing, and other disciplines while emphasizing innovation, scientific research, and practical training in a modern learning environment.","https://maps.google.com/?q=The+British+University+in+Egypt,+Knowledge+Hub+Universities,+New+Administrative+Capital,+Egypt",https://res.cloudinary.com/yrqizhfy/image/upload/v1784916509/Damietta_lgfnuw.jpg,Faculty of Dentistry,Oral and Dental Medicine,
Damietta National University,"Damietta National University is a public national university in Egypt that offers modern academic programs aligned with labor market needs. The university provides high-quality education in medicine, engineering, business, computing, and other disciplines while emphasizing innovation, scientific research, and practical training in a modern learning environment.","https://maps.google.com/?q=The+British+University+in+Egypt,+Knowledge+Hub+Universities,+New+Administrative+Capital,+Egypt",https://res.cloudinary.com/yrqizhfy/image/upload/v1784916509/Damietta_lgfnuw.jpg,Faculty of Pharmacy,"Clinical Pharmacy
PharmD
Pharmaceutical Sciences",
Damietta National University,"Damietta National University is a public national university in Egypt that offers modern academic programs aligned with labor market needs. The university provides high-quality education in medicine, engineering, business, computing, and other disciplines while emphasizing innovation, scientific research, and practical training in a modern learning environment.","https://maps.google.com/?q=The+British+University+in+Egypt,+Knowledge+Hub+Universities,+New+Administrative+Capital,+Egypt",https://res.cloudinary.com/yrqizhfy/image/upload/v1784916509/Damietta_lgfnuw.jpg,Faculty of Nursing,Nursing,
Damietta National University,"Damietta National University is a public national university in Egypt that offers modern academic programs aligned with labor market needs. The university provides high-quality education in medicine, engineering, business, computing, and other disciplines while emphasizing innovation, scientific research, and practical training in a modern learning environment.","https://maps.google.com/?q=The+British+University+in+Egypt,+Knowledge+Hub+Universities,+New+Administrative+Capital,+Egypt",https://res.cloudinary.com/yrqizhfy/image/upload/v1784916509/Damietta_lgfnuw.jpg,Faculty of Physical Therapy,Physical Therapy,
Damietta National University,"Damietta National University is a public national university in Egypt that offers modern academic programs aligned with labor market needs. The university provides high-quality education in medicine, engineering, business, computing, and other disciplines while emphasizing innovation, scientific research, and practical training in a modern learning environment.","https://maps.google.com/?q=The+British+University+in+Egypt,+Knowledge+Hub+Universities,+New+Administrative+Capital,+Egypt",https://res.cloudinary.com/yrqizhfy/image/upload/v1784916509/Damietta_lgfnuw.jpg,Faculty of Engineering,"Civil Engineering
Architectural Engineering
Electrical Engineering
Mechanical Engineering
Computer Engineering",
Damietta National University,"Damietta National University is a public national university in Egypt that offers modern academic programs aligned with labor market needs. The university provides high-quality education in medicine, engineering, business, computing, and other disciplines while emphasizing innovation, scientific research, and practical training in a modern learning environment.","https://maps.google.com/?q=The+British+University+in+Egypt,+Knowledge+Hub+Universities,+New+Administrative+Capital,+Egypt",https://res.cloudinary.com/yrqizhfy/image/upload/v1784916509/Damietta_lgfnuw.jpg,Faculty of Computers and Artificial Intelligence,"Computer Science
Artificial Intelligence
Information Systems
Data Science
Cybersecurity",
Damietta National University,"Damietta National University is a public national university in Egypt that offers modern academic programs aligned with labor market needs. The university provides high-quality education in medicine, engineering, business, computing, and other disciplines while emphasizing innovation, scientific research, and practical training in a modern learning environment.","https://maps.google.com/?q=The+British+University+in+Egypt,+Knowledge+Hub+Universities,+New+Administrative+Capital,+Egypt",https://res.cloudinary.com/yrqizhfy/image/upload/v1784916509/Damietta_lgfnuw.jpg,Faculty of Business Administration,"Accounting
Business Administration
Finance
Marketing
Economics",
Damietta National University,"Damietta National University is a public national university in Egypt that offers modern academic programs aligned with labor market needs. The university provides high-quality education in medicine, engineering, business, computing, and other disciplines while emphasizing innovation, scientific research, and practical training in a modern learning environment.","https://maps.google.com/?q=The+British+University+in+Egypt,+Knowledge+Hub+Universities,+New+Administrative+Capital,+Egypt",https://res.cloudinary.com/yrqizhfy/image/upload/v1784916509/Damietta_lgfnuw.jpg,Faculty of Arts and Design,"Graphic Design
Interior Design
Fashion Design
Digital Media
Visual Arts",
East Port Said National University,"East Port Said National University is a modern public national university in Egypt that offers innovative academic programs designed to meet the needs of the future labor market. The university focuses on practical learning, scientific research, innovation, and international collaboration, providing students with a modern educational environment that prepares them for successful careers in healthcare, engineering, business, technology, and the humanities.","https://maps.google.com/?q=The+British+University+in+Egypt,+Knowledge+Hub+Universities,+New+Administrative+Capital,+Egypt",https://res.cloudinary.com/yrqizhfy/image/upload/v1784916510/EastPortSaidNational_jeqmlg.webp,Faculty of Medicine,Medicine and Surgery,
East Port Said National University,"East Port Said National University is a modern public national university in Egypt that offers innovative academic programs designed to meet the needs of the future labor market. The university focuses on practical learning, scientific research, innovation, and international collaboration, providing students with a modern educational environment that prepares them for successful careers in healthcare, engineering, business, technology, and the humanities.","https://maps.google.com/?q=The+British+University+in+Egypt,+Knowledge+Hub+Universities,+New+Administrative+Capital,+Egypt",https://res.cloudinary.com/yrqizhfy/image/upload/v1784916510/EastPortSaidNational_jeqmlg.webp,Faculty of Pharmacy,Clinical Pharmacy,
East Port Said National University,"East Port Said National University is a modern public national university in Egypt that offers innovative academic programs designed to meet the needs of the future labor market. The university focuses on practical learning, scientific research, innovation, and international collaboration, providing students with a modern educational environment that prepares them for successful careers in healthcare, engineering, business, technology, and the humanities.","https://maps.google.com/?q=The+British+University+in+Egypt,+Knowledge+Hub+Universities,+New+Administrative+Capital,+Egypt",https://res.cloudinary.com/yrqizhfy/image/upload/v1784916510/EastPortSaidNational_jeqmlg.webp,Faculty of Engineering,"Mechatronics Engineering
Artificial Intelligence and Machine Learning
Energy and Electrical Power",
East Port Said National University,"East Port Said National University is a modern public national university in Egypt that offers innovative academic programs designed to meet the needs of the future labor market. The university focuses on practical learning, scientific research, innovation, and international collaboration, providing students with a modern educational environment that prepares them for successful careers in healthcare, engineering, business, technology, and the humanities.","https://maps.google.com/?q=The+British+University+in+Egypt,+Knowledge+Hub+Universities,+New+Administrative+Capital,+Egypt",https://res.cloudinary.com/yrqizhfy/image/upload/v1784916510/EastPortSaidNational_jeqmlg.webp,Faculty of Computer Science and Information Technology,"Computer Science
Artificial Intelligence
Data Science in Information Systems
Biomedical Informatics",
East Port Said National University,"East Port Said National University is a modern public national university in Egypt that offers innovative academic programs designed to meet the needs of the future labor market. The university focuses on practical learning, scientific research, innovation, and international collaboration, providing students with a modern educational environment that prepares them for successful careers in healthcare, engineering, business, technology, and the humanities.","https://maps.google.com/?q=The+British+University+in+Egypt,+Knowledge+Hub+Universities,+New+Administrative+Capital,+Egypt",https://res.cloudinary.com/yrqizhfy/image/upload/v1784916510/EastPortSaidNational_jeqmlg.webp,Faculty of Applied Health Sciences,Medical Laboratory Technology,
East Port Said National University,"East Port Said National University is a modern public national university in Egypt that offers innovative academic programs designed to meet the needs of the future labor market. The university focuses on practical learning, scientific research, innovation, and international collaboration, providing students with a modern educational environment that prepares them for successful careers in healthcare, engineering, business, technology, and the humanities.","https://maps.google.com/?q=The+British+University+in+Egypt,+Knowledge+Hub+Universities,+New+Administrative+Capital,+Egypt",https://res.cloudinary.com/yrqizhfy/image/upload/v1784916510/EastPortSaidNational_jeqmlg.webp,Faculty of Arts,"Geomatics and Artificial Intelligence
English Language and Translation",
East Port Said National University,"East Port Said National University is a modern public national university in Egypt that offers innovative academic programs designed to meet the needs of the future labor market. The university focuses on practical learning, scientific research, innovation, and international collaboration, providing students with a modern educational environment that prepares them for successful careers in healthcare, engineering, business, technology, and the humanities.","https://maps.google.com/?q=The+British+University+in+Egypt,+Knowledge+Hub+Universities,+New+Administrative+Capital,+Egypt",https://res.cloudinary.com/yrqizhfy/image/upload/v1784916510/EastPortSaidNational_jeqmlg.webp,Faculty of Business Sciences,"Accounting and Software Applications
Digital Marketing and E-Management",
Zagazig University,"Zagazig University is one of Egypt's leading public universities, established in 1974 in Sharkia Governorate. It offers a wide range of undergraduate and postgraduate programs in medicine, engineering, agriculture, science, business, humanities, and information technology. The university is known for its strong academic programs, scientific research, university hospitals, and community service, attracting students from across Egypt and abroad.","https://maps.google.com/?q=The+British+University+in+Egypt,+Knowledge+Hub+Universities,+New+Administrative+Capital,+Egypt",https://res.cloudinary.com/yrqizhfy/image/upload/v1784916521/Zagazig_kn8xxx.jpg,Faculty of Medicine,Medicine and Surgery,
Zagazig University,"Zagazig University is one of Egypt's leading public universities, established in 1974 in Sharkia Governorate. It offers a wide range of undergraduate and postgraduate programs in medicine, engineering, agriculture, science, business, humanities, and information technology. The university is known for its strong academic programs, scientific research, university hospitals, and community service, attracting students from across Egypt and abroad.","https://maps.google.com/?q=The+British+University+in+Egypt,+Knowledge+Hub+Universities,+New+Administrative+Capital,+Egypt",https://res.cloudinary.com/yrqizhfy/image/upload/v1784916521/Zagazig_kn8xxx.jpg,Faculty of Dentistry,Oral and Dental Medicine,
Zagazig University,"Zagazig University is one of Egypt's leading public universities, established in 1974 in Sharkia Governorate. It offers a wide range of undergraduate and postgraduate programs in medicine, engineering, agriculture, science, business, humanities, and information technology. The university is known for its strong academic programs, scientific research, university hospitals, and community service, attracting students from across Egypt and abroad.","https://maps.google.com/?q=The+British+University+in+Egypt,+Knowledge+Hub+Universities,+New+Administrative+Capital,+Egypt",https://res.cloudinary.com/yrqizhfy/image/upload/v1784916521/Zagazig_kn8xxx.jpg,Faculty of Pharmacy,"Clinical Pharmacy
PharmD
Pharmaceutical Sciences",
Zagazig University,"Zagazig University is one of Egypt's leading public universities, established in 1974 in Sharkia Governorate. It offers a wide range of undergraduate and postgraduate programs in medicine, engineering, agriculture, science, business, humanities, and information technology. The university is known for its strong academic programs, scientific research, university hospitals, and community service, attracting students from across Egypt and abroad.","https://maps.google.com/?q=The+British+University+in+Egypt,+Knowledge+Hub+Universities,+New+Administrative+Capital,+Egypt",https://res.cloudinary.com/yrqizhfy/image/upload/v1784916521/Zagazig_kn8xxx.jpg,Faculty of Nursing,Nursing,
Zagazig University,"Zagazig University is one of Egypt's leading public universities, established in 1974 in Sharkia Governorate. It offers a wide range of undergraduate and postgraduate programs in medicine, engineering, agriculture, science, business, humanities, and information technology. The university is known for its strong academic programs, scientific research, university hospitals, and community service, attracting students from across Egypt and abroad.","https://maps.google.com/?q=The+British+University+in+Egypt,+Knowledge+Hub+Universities,+New+Administrative+Capital,+Egypt",https://res.cloudinary.com/yrqizhfy/image/upload/v1784916521/Zagazig_kn8xxx.jpg,Faculty of Engineering,"Civil Engineering
Architectural Engineering
Mechanical Engineering
Electrical Engineering
Computer Engineering
Chemical Engineering",
Zagazig University,"Zagazig University is one of Egypt's leading public universities, established in 1974 in Sharkia Governorate. It offers a wide range of undergraduate and postgraduate programs in medicine, engineering, agriculture, science, business, humanities, and information technology. The university is known for its strong academic programs, scientific research, university hospitals, and community service, attracting students from across Egypt and abroad.","https://maps.google.com/?q=The+British+University+in+Egypt,+Knowledge+Hub+Universities,+New+Administrative+Capital,+Egypt",https://res.cloudinary.com/yrqizhfy/image/upload/v1784916521/Zagazig_kn8xxx.jpg,Faculty of Science,"Mathematics
Physics
Chemistry
Geology
Botany
Zoology
Microbiology
Biochemistry",
Zagazig University,"Zagazig University is one of Egypt's leading public universities, established in 1974 in Sharkia Governorate. It offers a wide range of undergraduate and postgraduate programs in medicine, engineering, agriculture, science, business, humanities, and information technology. The university is known for its strong academic programs, scientific research, university hospitals, and community service, attracting students from across Egypt and abroad.","https://maps.google.com/?q=The+British+University+in+Egypt,+Knowledge+Hub+Universities,+New+Administrative+Capital,+Egypt",https://res.cloudinary.com/yrqizhfy/image/upload/v1784916521/Zagazig_kn8xxx.jpg,Faculty of Agriculture,"Agronomy
Horticulture
Plant Protection
Soil Science
Animal Production
Food Science
Agricultural Economics",
Zagazig University,"Zagazig University is one of Egypt's leading public universities, established in 1974 in Sharkia Governorate. It offers a wide range of undergraduate and postgraduate programs in medicine, engineering, agriculture, science, business, humanities, and information technology. The university is known for its strong academic programs, scientific research, university hospitals, and community service, attracting students from across Egypt and abroad.","https://maps.google.com/?q=The+British+University+in+Egypt,+Knowledge+Hub+Universities,+New+Administrative+Capital,+Egypt",https://res.cloudinary.com/yrqizhfy/image/upload/v1784916521/Zagazig_kn8xxx.jpg,Faculty of Veterinary Medicine,Veterinary Medicine,
Zagazig University,"Zagazig University is one of Egypt's leading public universities, established in 1974 in Sharkia Governorate. It offers a wide range of undergraduate and postgraduate programs in medicine, engineering, agriculture, science, business, humanities, and information technology. The university is known for its strong academic programs, scientific research, university hospitals, and community service, attracting students from across Egypt and abroad.","https://maps.google.com/?q=The+British+University+in+Egypt,+Knowledge+Hub+Universities,+New+Administrative+Capital,+Egypt",https://res.cloudinary.com/yrqizhfy/image/upload/v1784916521/Zagazig_kn8xxx.jpg,Faculty of Commerce,"Accounting
Business Administration
Economics
Statistics
Insurance",
Zagazig University,"Zagazig University is one of Egypt's leading public universities, established in 1974 in Sharkia Governorate. It offers a wide range of undergraduate and postgraduate programs in medicine, engineering, agriculture, science, business, humanities, and information technology. The university is known for its strong academic programs, scientific research, university hospitals, and community service, attracting students from across Egypt and abroad.","https://maps.google.com/?q=The+British+University+in+Egypt,+Knowledge+Hub+Universities,+New+Administrative+Capital,+Egypt",https://res.cloudinary.com/yrqizhfy/image/upload/v1784916521/Zagazig_kn8xxx.jpg,Faculty of Arts,"Arabic Language and Literature
English Language and Literature
French Language and Literature
Spanish Language and Literature
History
Geography and Environmental Information
Psychology
Sociology
Philosophy
Mass Communication",
Zagazig University,"Zagazig University is one of Egypt's leading public universities, established in 1974 in Sharkia Governorate. It offers a wide range of undergraduate and postgraduate programs in medicine, engineering, agriculture, science, business, humanities, and information technology. The university is known for its strong academic programs, scientific research, university hospitals, and community service, attracting students from across Egypt and abroad.","https://maps.google.com/?q=The+British+University+in+Egypt,+Knowledge+Hub+Universities,+New+Administrative+Capital,+Egypt",https://res.cloudinary.com/yrqizhfy/image/upload/v1784916521/Zagazig_kn8xxx.jpg,Faculty of Law,Law,
Zagazig University,"Zagazig University is one of Egypt's leading public universities, established in 1974 in Sharkia Governorate. It offers a wide range of undergraduate and postgraduate programs in medicine, engineering, agriculture, science, business, humanities, and information technology. The university is known for its strong academic programs, scientific research, university hospitals, and community service, attracting students from across Egypt and abroad.","https://maps.google.com/?q=The+British+University+in+Egypt,+Knowledge+Hub+Universities,+New+Administrative+Capital,+Egypt",https://res.cloudinary.com/yrqizhfy/image/upload/v1784916521/Zagazig_kn8xxx.jpg,Faculty of Education,"Education
Curriculum and Instruction
Educational Psychology
Special Education",
Zagazig University,"Zagazig University is one of Egypt's leading public universities, established in 1974 in Sharkia Governorate. It offers a wide range of undergraduate and postgraduate programs in medicine, engineering, agriculture, science, business, humanities, and information technology. The university is known for its strong academic programs, scientific research, university hospitals, and community service, attracting students from across Egypt and abroad.","https://maps.google.com/?q=The+British+University+in+Egypt,+Knowledge+Hub+Universities,+New+Administrative+Capital,+Egypt",https://res.cloudinary.com/yrqizhfy/image/upload/v1784916521/Zagazig_kn8xxx.jpg,Faculty of Physical Education for Men,"Physical Education
Sports Training
Sports Management",
Zagazig University,"Zagazig University is one of Egypt's leading public universities, established in 1974 in Sharkia Governorate. It offers a wide range of undergraduate and postgraduate programs in medicine, engineering, agriculture, science, business, humanities, and information technology. The university is known for its strong academic programs, scientific research, university hospitals, and community service, attracting students from across Egypt and abroad.","https://maps.google.com/?q=The+British+University+in+Egypt,+Knowledge+Hub+Universities,+New+Administrative+Capital,+Egypt",https://res.cloudinary.com/yrqizhfy/image/upload/v1784916521/Zagazig_kn8xxx.jpg,Faculty of Physical Education for Women,"Physical Education
Sports Training
Sports Management",
Zagazig University,"Zagazig University is one of Egypt's leading public universities, established in 1974 in Sharkia Governorate. It offers a wide range of undergraduate and postgraduate programs in medicine, engineering, agriculture, science, business, humanities, and information technology. The university is known for its strong academic programs, scientific research, university hospitals, and community service, attracting students from across Egypt and abroad.","https://maps.google.com/?q=The+British+University+in+Egypt,+Knowledge+Hub+Universities,+New+Administrative+Capital,+Egypt",https://res.cloudinary.com/yrqizhfy/image/upload/v1784916521/Zagazig_kn8xxx.jpg,Faculty of Specific Education,"Art Education
Music Education
Educational Media
Home Economics",
Zagazig University,"Zagazig University is one of Egypt's leading public universities, established in 1974 in Sharkia Governorate. It offers a wide range of undergraduate and postgraduate programs in medicine, engineering, agriculture, science, business, humanities, and information technology. The university is known for its strong academic programs, scientific research, university hospitals, and community service, attracting students from across Egypt and abroad.","https://maps.google.com/?q=The+British+University+in+Egypt,+Knowledge+Hub+Universities,+New+Administrative+Capital,+Egypt",https://res.cloudinary.com/yrqizhfy/image/upload/v1784916521/Zagazig_kn8xxx.jpg,Faculty of Computing and Information,"Computer Science
Information Systems
Information Technology
Artificial Intelligence",
Zagazig University,"Zagazig University is one of Egypt's leading public universities, established in 1974 in Sharkia Governorate. It offers a wide range of undergraduate and postgraduate programs in medicine, engineering, agriculture, science, business, humanities, and information technology. The university is known for its strong academic programs, scientific research, university hospitals, and community service, attracting students from across Egypt and abroad.","https://maps.google.com/?q=The+British+University+in+Egypt,+Knowledge+Hub+Universities,+New+Administrative+Capital,+Egypt",https://res.cloudinary.com/yrqizhfy/image/upload/v1784916521/Zagazig_kn8xxx.jpg,College of Technology and Development,"Agricultural Technology
Industrial Technology
Business and Development",
Zagazig Technological University,"Zagazig Technological University is one of Egypt's public technological universities, established to provide practice-oriented education that meets the needs of modern industry and the labor market. The university focuses on applied technology, technical innovation, and hands-on training through advanced laboratories and partnerships with industrial sectors, preparing graduates for careers in engineering and industrial technologies.","https://maps.google.com/?q=The+British+University+in+Egypt,+Knowledge+Hub+Universities,+New+Administrative+Capital,+Egypt",https://res.cloudinary.com/yrqizhfy/image/upload/v1784916521/Zagazig_kn8xxx.jpg,Faculty of Industry and Energy Technology,"Information Technology
Mechatronics
New and Renewable Energy
Autotronics (Automotive Technology)",
Menoufia University,"Menoufia University is a leading public university in Egypt, established in 1976 in Shebin El Kom, Menoufia Governorate. The university offers a wide range of undergraduate and postgraduate programs in medicine, engineering, agriculture, science, business, humanities, and technology. It is well known for its excellence in education, scientific research, healthcare services, and community development, serving thousands of students from Egypt and abroad.","https://maps.google.com/?q=The+British+University+in+Egypt,+Knowledge+Hub+Universities,+New+Administrative+Capital,+Egypt",https://res.cloudinary.com/yrqizhfy/image/upload/v1784916514/Menoufia_smnfnt.jpg,Faculty of Medicine,Medicine and Surgery,
Menoufia University,"Menoufia University is a leading public university in Egypt, established in 1976 in Shebin El Kom, Menoufia Governorate. The university offers a wide range of undergraduate and postgraduate programs in medicine, engineering, agriculture, science, business, humanities, and technology. It is well known for its excellence in education, scientific research, healthcare services, and community development, serving thousands of students from Egypt and abroad.","https://maps.google.com/?q=The+British+University+in+Egypt,+Knowledge+Hub+Universities,+New+Administrative+Capital,+Egypt",https://res.cloudinary.com/yrqizhfy/image/upload/v1784916514/Menoufia_smnfnt.jpg,Faculty of Dentistry,Oral and Dental Medicine,
Menoufia University,"Menoufia University is a leading public university in Egypt, established in 1976 in Shebin El Kom, Menoufia Governorate. The university offers a wide range of undergraduate and postgraduate programs in medicine, engineering, agriculture, science, business, humanities, and technology. It is well known for its excellence in education, scientific research, healthcare services, and community development, serving thousands of students from Egypt and abroad.","https://maps.google.com/?q=The+British+University+in+Egypt,+Knowledge+Hub+Universities,+New+Administrative+Capital,+Egypt",https://res.cloudinary.com/yrqizhfy/image/upload/v1784916514/Menoufia_smnfnt.jpg,Faculty of Pharmacy,"Clinical Pharmacy
PharmD
Pharmaceutical Sciences",
Menoufia University,"Menoufia University is a leading public university in Egypt, established in 1976 in Shebin El Kom, Menoufia Governorate. The university offers a wide range of undergraduate and postgraduate programs in medicine, engineering, agriculture, science, business, humanities, and technology. It is well known for its excellence in education, scientific research, healthcare services, and community development, serving thousands of students from Egypt and abroad.","https://maps.google.com/?q=The+British+University+in+Egypt,+Knowledge+Hub+Universities,+New+Administrative+Capital,+Egypt",https://res.cloudinary.com/yrqizhfy/image/upload/v1784916514/Menoufia_smnfnt.jpg,Faculty of Nursing,Nursing,
Menoufia University,"Menoufia University is a leading public university in Egypt, established in 1976 in Shebin El Kom, Menoufia Governorate. The university offers a wide range of undergraduate and postgraduate programs in medicine, engineering, agriculture, science, business, humanities, and technology. It is well known for its excellence in education, scientific research, healthcare services, and community development, serving thousands of students from Egypt and abroad.","https://maps.google.com/?q=The+British+University+in+Egypt,+Knowledge+Hub+Universities,+New+Administrative+Capital,+Egypt",https://res.cloudinary.com/yrqizhfy/image/upload/v1784916514/Menoufia_smnfnt.jpg,Faculty of Engineering,"Civil Engineering
Architectural Engineering
Mechanical Engineering
Electrical Engineering
Industrial Engineering",
Menoufia University,"Menoufia University is a leading public university in Egypt, established in 1976 in Shebin El Kom, Menoufia Governorate. The university offers a wide range of undergraduate and postgraduate programs in medicine, engineering, agriculture, science, business, humanities, and technology. It is well known for its excellence in education, scientific research, healthcare services, and community development, serving thousands of students from Egypt and abroad.","https://maps.google.com/?q=The+British+University+in+Egypt,+Knowledge+Hub+Universities,+New+Administrative+Capital,+Egypt",https://res.cloudinary.com/yrqizhfy/image/upload/v1784916514/Menoufia_smnfnt.jpg,Faculty of Electronic Engineering,"Electronics and Communications Engineering
Computer Engineering
Industrial Electronics and Control Engineering
Power Electronics Engineering",
Menoufia University,"Menoufia University is a leading public university in Egypt, established in 1976 in Shebin El Kom, Menoufia Governorate. The university offers a wide range of undergraduate and postgraduate programs in medicine, engineering, agriculture, science, business, humanities, and technology. It is well known for its excellence in education, scientific research, healthcare services, and community development, serving thousands of students from Egypt and abroad.","https://maps.google.com/?q=The+British+University+in+Egypt,+Knowledge+Hub+Universities,+New+Administrative+Capital,+Egypt",https://res.cloudinary.com/yrqizhfy/image/upload/v1784916514/Menoufia_smnfnt.jpg,Faculty of Artificial Intelligence,"Artificial Intelligence
Machine Learning
Data Science
Intelligent Systems",
Menoufia University,"Menoufia University is a leading public university in Egypt, established in 1976 in Shebin El Kom, Menoufia Governorate. The university offers a wide range of undergraduate and postgraduate programs in medicine, engineering, agriculture, science, business, humanities, and technology. It is well known for its excellence in education, scientific research, healthcare services, and community development, serving thousands of students from Egypt and abroad.","https://maps.google.com/?q=The+British+University+in+Egypt,+Knowledge+Hub+Universities,+New+Administrative+Capital,+Egypt",https://res.cloudinary.com/yrqizhfy/image/upload/v1784916514/Menoufia_smnfnt.jpg,Faculty of Computers and Information,"Computer Science
Information Systems
Information Technology
Software Engineering",
Menoufia University,"Menoufia University is a leading public university in Egypt, established in 1976 in Shebin El Kom, Menoufia Governorate. The university offers a wide range of undergraduate and postgraduate programs in medicine, engineering, agriculture, science, business, humanities, and technology. It is well known for its excellence in education, scientific research, healthcare services, and community development, serving thousands of students from Egypt and abroad.","https://maps.google.com/?q=The+British+University+in+Egypt,+Knowledge+Hub+Universities,+New+Administrative+Capital,+Egypt",https://res.cloudinary.com/yrqizhfy/image/upload/v1784916514/Menoufia_smnfnt.jpg,Faculty of Science,"Mathematics
Physics
Chemistry
Geology
Botany
Zoology
Biochemistry
Microbiology",
Menoufia University,"Menoufia University is a leading public university in Egypt, established in 1976 in Shebin El Kom, Menoufia Governorate. The university offers a wide range of undergraduate and postgraduate programs in medicine, engineering, agriculture, science, business, humanities, and technology. It is well known for its excellence in education, scientific research, healthcare services, and community development, serving thousands of students from Egypt and abroad.","https://maps.google.com/?q=The+British+University+in+Egypt,+Knowledge+Hub+Universities,+New+Administrative+Capital,+Egypt",https://res.cloudinary.com/yrqizhfy/image/upload/v1784916514/Menoufia_smnfnt.jpg,Faculty of Agriculture,"Agronomy
Horticulture
Plant Protection
Animal Production
Food Science
Agricultural Economics",
Menoufia University,"Menoufia University is a leading public university in Egypt, established in 1976 in Shebin El Kom, Menoufia Governorate. The university offers a wide range of undergraduate and postgraduate programs in medicine, engineering, agriculture, science, business, humanities, and technology. It is well known for its excellence in education, scientific research, healthcare services, and community development, serving thousands of students from Egypt and abroad.","https://maps.google.com/?q=The+British+University+in+Egypt,+Knowledge+Hub+Universities,+New+Administrative+Capital,+Egypt",https://res.cloudinary.com/yrqizhfy/image/upload/v1784916514/Menoufia_smnfnt.jpg,Faculty of Veterinary Medicine,Veterinary Medicine,
Menoufia University,"Menoufia University is a leading public university in Egypt, established in 1976 in Shebin El Kom, Menoufia Governorate. The university offers a wide range of undergraduate and postgraduate programs in medicine, engineering, agriculture, science, business, humanities, and technology. It is well known for its excellence in education, scientific research, healthcare services, and community development, serving thousands of students from Egypt and abroad.","https://maps.google.com/?q=The+British+University+in+Egypt,+Knowledge+Hub+Universities,+New+Administrative+Capital,+Egypt",https://res.cloudinary.com/yrqizhfy/image/upload/v1784916514/Menoufia_smnfnt.jpg,Faculty of Commerce,"Accounting
Business Administration
Economics
Statistics
Insurance",
Menoufia University,"Menoufia University is a leading public university in Egypt, established in 1976 in Shebin El Kom, Menoufia Governorate. The university offers a wide range of undergraduate and postgraduate programs in medicine, engineering, agriculture, science, business, humanities, and technology. It is well known for its excellence in education, scientific research, healthcare services, and community development, serving thousands of students from Egypt and abroad.","https://maps.google.com/?q=The+British+University+in+Egypt,+Knowledge+Hub+Universities,+New+Administrative+Capital,+Egypt",https://res.cloudinary.com/yrqizhfy/image/upload/v1784916514/Menoufia_smnfnt.jpg,Faculty of Arts,"Arabic Language and Literature
English Language and Literature
French Language and Literature
History
Geography
Psychology
Sociology
Philosophy",
Menoufia University,"Menoufia University is a leading public university in Egypt, established in 1976 in Shebin El Kom, Menoufia Governorate. The university offers a wide range of undergraduate and postgraduate programs in medicine, engineering, agriculture, science, business, humanities, and technology. It is well known for its excellence in education, scientific research, healthcare services, and community development, serving thousands of students from Egypt and abroad.","https://maps.google.com/?q=The+British+University+in+Egypt,+Knowledge+Hub+Universities,+New+Administrative+Capital,+Egypt",https://res.cloudinary.com/yrqizhfy/image/upload/v1784916514/Menoufia_smnfnt.jpg,Faculty of Law,Law,
Menoufia University,"Menoufia University is a leading public university in Egypt, established in 1976 in Shebin El Kom, Menoufia Governorate. The university offers a wide range of undergraduate and postgraduate programs in medicine, engineering, agriculture, science, business, humanities, and technology. It is well known for its excellence in education, scientific research, healthcare services, and community development, serving thousands of students from Egypt and abroad.","https://maps.google.com/?q=The+British+University+in+Egypt,+Knowledge+Hub+Universities,+New+Administrative+Capital,+Egypt",https://res.cloudinary.com/yrqizhfy/image/upload/v1784916514/Menoufia_smnfnt.jpg,Faculty of Education,"Education
Curriculum and Instruction
Educational Psychology
Special Education",
Menoufia University,"Menoufia University is a leading public university in Egypt, established in 1976 in Shebin El Kom, Menoufia Governorate. The university offers a wide range of undergraduate and postgraduate programs in medicine, engineering, agriculture, science, business, humanities, and technology. It is well known for its excellence in education, scientific research, healthcare services, and community development, serving thousands of students from Egypt and abroad.","https://maps.google.com/?q=The+British+University+in+Egypt,+Knowledge+Hub+Universities,+New+Administrative+Capital,+Egypt",https://res.cloudinary.com/yrqizhfy/image/upload/v1784916514/Menoufia_smnfnt.jpg,Faculty of Physical Education,"Physical Education
Sports Training
Sports Management",
Menoufia University,"Menoufia University is a leading public university in Egypt, established in 1976 in Shebin El Kom, Menoufia Governorate. The university offers a wide range of undergraduate and postgraduate programs in medicine, engineering, agriculture, science, business, humanities, and technology. It is well known for its excellence in education, scientific research, healthcare services, and community development, serving thousands of students from Egypt and abroad.","https://maps.google.com/?q=The+British+University+in+Egypt,+Knowledge+Hub+Universities,+New+Administrative+Capital,+Egypt",https://res.cloudinary.com/yrqizhfy/image/upload/v1784916514/Menoufia_smnfnt.jpg,Faculty of Home Economics,"Nutrition and Food Science
Clothing and Textiles
Home Management",
Menoufia University,"Menoufia University is a leading public university in Egypt, established in 1976 in Shebin El Kom, Menoufia Governorate. The university offers a wide range of undergraduate and postgraduate programs in medicine, engineering, agriculture, science, business, humanities, and technology. It is well known for its excellence in education, scientific research, healthcare services, and community development, serving thousands of students from Egypt and abroad.","https://maps.google.com/?q=The+British+University+in+Egypt,+Knowledge+Hub+Universities,+New+Administrative+Capital,+Egypt",https://res.cloudinary.com/yrqizhfy/image/upload/v1784916514/Menoufia_smnfnt.jpg,Faculty of Specific Education,"Art Education
Music Education
Educational Media
Home Economics Education",
Menoufia University,"Menoufia University is a leading public university in Egypt, established in 1976 in Shebin El Kom, Menoufia Governorate. The university offers a wide range of undergraduate and postgraduate programs in medicine, engineering, agriculture, science, business, humanities, and technology. It is well known for its excellence in education, scientific research, healthcare services, and community development, serving thousands of students from Egypt and abroad.","https://maps.google.com/?q=The+British+University+in+Egypt,+Knowledge+Hub+Universities,+New+Administrative+Capital,+Egypt",https://res.cloudinary.com/yrqizhfy/image/upload/v1784916514/Menoufia_smnfnt.jpg,Faculty of Mass Communication,"Journalism
Radio and Television
Public Relations and Advertising",
Menoufia University,"Menoufia University is a leading public university in Egypt, established in 1976 in Shebin El Kom, Menoufia Governorate. The university offers a wide range of undergraduate and postgraduate programs in medicine, engineering, agriculture, science, business, humanities, and technology. It is well known for its excellence in education, scientific research, healthcare services, and community development, serving thousands of students from Egypt and abroad.","https://maps.google.com/?q=The+British+University+in+Egypt,+Knowledge+Hub+Universities,+New+Administrative+Capital,+Egypt",https://res.cloudinary.com/yrqizhfy/image/upload/v1784916514/Menoufia_smnfnt.jpg,Faculty of Education for Early Childhood,Early Childhood Education,
Menoufia University,"Menoufia University is a leading public university in Egypt, established in 1976 in Shebin El Kom, Menoufia Governorate. The university offers a wide range of undergraduate and postgraduate programs in medicine, engineering, agriculture, science, business, humanities, and technology. It is well known for its excellence in education, scientific research, healthcare services, and community development, serving thousands of students from Egypt and abroad.","https://maps.google.com/?q=The+British+University+in+Egypt,+Knowledge+Hub+Universities,+New+Administrative+Capital,+Egypt",https://res.cloudinary.com/yrqizhfy/image/upload/v1784916514/Menoufia_smnfnt.jpg,Faculty of Applied Medical Sciences,"Medical Laboratory Sciences
Radiological Sciences",
Menoufia University,"Menoufia University is a leading public university in Egypt, established in 1976 in Shebin El Kom, Menoufia Governorate. The university offers a wide range of undergraduate and postgraduate programs in medicine, engineering, agriculture, science, business, humanities, and technology. It is well known for its excellence in education, scientific research, healthcare services, and community development, serving thousands of students from Egypt and abroad.","https://maps.google.com/?q=The+British+University+in+Egypt,+Knowledge+Hub+Universities,+New+Administrative+Capital,+Egypt",https://res.cloudinary.com/yrqizhfy/image/upload/v1784916514/Menoufia_smnfnt.jpg,National Institute of Liver Diseases,"Hepatology
Gastroenterology
Liver Surgery",
Menoufia University,"Menoufia University is a leading public university in Egypt, established in 1976 in Shebin El Kom, Menoufia Governorate. The university offers a wide range of undergraduate and postgraduate programs in medicine, engineering, agriculture, science, business, humanities, and technology. It is well known for its excellence in education, scientific research, healthcare services, and community development, serving thousands of students from Egypt and abroad.","https://maps.google.com/?q=The+British+University+in+Egypt,+Knowledge+Hub+Universities,+New+Administrative+Capital,+Egypt",https://res.cloudinary.com/yrqizhfy/image/upload/v1784916514/Menoufia_smnfnt.jpg,Institute of Oncology,"Clinical Oncology
Medical Oncology
Radiation Oncology",
Delta Technological University,"Delta Technological University is a public technological university in Egypt, located in Quesna, Menoufia Governorate. It was established to provide high-quality applied technological education that meets the needs of industry and the labor market. The university emphasizes hands-on training, innovation, digital transformation, and partnerships with industrial sectors, enabling students to gain practical skills alongside academic knowledge.","https://maps.google.com/?q=The+British+University+in+Egypt,+Knowledge+Hub+Universities,+New+Administrative+Capital,+Egypt",https://res.cloudinary.com/yrqizhfy/image/upload/v1784916509/DeltaTechnological_myu34u.jpg,Technological College of Industry and Energy,"Information Technology
Mechatronics Technology
Autotronics Technology
New and Renewable Energy Technology
Refrigeration and Air Conditioning Technology
Prosthetics and Orthotics Technology",
Menoufia National University,"Menoufia National University is a public national university in Egypt that offers modern academic programs designed to meet national and international labor market needs. The university focuses on high-quality education, scientific research, innovation, and practical training through advanced educational facilities and partnerships with industry.","https://maps.google.com/?q=The+British+University+in+Egypt,+Knowledge+Hub+Universities,+New+Administrative+Capital,+Egypt",https://res.cloudinary.com/yrqizhfy/image/upload/v1784916514/MenoufiaNational_fvyt1j.jpg,Faculty of Medicine,Medicine and Surgery,
Menoufia National University,"Menoufia National University is a public national university in Egypt that offers modern academic programs designed to meet national and international labor market needs. The university focuses on high-quality education, scientific research, innovation, and practical training through advanced educational facilities and partnerships with industry.","https://maps.google.com/?q=The+British+University+in+Egypt,+Knowledge+Hub+Universities,+New+Administrative+Capital,+Egypt",https://res.cloudinary.com/yrqizhfy/image/upload/v1784916514/MenoufiaNational_fvyt1j.jpg,Faculty of Dentistry,Oral and Dental Medicine,
Menoufia National University,"Menoufia National University is a public national university in Egypt that offers modern academic programs designed to meet national and international labor market needs. The university focuses on high-quality education, scientific research, innovation, and practical training through advanced educational facilities and partnerships with industry.","https://maps.google.com/?q=The+British+University+in+Egypt,+Knowledge+Hub+Universities,+New+Administrative+Capital,+Egypt",https://res.cloudinary.com/yrqizhfy/image/upload/v1784916514/MenoufiaNational_fvyt1j.jpg,Faculty of Pharmacy,"Clinical Pharmacy
PharmD
Pharmaceutical Sciences",
Menoufia National University,"Menoufia National University is a public national university in Egypt that offers modern academic programs designed to meet national and international labor market needs. The university focuses on high-quality education, scientific research, innovation, and practical training through advanced educational facilities and partnerships with industry.","https://maps.google.com/?q=The+British+University+in+Egypt,+Knowledge+Hub+Universities,+New+Administrative+Capital,+Egypt",https://res.cloudinary.com/yrqizhfy/image/upload/v1784916514/MenoufiaNational_fvyt1j.jpg,Faculty of Nursing,Nursing,
Menoufia National University,"Menoufia National University is a public national university in Egypt that offers modern academic programs designed to meet national and international labor market needs. The university focuses on high-quality education, scientific research, innovation, and practical training through advanced educational facilities and partnerships with industry.","https://maps.google.com/?q=The+British+University+in+Egypt,+Knowledge+Hub+Universities,+New+Administrative+Capital,+Egypt",https://res.cloudinary.com/yrqizhfy/image/upload/v1784916514/MenoufiaNational_fvyt1j.jpg,Faculty of Engineering,"Civil Engineering
Architectural Engineering
Electrical Engineering
Mechanical Engineering
Mechatronics Engineering",
Menoufia National University,"Menoufia National University is a public national university in Egypt that offers modern academic programs designed to meet national and international labor market needs. The university focuses on high-quality education, scientific research, innovation, and practical training through advanced educational facilities and partnerships with industry.","https://maps.google.com/?q=The+British+University+in+Egypt,+Knowledge+Hub+Universities,+New+Administrative+Capital,+Egypt",https://res.cloudinary.com/yrqizhfy/image/upload/v1784916514/MenoufiaNational_fvyt1j.jpg,Faculty of Computer Science and Artificial Intelligence,"Computer Science
Artificial Intelligence
Information Systems
Data Science
Cybersecurity",
Menoufia National University,"Menoufia National University is a public national university in Egypt that offers modern academic programs designed to meet national and international labor market needs. The university focuses on high-quality education, scientific research, innovation, and practical training through advanced educational facilities and partnerships with industry.","https://maps.google.com/?q=The+British+University+in+Egypt,+Knowledge+Hub+Universities,+New+Administrative+Capital,+Egypt",https://res.cloudinary.com/yrqizhfy/image/upload/v1784916514/MenoufiaNational_fvyt1j.jpg,Faculty of Business,"Accounting
Business Administration
Marketing
Finance
Economics",
Menoufia National University,"Menoufia National University is a public national university in Egypt that offers modern academic programs designed to meet national and international labor market needs. The university focuses on high-quality education, scientific research, innovation, and practical training through advanced educational facilities and partnerships with industry.","https://maps.google.com/?q=The+British+University+in+Egypt,+Knowledge+Hub+Universities,+New+Administrative+Capital,+Egypt",https://res.cloudinary.com/yrqizhfy/image/upload/v1784916514/MenoufiaNational_fvyt1j.jpg,Faculty of Physical Therapy,Physical Therapy,
University of Sadat City,"University of Sadat City is a public Egyptian university established as an independent university in 2013 after originally operating as a branch of Menoufia University. Located in Sadat City, it offers undergraduate and postgraduate programs in healthcare, science, education, law, business, tourism, computing, and sports sciences. The university is recognized for its strong focus on scientific research, biotechnology, environmental studies, and practical education.","https://maps.google.com/?q=The+British+University+in+Egypt,+Knowledge+Hub+Universities,+New+Administrative+Capital,+Egypt",https://res.cloudinary.com/yrqizhfy/image/upload/v1784916517/Sadat_City_wxtyh6.jpg,Faculty of Veterinary Medicine,Veterinary Medicine,
University of Sadat City,"University of Sadat City is a public Egyptian university established as an independent university in 2013 after originally operating as a branch of Menoufia University. Located in Sadat City, it offers undergraduate and postgraduate programs in healthcare, science, education, law, business, tourism, computing, and sports sciences. The university is recognized for its strong focus on scientific research, biotechnology, environmental studies, and practical education.","https://maps.google.com/?q=The+British+University+in+Egypt,+Knowledge+Hub+Universities,+New+Administrative+Capital,+Egypt",https://res.cloudinary.com/yrqizhfy/image/upload/v1784916517/Sadat_City_wxtyh6.jpg,Faculty of Physical Education,"Physical Education
Sports Training
Sports Management",
University of Sadat City,"University of Sadat City is a public Egyptian university established as an independent university in 2013 after originally operating as a branch of Menoufia University. Located in Sadat City, it offers undergraduate and postgraduate programs in healthcare, science, education, law, business, tourism, computing, and sports sciences. The university is recognized for its strong focus on scientific research, biotechnology, environmental studies, and practical education.","https://maps.google.com/?q=The+British+University+in+Egypt,+Knowledge+Hub+Universities,+New+Administrative+Capital,+Egypt",https://res.cloudinary.com/yrqizhfy/image/upload/v1784916517/Sadat_City_wxtyh6.jpg,Faculty of Tourism and Hotels,"Tourism Studies
Hotel Management
Tourism Guidance",
University of Sadat City,"University of Sadat City is a public Egyptian university established as an independent university in 2013 after originally operating as a branch of Menoufia University. Located in Sadat City, it offers undergraduate and postgraduate programs in healthcare, science, education, law, business, tourism, computing, and sports sciences. The university is recognized for its strong focus on scientific research, biotechnology, environmental studies, and practical education.","https://maps.google.com/?q=The+British+University+in+Egypt,+Knowledge+Hub+Universities,+New+Administrative+Capital,+Egypt",https://res.cloudinary.com/yrqizhfy/image/upload/v1784916517/Sadat_City_wxtyh6.jpg,Faculty of Commerce,"Accounting
Business Administration
Economics",
University of Sadat City,"University of Sadat City is a public Egyptian university established as an independent university in 2013 after originally operating as a branch of Menoufia University. Located in Sadat City, it offers undergraduate and postgraduate programs in healthcare, science, education, law, business, tourism, computing, and sports sciences. The university is recognized for its strong focus on scientific research, biotechnology, environmental studies, and practical education.","https://maps.google.com/?q=The+British+University+in+Egypt,+Knowledge+Hub+Universities,+New+Administrative+Capital,+Egypt",https://res.cloudinary.com/yrqizhfy/image/upload/v1784916517/Sadat_City_wxtyh6.jpg,Faculty of Law,Law,
University of Sadat City,"University of Sadat City is a public Egyptian university established as an independent university in 2013 after originally operating as a branch of Menoufia University. Located in Sadat City, it offers undergraduate and postgraduate programs in healthcare, science, education, law, business, tourism, computing, and sports sciences. The university is recognized for its strong focus on scientific research, biotechnology, environmental studies, and practical education.","https://maps.google.com/?q=The+British+University+in+Egypt,+Knowledge+Hub+Universities,+New+Administrative+Capital,+Egypt",https://res.cloudinary.com/yrqizhfy/image/upload/v1784916517/Sadat_City_wxtyh6.jpg,Faculty of Education,"Arabic Language
English Language
French Language
Mathematics
Physics
Chemistry
Biology
Geology
History
Geography
Basic Education",
University of Sadat City,"University of Sadat City is a public Egyptian university established as an independent university in 2013 after originally operating as a branch of Menoufia University. Located in Sadat City, it offers undergraduate and postgraduate programs in healthcare, science, education, law, business, tourism, computing, and sports sciences. The university is recognized for its strong focus on scientific research, biotechnology, environmental studies, and practical education.","https://maps.google.com/?q=The+British+University+in+Egypt,+Knowledge+Hub+Universities,+New+Administrative+Capital,+Egypt",https://res.cloudinary.com/yrqizhfy/image/upload/v1784916517/Sadat_City_wxtyh6.jpg,Faculty of Pharmacy,"Clinical Pharmacy
PharmD
Pharmaceutical Sciences",
University of Sadat City,"University of Sadat City is a public Egyptian university established as an independent university in 2013 after originally operating as a branch of Menoufia University. Located in Sadat City, it offers undergraduate and postgraduate programs in healthcare, science, education, law, business, tourism, computing, and sports sciences. The university is recognized for its strong focus on scientific research, biotechnology, environmental studies, and practical education.","https://maps.google.com/?q=The+British+University+in+Egypt,+Knowledge+Hub+Universities,+New+Administrative+Capital,+Egypt",https://res.cloudinary.com/yrqizhfy/image/upload/v1784916517/Sadat_City_wxtyh6.jpg,Faculty of Education for Early Childhood,Early Childhood Education,
University of Sadat City,"University of Sadat City is a public Egyptian university established as an independent university in 2013 after originally operating as a branch of Menoufia University. Located in Sadat City, it offers undergraduate and postgraduate programs in healthcare, science, education, law, business, tourism, computing, and sports sciences. The university is recognized for its strong focus on scientific research, biotechnology, environmental studies, and practical education.","https://maps.google.com/?q=The+British+University+in+Egypt,+Knowledge+Hub+Universities,+New+Administrative+Capital,+Egypt",https://res.cloudinary.com/yrqizhfy/image/upload/v1784916517/Sadat_City_wxtyh6.jpg,Faculty of Computers and Artificial Intelligence,"Computer Science
Artificial Intelligence
Information Systems",
University of Sadat City,"University of Sadat City is a public Egyptian university established as an independent university in 2013 after originally operating as a branch of Menoufia University. Located in Sadat City, it offers undergraduate and postgraduate programs in healthcare, science, education, law, business, tourism, computing, and sports sciences. The university is recognized for its strong focus on scientific research, biotechnology, environmental studies, and practical education.","https://maps.google.com/?q=The+British+University+in+Egypt,+Knowledge+Hub+Universities,+New+Administrative+Capital,+Egypt",https://res.cloudinary.com/yrqizhfy/image/upload/v1784916517/Sadat_City_wxtyh6.jpg,Faculty of Science,"Mathematics
Physics
Chemistry
Botany
Zoology
Microbiology
Biochemistry",
University of Sadat City,"University of Sadat City is a public Egyptian university established as an independent university in 2013 after originally operating as a branch of Menoufia University. Located in Sadat City, it offers undergraduate and postgraduate programs in healthcare, science, education, law, business, tourism, computing, and sports sciences. The university is recognized for its strong focus on scientific research, biotechnology, environmental studies, and practical education.","https://maps.google.com/?q=The+British+University+in+Egypt,+Knowledge+Hub+Universities,+New+Administrative+Capital,+Egypt",https://res.cloudinary.com/yrqizhfy/image/upload/v1784916517/Sadat_City_wxtyh6.jpg,Faculty of Nursing,Nursing,
Damietta National University,"Damietta National University is a public national university in New Damietta, Egypt. Established in 2025, it offers modern interdisciplinary academic programs designed to meet the needs of the local and international labor market. The university emphasizes innovation, digital transformation, practical training, and scientific research through a modern educational environment.","https://maps.google.com/?q=The+British+University+in+Egypt,+Knowledge+Hub+Universities,+New+Administrative+Capital,+Egypt",https://res.cloudinary.com/yrqizhfy/image/upload/v1784916509/Damiettanational_ufpuf0.jpg,"Faculty of Computer Science, Information and Artificial Intelligence","Computer Science
Information Systems
Artificial Intelligence
Medical Informatics",
Damietta National University,"Damietta National University is a public national university in New Damietta, Egypt. Established in 2025, it offers modern interdisciplinary academic programs designed to meet the needs of the local and international labor market. The university emphasizes innovation, digital transformation, practical training, and scientific research through a modern educational environment.","https://maps.google.com/?q=The+British+University+in+Egypt,+Knowledge+Hub+Universities,+New+Administrative+Capital,+Egypt",https://res.cloudinary.com/yrqizhfy/image/upload/v1784916509/Damiettanational_ufpuf0.jpg,Faculty of Business,"Accounting
Business Administration
Marketing
Finance
",
Damietta National University,"Damietta National University is a public national university in New Damietta, Egypt. Established in 2025, it offers modern interdisciplinary academic programs designed to meet the needs of the local and international labor market. The university emphasizes innovation, digital transformation, practical training, and scientific research through a modern educational environment.","https://maps.google.com/?q=The+British+University+in+Egypt,+Knowledge+Hub+Universities,+New+Administrative+Capital,+Egypt",https://res.cloudinary.com/yrqizhfy/image/upload/v1784916509/Damiettanational_ufpuf0.jpg,Faculty of Nursing,Nursing,
Damietta National University,"Damietta National University is a public national university in New Damietta, Egypt. Established in 2025, it offers modern interdisciplinary academic programs designed to meet the needs of the local and international labor market. The university emphasizes innovation, digital transformation, practical training, and scientific research through a modern educational environment.","https://maps.google.com/?q=The+British+University+in+Egypt,+Knowledge+Hub+Universities,+New+Administrative+Capital,+Egypt",https://res.cloudinary.com/yrqizhfy/image/upload/v1784916509/Damiettanational_ufpuf0.jpg,Faculty of Tourism and Archaeology,"Tourism Studies
Archaeology
Museum Studies",
Damietta National University,"Damietta National University is a public national university in New Damietta, Egypt. Established in 2025, it offers modern interdisciplinary academic programs designed to meet the needs of the local and international labor market. The university emphasizes innovation, digital transformation, practical training, and scientific research through a modern educational environment.","https://maps.google.com/?q=The+British+University+in+Egypt,+Knowledge+Hub+Universities,+New+Administrative+Capital,+Egypt",https://res.cloudinary.com/yrqizhfy/image/upload/v1784916509/Damiettanational_ufpuf0.jpg,Faculty of Arts and Design,"Graphic Design
Interior Design
Furniture Design and Technology
Media Arts",
Damietta National University,"Damietta National University is a public national university in New Damietta, Egypt. Established in 2025, it offers modern interdisciplinary academic programs designed to meet the needs of the local and international labor market. The university emphasizes innovation, digital transformation, practical training, and scientific research through a modern educational environment.","https://maps.google.com/?q=The+British+University+in+Egypt,+Knowledge+Hub+Universities,+New+Administrative+Capital,+Egypt",https://res.cloudinary.com/yrqizhfy/image/upload/v1784916509/Damiettanational_ufpuf0.jpg,Faculty of Al-Alsun (Languages),"English Language
French Language
German Language
Translation",
Damietta University,"Damietta University is a leading public university in Egypt, established as an independent university in 2012 in New Damietta City. It offers a wide range of undergraduate and postgraduate programs in medicine, engineering, computing, applied arts, science, business, humanities, and education. The university is recognized for its commitment to academic excellence, scientific research, innovation, and community service, providing students with a modern learning environment and strong practical training opportunities.","https://maps.google.com/?q=The+British+University+in+Egypt,+Knowledge+Hub+Universities,+New+Administrative+Capital,+Egypt",https://res.cloudinary.com/yrqizhfy/image/upload/v1784921956/FkkdJrydJ9bx1q3jseXDRdYDKqyy4KjnJwjVA48h_msug9a.webp,Faculty of Medicine,Medicine and Surgery,
Damietta University,"Damietta University is a leading public university in Egypt, established as an independent university in 2012 in New Damietta City. It offers a wide range of undergraduate and postgraduate programs in medicine, engineering, computing, applied arts, science, business, humanities, and education. The university is recognized for its commitment to academic excellence, scientific research, innovation, and community service, providing students with a modern learning environment and strong practical training opportunities.","https://maps.google.com/?q=The+British+University+in+Egypt,+Knowledge+Hub+Universities,+New+Administrative+Capital,+Egypt",https://res.cloudinary.com/yrqizhfy/image/upload/v1784921956/FkkdJrydJ9bx1q3jseXDRdYDKqyy4KjnJwjVA48h_msug9a.webp,Faculty of Computing and Artificial Intelligence,"Computer Science
Artificial Intelligence
Information Systems",
Damietta University,"Damietta University is a leading public university in Egypt, established as an independent university in 2012 in New Damietta City. It offers a wide range of undergraduate and postgraduate programs in medicine, engineering, computing, applied arts, science, business, humanities, and education. The university is recognized for its commitment to academic excellence, scientific research, innovation, and community service, providing students with a modern learning environment and strong practical training opportunities.","https://maps.google.com/?q=The+British+University+in+Egypt,+Knowledge+Hub+Universities,+New+Administrative+Capital,+Egypt",https://res.cloudinary.com/yrqizhfy/image/upload/v1784921956/FkkdJrydJ9bx1q3jseXDRdYDKqyy4KjnJwjVA48h_msug9a.webp,Faculty of Engineering,"Civil Engineering
Architectural Engineering
Electrical Engineering
Mechanical Engineering",
Damietta University,"Damietta University is a leading public university in Egypt, established as an independent university in 2012 in New Damietta City. It offers a wide range of undergraduate and postgraduate programs in medicine, engineering, computing, applied arts, science, business, humanities, and education. The university is recognized for its commitment to academic excellence, scientific research, innovation, and community service, providing students with a modern learning environment and strong practical training opportunities.","https://maps.google.com/?q=The+British+University+in+Egypt,+Knowledge+Hub+Universities,+New+Administrative+Capital,+Egypt",https://res.cloudinary.com/yrqizhfy/image/upload/v1784921956/FkkdJrydJ9bx1q3jseXDRdYDKqyy4KjnJwjVA48h_msug9a.webp,Faculty of Law,Law,
Damietta University,"Damietta University is a leading public university in Egypt, established as an independent university in 2012 in New Damietta City. It offers a wide range of undergraduate and postgraduate programs in medicine, engineering, computing, applied arts, science, business, humanities, and education. The university is recognized for its commitment to academic excellence, scientific research, innovation, and community service, providing students with a modern learning environment and strong practical training opportunities.","https://maps.google.com/?q=The+British+University+in+Egypt,+Knowledge+Hub+Universities,+New+Administrative+Capital,+Egypt",https://res.cloudinary.com/yrqizhfy/image/upload/v1784921956/FkkdJrydJ9bx1q3jseXDRdYDKqyy4KjnJwjVA48h_msug9a.webp,Faculty of Archaeology,"Archaeology
Islamic Archaeology
Egyptian Archaeology
Restoration and Conservation of Antiquities",
Damietta University,"Damietta University is a leading public university in Egypt, established as an independent university in 2012 in New Damietta City. It offers a wide range of undergraduate and postgraduate programs in medicine, engineering, computing, applied arts, science, business, humanities, and education. The university is recognized for its commitment to academic excellence, scientific research, innovation, and community service, providing students with a modern learning environment and strong practical training opportunities.","https://maps.google.com/?q=The+British+University+in+Egypt,+Knowledge+Hub+Universities,+New+Administrative+Capital,+Egypt",https://res.cloudinary.com/yrqizhfy/image/upload/v1784921956/FkkdJrydJ9bx1q3jseXDRdYDKqyy4KjnJwjVA48h_msug9a.webp,Faculty of Nursing,Nursing,
Damietta University,"Damietta University is a leading public university in Egypt, established as an independent university in 2012 in New Damietta City. It offers a wide range of undergraduate and postgraduate programs in medicine, engineering, computing, applied arts, science, business, humanities, and education. The university is recognized for its commitment to academic excellence, scientific research, innovation, and community service, providing students with a modern learning environment and strong practical training opportunities.","https://maps.google.com/?q=The+British+University+in+Egypt,+Knowledge+Hub+Universities,+New+Administrative+Capital,+Egypt",https://res.cloudinary.com/yrqizhfy/image/upload/v1784921956/FkkdJrydJ9bx1q3jseXDRdYDKqyy4KjnJwjVA48h_msug9a.webp,Faculty of Applied Arts,"Graphic Design
Interior Design and Furniture
Industrial Design
Textile Printing, Dyeing and Finishing
Textile Spinning, Weaving and Knitting
Ready-Made Garments
Ceramics
Glass
Metal Products and Jewelry
Photography, Cinema and Television
Advertising
Publishing, Printing and Packaging
Sculpture, Architectural Formation and Restoration",
Damietta University,"Damietta University is a leading public university in Egypt, established as an independent university in 2012 in New Damietta City. It offers a wide range of undergraduate and postgraduate programs in medicine, engineering, computing, applied arts, science, business, humanities, and education. The university is recognized for its commitment to academic excellence, scientific research, innovation, and community service, providing students with a modern learning environment and strong practical training opportunities.","https://maps.google.com/?q=The+British+University+in+Egypt,+Knowledge+Hub+Universities,+New+Administrative+Capital,+Egypt",https://res.cloudinary.com/yrqizhfy/image/upload/v1784921956/FkkdJrydJ9bx1q3jseXDRdYDKqyy4KjnJwjVA48h_msug9a.webp,Faculty of Education,"Arabic Language
English Language
French Language
Mathematics
Physics
Chemistry
Biology
History
Geography",
Damietta University,"Damietta University is a leading public university in Egypt, established as an independent university in 2012 in New Damietta City. It offers a wide range of undergraduate and postgraduate programs in medicine, engineering, computing, applied arts, science, business, humanities, and education. The university is recognized for its commitment to academic excellence, scientific research, innovation, and community service, providing students with a modern learning environment and strong practical training opportunities.","https://maps.google.com/?q=The+British+University+in+Egypt,+Knowledge+Hub+Universities,+New+Administrative+Capital,+Egypt",https://res.cloudinary.com/yrqizhfy/image/upload/v1784921956/FkkdJrydJ9bx1q3jseXDRdYDKqyy4KjnJwjVA48h_msug9a.webp,Faculty of Science,"Mathematics
Physics
Chemistry
Botany
Zoology
Microbiology
Geology
Biochemistry",
Damietta University,"Damietta University is a leading public university in Egypt, established as an independent university in 2012 in New Damietta City. It offers a wide range of undergraduate and postgraduate programs in medicine, engineering, computing, applied arts, science, business, humanities, and education. The university is recognized for its commitment to academic excellence, scientific research, innovation, and community service, providing students with a modern learning environment and strong practical training opportunities.","https://maps.google.com/?q=The+British+University+in+Egypt,+Knowledge+Hub+Universities,+New+Administrative+Capital,+Egypt",https://res.cloudinary.com/yrqizhfy/image/upload/v1784921956/FkkdJrydJ9bx1q3jseXDRdYDKqyy4KjnJwjVA48h_msug9a.webp,Faculty of Commerce,"Accounting
Business Administration
Economics
Statistics",
Damietta University,"Damietta University is a leading public university in Egypt, established as an independent university in 2012 in New Damietta City. It offers a wide range of undergraduate and postgraduate programs in medicine, engineering, computing, applied arts, science, business, humanities, and education. The university is recognized for its commitment to academic excellence, scientific research, innovation, and community service, providing students with a modern learning environment and strong practical training opportunities.","https://maps.google.com/?q=The+British+University+in+Egypt,+Knowledge+Hub+Universities,+New+Administrative+Capital,+Egypt",https://res.cloudinary.com/yrqizhfy/image/upload/v1784921956/FkkdJrydJ9bx1q3jseXDRdYDKqyy4KjnJwjVA48h_msug9a.webp,Faculty of Arts,"Arabic Language and Literature
English Language and Literature
French Language and Literature
History
Geography
Sociology
Psychology",
Damietta University,"Damietta University is a leading public university in Egypt, established as an independent university in 2012 in New Damietta City. It offers a wide range of undergraduate and postgraduate programs in medicine, engineering, computing, applied arts, science, business, humanities, and education. The university is recognized for its commitment to academic excellence, scientific research, innovation, and community service, providing students with a modern learning environment and strong practical training opportunities.","https://maps.google.com/?q=The+British+University+in+Egypt,+Knowledge+Hub+Universities,+New+Administrative+Capital,+Egypt",https://res.cloudinary.com/yrqizhfy/image/upload/v1784921956/FkkdJrydJ9bx1q3jseXDRdYDKqyy4KjnJwjVA48h_msug9a.webp,Faculty of Agriculture,"Agronomy
Horticulture
Plant Protection
Agricultural Engineering
Animal Production
Food Industries
Agricultural Economics
Genetics
Soil Sciences",
Damietta University,"Damietta University is a leading public university in Egypt, established as an independent university in 2012 in New Damietta City. It offers a wide range of undergraduate and postgraduate programs in medicine, engineering, computing, applied arts, science, business, humanities, and education. The university is recognized for its commitment to academic excellence, scientific research, innovation, and community service, providing students with a modern learning environment and strong practical training opportunities.","https://maps.google.com/?q=The+British+University+in+Egypt,+Knowledge+Hub+Universities,+New+Administrative+Capital,+Egypt",https://res.cloudinary.com/yrqizhfy/image/upload/v1784921956/FkkdJrydJ9bx1q3jseXDRdYDKqyy4KjnJwjVA48h_msug9a.webp,Faculty of Specific Education,"Art Education
Music Education
Home Economics
Educational Media",
Damietta University,"Damietta University is a leading public university in Egypt, established as an independent university in 2012 in New Damietta City. It offers a wide range of undergraduate and postgraduate programs in medicine, engineering, computing, applied arts, science, business, humanities, and education. The university is recognized for its commitment to academic excellence, scientific research, innovation, and community service, providing students with a modern learning environment and strong practical training opportunities.","https://maps.google.com/?q=The+British+University+in+Egypt,+Knowledge+Hub+Universities,+New+Administrative+Capital,+Egypt",https://res.cloudinary.com/yrqizhfy/image/upload/v1784921956/FkkdJrydJ9bx1q3jseXDRdYDKqyy4KjnJwjVA48h_msug9a.webp,Faculty of Physical Education,"Physical Education
Sports Training
Sports Management",
Kafrelsheikh University,"Kafrelsheikh University is one of Egypt's leading public universities, established as an independent university in 2006. Located in Kafr El Sheikh Governorate, it offers a wide range of undergraduate and postgraduate programs in medicine, engineering, artificial intelligence, agriculture, fisheries, science, business, humanities, and languages. The university is recognized for its excellence in scientific research, innovation, sustainability, and advanced research institutes, making it one of the country's rapidly developing universities.","https://maps.google.com/?q=The+British+University+in+Egypt,+Knowledge+Hub+Universities,+New+Administrative+Capital,+Egypt",https://res.cloudinary.com/yrqizhfy/image/upload/v1784916512/Kafrelsheikh_r73mh7.jpg,Faculty of Medicine,Medicine and Surgery,
Kafrelsheikh University,"Kafrelsheikh University is one of Egypt's leading public universities, established as an independent university in 2006. Located in Kafr El Sheikh Governorate, it offers a wide range of undergraduate and postgraduate programs in medicine, engineering, artificial intelligence, agriculture, fisheries, science, business, humanities, and languages. The university is recognized for its excellence in scientific research, innovation, sustainability, and advanced research institutes, making it one of the country's rapidly developing universities.","https://maps.google.com/?q=The+British+University+in+Egypt,+Knowledge+Hub+Universities,+New+Administrative+Capital,+Egypt",https://res.cloudinary.com/yrqizhfy/image/upload/v1784916512/Kafrelsheikh_r73mh7.jpg,Faculty of Dentistry,Medicine and Surgery,
Kafrelsheikh University,"Kafrelsheikh University is one of Egypt's leading public universities, established as an independent university in 2006. Located in Kafr El Sheikh Governorate, it offers a wide range of undergraduate and postgraduate programs in medicine, engineering, artificial intelligence, agriculture, fisheries, science, business, humanities, and languages. The university is recognized for its excellence in scientific research, innovation, sustainability, and advanced research institutes, making it one of the country's rapidly developing universities.","https://maps.google.com/?q=The+British+University+in+Egypt,+Knowledge+Hub+Universities,+New+Administrative+Capital,+Egypt",https://res.cloudinary.com/yrqizhfy/image/upload/v1784916512/Kafrelsheikh_r73mh7.jpg,Faculty of Pharmacy,"Clinical Pharmacy
PharmD
Pharmaceutical Sciences",
Kafrelsheikh University,"Kafrelsheikh University is one of Egypt's leading public universities, established as an independent university in 2006. Located in Kafr El Sheikh Governorate, it offers a wide range of undergraduate and postgraduate programs in medicine, engineering, artificial intelligence, agriculture, fisheries, science, business, humanities, and languages. The university is recognized for its excellence in scientific research, innovation, sustainability, and advanced research institutes, making it one of the country's rapidly developing universities.","https://maps.google.com/?q=The+British+University+in+Egypt,+Knowledge+Hub+Universities,+New+Administrative+Capital,+Egypt",https://res.cloudinary.com/yrqizhfy/image/upload/v1784916512/Kafrelsheikh_r73mh7.jpg,Faculty of Nursing,Nursing,
Kafrelsheikh University,"Kafrelsheikh University is one of Egypt's leading public universities, established as an independent university in 2006. Located in Kafr El Sheikh Governorate, it offers a wide range of undergraduate and postgraduate programs in medicine, engineering, artificial intelligence, agriculture, fisheries, science, business, humanities, and languages. The university is recognized for its excellence in scientific research, innovation, sustainability, and advanced research institutes, making it one of the country's rapidly developing universities.","https://maps.google.com/?q=The+British+University+in+Egypt,+Knowledge+Hub+Universities,+New+Administrative+Capital,+Egypt",https://res.cloudinary.com/yrqizhfy/image/upload/v1784916512/Kafrelsheikh_r73mh7.jpg,Faculty of Physical Therapy,Nursing,
Kafrelsheikh University,"Kafrelsheikh University is one of Egypt's leading public universities, established as an independent university in 2006. Located in Kafr El Sheikh Governorate, it offers a wide range of undergraduate and postgraduate programs in medicine, engineering, artificial intelligence, agriculture, fisheries, science, business, humanities, and languages. The university is recognized for its excellence in scientific research, innovation, sustainability, and advanced research institutes, making it one of the country's rapidly developing universities.","https://maps.google.com/?q=The+British+University+in+Egypt,+Knowledge+Hub+Universities,+New+Administrative+Capital,+Egypt",https://res.cloudinary.com/yrqizhfy/image/upload/v1784916512/Kafrelsheikh_r73mh7.jpg,Faculty of Veterinary Medicine,Veterinary Medicine,
Kafrelsheikh University,"Kafrelsheikh University is one of Egypt's leading public universities, established as an independent university in 2006. Located in Kafr El Sheikh Governorate, it offers a wide range of undergraduate and postgraduate programs in medicine, engineering, artificial intelligence, agriculture, fisheries, science, business, humanities, and languages. The university is recognized for its excellence in scientific research, innovation, sustainability, and advanced research institutes, making it one of the country's rapidly developing universities.","https://maps.google.com/?q=The+British+University+in+Egypt,+Knowledge+Hub+Universities,+New+Administrative+Capital,+Egypt",https://res.cloudinary.com/yrqizhfy/image/upload/v1784916512/Kafrelsheikh_r73mh7.jpg,Faculty of Engineering,"Civil Engineering
Architectural Engineering
Mechanical Engineering
Electrical Engineering
Industrial Engineering",
Kafrelsheikh University,"Kafrelsheikh University is one of Egypt's leading public universities, established as an independent university in 2006. Located in Kafr El Sheikh Governorate, it offers a wide range of undergraduate and postgraduate programs in medicine, engineering, artificial intelligence, agriculture, fisheries, science, business, humanities, and languages. The university is recognized for its excellence in scientific research, innovation, sustainability, and advanced research institutes, making it one of the country's rapidly developing universities.","https://maps.google.com/?q=The+British+University+in+Egypt,+Knowledge+Hub+Universities,+New+Administrative+Capital,+Egypt",https://res.cloudinary.com/yrqizhfy/image/upload/v1784916512/Kafrelsheikh_r73mh7.jpg,Faculty of Artificial Intelligence,"Artificial Intelligence
Machine Learning
Data Science
Intelligent Systems",
Kafrelsheikh University,"Kafrelsheikh University is one of Egypt's leading public universities, established as an independent university in 2006. Located in Kafr El Sheikh Governorate, it offers a wide range of undergraduate and postgraduate programs in medicine, engineering, artificial intelligence, agriculture, fisheries, science, business, humanities, and languages. The university is recognized for its excellence in scientific research, innovation, sustainability, and advanced research institutes, making it one of the country's rapidly developing universities.","https://maps.google.com/?q=The+British+University+in+Egypt,+Knowledge+Hub+Universities,+New+Administrative+Capital,+Egypt",https://res.cloudinary.com/yrqizhfy/image/upload/v1784916512/Kafrelsheikh_r73mh7.jpg,Faculty of Computers and Information,"Artificial Intelligence
Machine Learning
Data Science
Intelligent Systems",
Kafrelsheikh University,"Kafrelsheikh University is one of Egypt's leading public universities, established as an independent university in 2006. Located in Kafr El Sheikh Governorate, it offers a wide range of undergraduate and postgraduate programs in medicine, engineering, artificial intelligence, agriculture, fisheries, science, business, humanities, and languages. The university is recognized for its excellence in scientific research, innovation, sustainability, and advanced research institutes, making it one of the country's rapidly developing universities.","https://maps.google.com/?q=The+British+University+in+Egypt,+Knowledge+Hub+Universities,+New+Administrative+Capital,+Egypt",https://res.cloudinary.com/yrqizhfy/image/upload/v1784916512/Kafrelsheikh_r73mh7.jpg,Faculty of Science,"Mathematics
Physics
Chemistry
Geology
Botany
Zoology
Biochemistry
Biotechnology",
Kafrelsheikh University,"Kafrelsheikh University is one of Egypt's leading public universities, established as an independent university in 2006. Located in Kafr El Sheikh Governorate, it offers a wide range of undergraduate and postgraduate programs in medicine, engineering, artificial intelligence, agriculture, fisheries, science, business, humanities, and languages. The university is recognized for its excellence in scientific research, innovation, sustainability, and advanced research institutes, making it one of the country's rapidly developing universities.","https://maps.google.com/?q=The+British+University+in+Egypt,+Knowledge+Hub+Universities,+New+Administrative+Capital,+Egypt",https://res.cloudinary.com/yrqizhfy/image/upload/v1784916512/Kafrelsheikh_r73mh7.jpg,Faculty of Agriculture,"Agronomy
Horticulture
Plant Protection
Soil Science
Agricultural Engineering
Food Science
Animal Production
Agricultural Economics",
Kafrelsheikh University,"Kafrelsheikh University is one of Egypt's leading public universities, established as an independent university in 2006. Located in Kafr El Sheikh Governorate, it offers a wide range of undergraduate and postgraduate programs in medicine, engineering, artificial intelligence, agriculture, fisheries, science, business, humanities, and languages. The university is recognized for its excellence in scientific research, innovation, sustainability, and advanced research institutes, making it one of the country's rapidly developing universities.","https://maps.google.com/?q=The+British+University+in+Egypt,+Knowledge+Hub+Universities,+New+Administrative+Capital,+Egypt",https://res.cloudinary.com/yrqizhfy/image/upload/v1784916512/Kafrelsheikh_r73mh7.jpg,Faculty of Fisheries and Aquaculture Sciences,"Aquaculture
Fish Processing Technology
Fisheries
Marine Biotechnology",
Kafrelsheikh University,"Kafrelsheikh University is one of Egypt's leading public universities, established as an independent university in 2006. Located in Kafr El Sheikh Governorate, it offers a wide range of undergraduate and postgraduate programs in medicine, engineering, artificial intelligence, agriculture, fisheries, science, business, humanities, and languages. The university is recognized for its excellence in scientific research, innovation, sustainability, and advanced research institutes, making it one of the country's rapidly developing universities.","https://maps.google.com/?q=The+British+University+in+Egypt,+Knowledge+Hub+Universities,+New+Administrative+Capital,+Egypt",https://res.cloudinary.com/yrqizhfy/image/upload/v1784916512/Kafrelsheikh_r73mh7.jpg,Faculty of Commerce,"Accounting
Business Administration
Economics
Statistics",
Kafrelsheikh University,"Kafrelsheikh University is one of Egypt's leading public universities, established as an independent university in 2006. Located in Kafr El Sheikh Governorate, it offers a wide range of undergraduate and postgraduate programs in medicine, engineering, artificial intelligence, agriculture, fisheries, science, business, humanities, and languages. The university is recognized for its excellence in scientific research, innovation, sustainability, and advanced research institutes, making it one of the country's rapidly developing universities.","https://maps.google.com/?q=The+British+University+in+Egypt,+Knowledge+Hub+Universities,+New+Administrative+Capital,+Egypt",https://res.cloudinary.com/yrqizhfy/image/upload/v1784916512/Kafrelsheikh_r73mh7.jpg,Faculty of Arts,"Arabic Language and Literature
English Language and Literature
French Language and Literature
History
Geography and GIS
Psychology
Sociology
Philosophy
Media
Libraries and Information
Archaeology",
Kafrelsheikh University,"Kafrelsheikh University is one of Egypt's leading public universities, established as an independent university in 2006. Located in Kafr El Sheikh Governorate, it offers a wide range of undergraduate and postgraduate programs in medicine, engineering, artificial intelligence, agriculture, fisheries, science, business, humanities, and languages. The university is recognized for its excellence in scientific research, innovation, sustainability, and advanced research institutes, making it one of the country's rapidly developing universities.","https://maps.google.com/?q=The+British+University+in+Egypt,+Knowledge+Hub+Universities,+New+Administrative+Capital,+Egypt",https://res.cloudinary.com/yrqizhfy/image/upload/v1784916512/Kafrelsheikh_r73mh7.jpg,Faculty of Law,Law,
Kafrelsheikh University,"Kafrelsheikh University is one of Egypt's leading public universities, established as an independent university in 2006. Located in Kafr El Sheikh Governorate, it offers a wide range of undergraduate and postgraduate programs in medicine, engineering, artificial intelligence, agriculture, fisheries, science, business, humanities, and languages. The university is recognized for its excellence in scientific research, innovation, sustainability, and advanced research institutes, making it one of the country's rapidly developing universities.","https://maps.google.com/?q=The+British+University+in+Egypt,+Knowledge+Hub+Universities,+New+Administrative+Capital,+Egypt",https://res.cloudinary.com/yrqizhfy/image/upload/v1784916512/Kafrelsheikh_r73mh7.jpg,Faculty of Education,"Education
Curriculum and Instruction
Educational Psychology
Special Education",
Kafrelsheikh University,"Kafrelsheikh University is one of Egypt's leading public universities, established as an independent university in 2006. Located in Kafr El Sheikh Governorate, it offers a wide range of undergraduate and postgraduate programs in medicine, engineering, artificial intelligence, agriculture, fisheries, science, business, humanities, and languages. The university is recognized for its excellence in scientific research, innovation, sustainability, and advanced research institutes, making it one of the country's rapidly developing universities.","https://maps.google.com/?q=The+British+University+in+Egypt,+Knowledge+Hub+Universities,+New+Administrative+Capital,+Egypt",https://res.cloudinary.com/yrqizhfy/image/upload/v1784916512/Kafrelsheikh_r73mh7.jpg,Faculty of Physical Education,"Physical Education
Sports Training
Sports Management",
Kafrelsheikh University,"Kafrelsheikh University is one of Egypt's leading public universities, established as an independent university in 2006. Located in Kafr El Sheikh Governorate, it offers a wide range of undergraduate and postgraduate programs in medicine, engineering, artificial intelligence, agriculture, fisheries, science, business, humanities, and languages. The university is recognized for its excellence in scientific research, innovation, sustainability, and advanced research institutes, making it one of the country's rapidly developing universities.","https://maps.google.com/?q=The+British+University+in+Egypt,+Knowledge+Hub+Universities,+New+Administrative+Capital,+Egypt",https://res.cloudinary.com/yrqizhfy/image/upload/v1784916512/Kafrelsheikh_r73mh7.jpg,Faculty of Specific Education,"Art Education
Music Education
Home Economics
Educational Media",
Kafrelsheikh University,"Kafrelsheikh University is one of Egypt's leading public universities, established as an independent university in 2006. Located in Kafr El Sheikh Governorate, it offers a wide range of undergraduate and postgraduate programs in medicine, engineering, artificial intelligence, agriculture, fisheries, science, business, humanities, and languages. The university is recognized for its excellence in scientific research, innovation, sustainability, and advanced research institutes, making it one of the country's rapidly developing universities.","https://maps.google.com/?q=The+British+University+in+Egypt,+Knowledge+Hub+Universities,+New+Administrative+Capital,+Egypt",https://res.cloudinary.com/yrqizhfy/image/upload/v1784916512/Kafrelsheikh_r73mh7.jpg,Faculty of Al-Alsun (Languages),"English Language
French Language
German Language
Chinese Language
Spanish Language
Translation",
Kafrelsheikh National University,"Kafrelsheikh National University is a public national university established in 2025 to provide high-quality education based on international academic standards. The university offers modern interdisciplinary programs that emphasize innovation, digital transformation, scientific research, and practical training, preparing graduates to meet the needs of local, regional, and global labor markets.","https://maps.google.com/?q=The+British+University+in+Egypt,+Knowledge+Hub+Universities,+New+Administrative+Capital,+Egypt",https://res.cloudinary.com/yrqizhfy/image/upload/v1784916512/KafrelsheikhNationa_gskk5r.jpg,Faculty of Medicine,Medicine and Surgery,
Kafrelsheikh National University,"Kafrelsheikh National University is a public national university established in 2025 to provide high-quality education based on international academic standards. The university offers modern interdisciplinary programs that emphasize innovation, digital transformation, scientific research, and practical training, preparing graduates to meet the needs of local, regional, and global labor markets.","https://maps.google.com/?q=The+British+University+in+Egypt,+Knowledge+Hub+Universities,+New+Administrative+Capital,+Egypt",https://res.cloudinary.com/yrqizhfy/image/upload/v1784916512/KafrelsheikhNationa_gskk5r.jpg,Faculty of Oral and Dental Medicine,Oral and Dental Medicine,
Kafrelsheikh National University,"Kafrelsheikh National University is a public national university established in 2025 to provide high-quality education based on international academic standards. The university offers modern interdisciplinary programs that emphasize innovation, digital transformation, scientific research, and practical training, preparing graduates to meet the needs of local, regional, and global labor markets.","https://maps.google.com/?q=The+British+University+in+Egypt,+Knowledge+Hub+Universities,+New+Administrative+Capital,+Egypt",https://res.cloudinary.com/yrqizhfy/image/upload/v1784916512/KafrelsheikhNationa_gskk5r.jpg,Faculty of Pharmacy,"PharmD
Clinical Pharmacy",
Kafrelsheikh National University,"Kafrelsheikh National University is a public national university established in 2025 to provide high-quality education based on international academic standards. The university offers modern interdisciplinary programs that emphasize innovation, digital transformation, scientific research, and practical training, preparing graduates to meet the needs of local, regional, and global labor markets.","https://maps.google.com/?q=The+British+University+in+Egypt,+Knowledge+Hub+Universities,+New+Administrative+Capital,+Egypt",https://res.cloudinary.com/yrqizhfy/image/upload/v1784916512/KafrelsheikhNationa_gskk5r.jpg,Faculty of Physical Therapy,Physical Therapy,
Kafrelsheikh National University,"Kafrelsheikh National University is a public national university established in 2025 to provide high-quality education based on international academic standards. The university offers modern interdisciplinary programs that emphasize innovation, digital transformation, scientific research, and practical training, preparing graduates to meet the needs of local, regional, and global labor markets.","https://maps.google.com/?q=The+British+University+in+Egypt,+Knowledge+Hub+Universities,+New+Administrative+Capital,+Egypt",https://res.cloudinary.com/yrqizhfy/image/upload/v1784916512/KafrelsheikhNationa_gskk5r.jpg,Faculty of Nursing,Nursing,
Kafrelsheikh National University,"Kafrelsheikh National University is a public national university established in 2025 to provide high-quality education based on international academic standards. The university offers modern interdisciplinary programs that emphasize innovation, digital transformation, scientific research, and practical training, preparing graduates to meet the needs of local, regional, and global labor markets.","https://maps.google.com/?q=The+British+University+in+Egypt,+Knowledge+Hub+Universities,+New+Administrative+Capital,+Egypt",https://res.cloudinary.com/yrqizhfy/image/upload/v1784916512/KafrelsheikhNationa_gskk5r.jpg,Faculty of Veterinary Medicine,"Food Safety
Pet Medicine and Surgery
Veterinary Drugs and Biological Preparations",
Kafrelsheikh National University,"Kafrelsheikh National University is a public national university established in 2025 to provide high-quality education based on international academic standards. The university offers modern interdisciplinary programs that emphasize innovation, digital transformation, scientific research, and practical training, preparing graduates to meet the needs of local, regional, and global labor markets.","https://maps.google.com/?q=The+British+University+in+Egypt,+Knowledge+Hub+Universities,+New+Administrative+Capital,+Egypt",https://res.cloudinary.com/yrqizhfy/image/upload/v1784916512/KafrelsheikhNationa_gskk5r.jpg,Faculty of Engineering,"Mechatronics Engineering
Renewable and Sustainable Energy Engineering
Digital Architecture
Artificial Intelligence Engineering
Structural Engineering",
Kafrelsheikh National University,"Kafrelsheikh National University is a public national university established in 2025 to provide high-quality education based on international academic standards. The university offers modern interdisciplinary programs that emphasize innovation, digital transformation, scientific research, and practical training, preparing graduates to meet the needs of local, regional, and global labor markets.","https://maps.google.com/?q=The+British+University+in+Egypt,+Knowledge+Hub+Universities,+New+Administrative+Capital,+Egypt",https://res.cloudinary.com/yrqizhfy/image/upload/v1784916512/KafrelsheikhNationa_gskk5r.jpg,"Faculty of Computers, Information and Artificial Intelligence","Computer Science
Artificial Intelligence
Bioinformatics
Cybersecurity and Digital Forensics
Bio-Artificial Intelligence
Virtual and Augmented Reality
Digital Crime Analysis",
Kafrelsheikh National University,"Kafrelsheikh National University is a public national university established in 2025 to provide high-quality education based on international academic standards. The university offers modern interdisciplinary programs that emphasize innovation, digital transformation, scientific research, and practical training, preparing graduates to meet the needs of local, regional, and global labor markets.","https://maps.google.com/?q=The+British+University+in+Egypt,+Knowledge+Hub+Universities,+New+Administrative+Capital,+Egypt",https://res.cloudinary.com/yrqizhfy/image/upload/v1784916512/KafrelsheikhNationa_gskk5r.jpg,Faculty of Science,"Petroleum Geology and Mineral Exploration
Applied Biotechnology
Biochemistry
Nanoscience and Technology",
Kafrelsheikh National University,"Kafrelsheikh National University is a public national university established in 2025 to provide high-quality education based on international academic standards. The university offers modern interdisciplinary programs that emphasize innovation, digital transformation, scientific research, and practical training, preparing graduates to meet the needs of local, regional, and global labor markets.","https://maps.google.com/?q=The+British+University+in+Egypt,+Knowledge+Hub+Universities,+New+Administrative+Capital,+Egypt",https://res.cloudinary.com/yrqizhfy/image/upload/v1784916512/KafrelsheikhNationa_gskk5r.jpg,Faculty of Agriculture,"Agricultural Biotechnology
Protected Agriculture Technology",
Kafrelsheikh National University,"Kafrelsheikh National University is a public national university established in 2025 to provide high-quality education based on international academic standards. The university offers modern interdisciplinary programs that emphasize innovation, digital transformation, scientific research, and practical training, preparing graduates to meet the needs of local, regional, and global labor markets.","https://maps.google.com/?q=The+British+University+in+Egypt,+Knowledge+Hub+Universities,+New+Administrative+Capital,+Egypt",https://res.cloudinary.com/yrqizhfy/image/upload/v1784916512/KafrelsheikhNationa_gskk5r.jpg,Faculty of Languages and Humanities,"English Language and Specialized Translation
Chinese Language and Specialized Translation
German Language and Specialized Translation
Spanish Language and Specialized Translation
Geographic Information Systems (GIS)
Clinical Psychology
Geoarchaeology
Archaeological Information Systems
Digital Technical Teacher Preparation
Digital Early Childhood Education",
Kafrelsheikh National University,"Kafrelsheikh National University is a public national university established in 2025 to provide high-quality education based on international academic standards. The university offers modern interdisciplinary programs that emphasize innovation, digital transformation, scientific research, and practical training, preparing graduates to meet the needs of local, regional, and global labor markets.","https://maps.google.com/?q=The+British+University+in+Egypt,+Knowledge+Hub+Universities,+New+Administrative+Capital,+Egypt",https://res.cloudinary.com/yrqizhfy/image/upload/v1784916512/KafrelsheikhNationa_gskk5r.jpg,Faculty of Business,"Accounting and Business Analytics
Business Information Systems",
Kafrelsheikh National University,"Kafrelsheikh National University is a public national university established in 2025 to provide high-quality education based on international academic standards. The university offers modern interdisciplinary programs that emphasize innovation, digital transformation, scientific research, and practical training, preparing graduates to meet the needs of local, regional, and global labor markets.","https://maps.google.com/?q=The+British+University+in+Egypt,+Knowledge+Hub+Universities,+New+Administrative+Capital,+Egypt",https://res.cloudinary.com/yrqizhfy/image/upload/v1784916512/KafrelsheikhNationa_gskk5r.jpg,Faculty of Arts and Design,"Interior Design
Textile and Apparel Design
Graphic Design and Animation",
The American University in Cairo (AUC),"The American University in Cairo (AUC) is a leading private, English-language university located in New Cairo, Egypt. Founded in 1919, AUC offers an American-style liberal arts education and is accredited in both Egypt and the United States. The university is known for its high academic standards, world-class faculty, modern campus, and diverse international community. It prepares students with critical thinking, leadership, and professional skills for successful careers worldwide.","https://maps.google.com/?q=The+British+University+in+Egypt,+Knowledge+Hub+Universities,+New+Administrative+Capital,+Egypt",https://res.cloudinary.com/yrqizhfy/image/upload/v1784916520/The_American_zb9ge3.jpg,Onsi Sawiris School of Business,"Accounting
Business and Entrepreneurship
Business in Finance
Business in Marketing
Economics",
The American University in Cairo (AUC),"The American University in Cairo (AUC) is a leading private, English-language university located in New Cairo, Egypt. Founded in 1919, AUC offers an American-style liberal arts education and is accredited in both Egypt and the United States. The university is known for its high academic standards, world-class faculty, modern campus, and diverse international community. It prepares students with critical thinking, leadership, and professional skills for successful careers worldwide.","https://maps.google.com/?q=The+British+University+in+Egypt,+Knowledge+Hub+Universities,+New+Administrative+Capital,+Egypt",https://res.cloudinary.com/yrqizhfy/image/upload/v1784916520/The_American_zb9ge3.jpg,School of Global Affairs and Public Policy,"Communication and Media Arts
Journalism
Political Science
Public Policy
Law (Undergraduate Law Programs)",
The American University in Cairo (AUC),"The American University in Cairo (AUC) is a leading private, English-language university located in New Cairo, Egypt. Founded in 1919, AUC offers an American-style liberal arts education and is accredited in both Egypt and the United States. The university is known for its high academic standards, world-class faculty, modern campus, and diverse international community. It prepares students with critical thinking, leadership, and professional skills for successful careers worldwide.","https://maps.google.com/?q=The+British+University+in+Egypt,+Knowledge+Hub+Universities,+New+Administrative+Capital,+Egypt",https://res.cloudinary.com/yrqizhfy/image/upload/v1784916520/The_American_zb9ge3.jpg,School of Humanities and Social Sciences,"Anthropology
Arabic Studies
Applied Linguistics
Educational Studies
English and Comparative Literature
History
Philosophy
Psychology
Sociology
Egyptology
Theatre
Music
Visual Arts",
The American University in Cairo (AUC),"The American University in Cairo (AUC) is a leading private, English-language university located in New Cairo, Egypt. Founded in 1919, AUC offers an American-style liberal arts education and is accredited in both Egypt and the United States. The university is known for its high academic standards, world-class faculty, modern campus, and diverse international community. It prepares students with critical thinking, leadership, and professional skills for successful careers worldwide.","https://maps.google.com/?q=The+British+University+in+Egypt,+Knowledge+Hub+Universities,+New+Administrative+Capital,+Egypt",https://res.cloudinary.com/yrqizhfy/image/upload/v1784916520/The_American_zb9ge3.jpg,School of Sciences and Engineering,"Architecture
Actuarial Science
Biology
Genomics and Biotechnology
Ecology and Conservation Biology
Chemistry
Petrochemical Industry
Food Chemistry
Computer Science
Data Science
Construction Engineering
Electronics and Communications Engineering
Mathematics
Mechanical Engineering
Petroleum and Energy Engineering
Physics",
German University in Cairo (GUC),"The German University in Cairo (GUC) is a leading private university in Egypt, established in 2002 through cooperation between Egypt and Germany. Located in New Cairo, GUC offers German-accredited education with programs taught primarily in English. The university combines academic excellence, scientific research, and practical training while maintaining strong partnerships with German universities and industry. It provides students with a modern learning environment and prepares graduates for successful careers both locally and internationally.","https://maps.google.com/?q=The+British+University+in+Egypt,+Knowledge+Hub+Universities,+New+Administrative+Capital,+Egypt",https://res.cloudinary.com/yrqizhfy/image/upload/v1784916511/German_jbqki4.jpg,Faculty of Information Engineering and Technology,"Networks Engineering
Communications Engineering
Electronics Engineering",
German University in Cairo (GUC),"The German University in Cairo (GUC) is a leading private university in Egypt, established in 2002 through cooperation between Egypt and Germany. Located in New Cairo, GUC offers German-accredited education with programs taught primarily in English. The university combines academic excellence, scientific research, and practical training while maintaining strong partnerships with German universities and industry. It provides students with a modern learning environment and prepares graduates for successful careers both locally and internationally.","https://maps.google.com/?q=The+British+University+in+Egypt,+Knowledge+Hub+Universities,+New+Administrative+Capital,+Egypt",https://res.cloudinary.com/yrqizhfy/image/upload/v1784916511/German_jbqki4.jpg,Faculty of Media Engineering and Technology,"Computer Science and Engineering
Digital Media Engineering and Technology",
German University in Cairo (GUC),"The German University in Cairo (GUC) is a leading private university in Egypt, established in 2002 through cooperation between Egypt and Germany. Located in New Cairo, GUC offers German-accredited education with programs taught primarily in English. The university combines academic excellence, scientific research, and practical training while maintaining strong partnerships with German universities and industry. It provides students with a modern learning environment and prepares graduates for successful careers both locally and internationally.","https://maps.google.com/?q=The+British+University+in+Egypt,+Knowledge+Hub+Universities,+New+Administrative+Capital,+Egypt",https://res.cloudinary.com/yrqizhfy/image/upload/v1784916511/German_jbqki4.jpg,Faculty of Engineering and Materials Science,"Architecture Engineering
Civil Engineering
Design and Production Engineering
Materials Engineering
Mechatronics Engineering",
German University in Cairo (GUC),"The German University in Cairo (GUC) is a leading private university in Egypt, established in 2002 through cooperation between Egypt and Germany. Located in New Cairo, GUC offers German-accredited education with programs taught primarily in English. The university combines academic excellence, scientific research, and practical training while maintaining strong partnerships with German universities and industry. It provides students with a modern learning environment and prepares graduates for successful careers both locally and internationally.","https://maps.google.com/?q=The+British+University+in+Egypt,+Knowledge+Hub+Universities,+New+Administrative+Capital,+Egypt",https://res.cloudinary.com/yrqizhfy/image/upload/v1784916511/German_jbqki4.jpg,Faculty of Pharmacy and Biotechnology,"PharmD
PharmD – Clinical Pharmacy
Biotechnology",
German University in Cairo (GUC),"The German University in Cairo (GUC) is a leading private university in Egypt, established in 2002 through cooperation between Egypt and Germany. Located in New Cairo, GUC offers German-accredited education with programs taught primarily in English. The university combines academic excellence, scientific research, and practical training while maintaining strong partnerships with German universities and industry. It provides students with a modern learning environment and prepares graduates for successful careers both locally and internationally.","https://maps.google.com/?q=The+British+University+in+Egypt,+Knowledge+Hub+Universities,+New+Administrative+Capital,+Egypt",https://res.cloudinary.com/yrqizhfy/image/upload/v1784916511/German_jbqki4.jpg,Faculty of Management Technology,"General Management
Accounting and Financial Control
Economics
Finance
Human Resources and Organizational Behavior
Information Systems
Innovation and Technology Management
International Business
Marketing
Production and Operations
Strategic Management
Business Informatics
Technology-based Management",
German University in Cairo (GUC),"The German University in Cairo (GUC) is a leading private university in Egypt, established in 2002 through cooperation between Egypt and Germany. Located in New Cairo, GUC offers German-accredited education with programs taught primarily in English. The university combines academic excellence, scientific research, and practical training while maintaining strong partnerships with German universities and industry. It provides students with a modern learning environment and prepares graduates for successful careers both locally and internationally.","https://maps.google.com/?q=The+British+University+in+Egypt,+Knowledge+Hub+Universities,+New+Administrative+Capital,+Egypt",https://res.cloudinary.com/yrqizhfy/image/upload/v1784916511/German_jbqki4.jpg,Faculty of Applied Sciences and Arts,"Graphic Design
Media Design
Product Design",
German University in Cairo (GUC),"The German University in Cairo (GUC) is a leading private university in Egypt, established in 2002 through cooperation between Egypt and Germany. Located in New Cairo, GUC offers German-accredited education with programs taught primarily in English. The university combines academic excellence, scientific research, and practical training while maintaining strong partnerships with German universities and industry. It provides students with a modern learning environment and prepares graduates for successful careers both locally and internationally.","https://maps.google.com/?q=The+British+University+in+Egypt,+Knowledge+Hub+Universities,+New+Administrative+Capital,+Egypt",https://res.cloudinary.com/yrqizhfy/image/upload/v1784916511/German_jbqki4.jpg,Faculty of Dentistry,Dentistry,
German University in Cairo (GUC),"The German University in Cairo (GUC) is a leading private university in Egypt, established in 2002 through cooperation between Egypt and Germany. Located in New Cairo, GUC offers German-accredited education with programs taught primarily in English. The university combines academic excellence, scientific research, and practical training while maintaining strong partnerships with German universities and industry. It provides students with a modern learning environment and prepares graduates for successful careers both locally and internationally.","https://maps.google.com/?q=The+British+University+in+Egypt,+Knowledge+Hub+Universities,+New+Administrative+Capital,+Egypt",https://res.cloudinary.com/yrqizhfy/image/upload/v1784916511/German_jbqki4.jpg,Faculty of Law and Legal Studies,"Law
Legal Studies",
The British University in Egypt (BUE),"The British University in Egypt (BUE) is a leading private university established in 2005 to provide high-quality British higher education in Egypt. Located in El Sherouk City, Cairo, BUE offers internationally recognized academic programs through partnerships with prestigious UK universities. The university combines academic excellence, practical learning, modern facilities, and research opportunities, preparing graduates with the knowledge and skills needed to succeed in local and international careers","https://maps.google.com/?q=The+British+University+in+Egypt,+Knowledge+Hub+Universities,+New+Administrative+Capital,+Egypt",https://res.cloudinary.com/yrqizhfy/image/upload/v1784916520/The_British_f1zoly.jpg,Faculty of Dentistry,Dentistry,
The British University in Egypt (BUE),"The British University in Egypt (BUE) is a leading private university established in 2005 to provide high-quality British higher education in Egypt. Located in El Sherouk City, Cairo, BUE offers internationally recognized academic programs through partnerships with prestigious UK universities. The university combines academic excellence, practical learning, modern facilities, and research opportunities, preparing graduates with the knowledge and skills needed to succeed in local and international careers","https://maps.google.com/?q=The+British+University+in+Egypt,+Knowledge+Hub+Universities,+New+Administrative+Capital,+Egypt",https://res.cloudinary.com/yrqizhfy/image/upload/v1784916520/The_British_f1zoly.jpg,Faculty of Pharmacy,Pharmacy (PharmD),
The British University in Egypt (BUE),"The British University in Egypt (BUE) is a leading private university established in 2005 to provide high-quality British higher education in Egypt. Located in El Sherouk City, Cairo, BUE offers internationally recognized academic programs through partnerships with prestigious UK universities. The university combines academic excellence, practical learning, modern facilities, and research opportunities, preparing graduates with the knowledge and skills needed to succeed in local and international careers","https://maps.google.com/?q=The+British+University+in+Egypt,+Knowledge+Hub+Universities,+New+Administrative+Capital,+Egypt",https://res.cloudinary.com/yrqizhfy/image/upload/v1784916520/The_British_f1zoly.jpg,Faculty of Clinical Pharmacy,Clinical Pharmacy (PharmD Clinical Pharmacy),
The British University in Egypt (BUE),"The British University in Egypt (BUE) is a leading private university established in 2005 to provide high-quality British higher education in Egypt. Located in El Sherouk City, Cairo, BUE offers internationally recognized academic programs through partnerships with prestigious UK universities. The university combines academic excellence, practical learning, modern facilities, and research opportunities, preparing graduates with the knowledge and skills needed to succeed in local and international careers","https://maps.google.com/?q=The+British+University+in+Egypt,+Knowledge+Hub+Universities,+New+Administrative+Capital,+Egypt",https://res.cloudinary.com/yrqizhfy/image/upload/v1784916520/The_British_f1zoly.jpg,Faculty of Nursing,Nursing,
The British University in Egypt (BUE),"The British University in Egypt (BUE) is a leading private university established in 2005 to provide high-quality British higher education in Egypt. Located in El Sherouk City, Cairo, BUE offers internationally recognized academic programs through partnerships with prestigious UK universities. The university combines academic excellence, practical learning, modern facilities, and research opportunities, preparing graduates with the knowledge and skills needed to succeed in local and international careers","https://maps.google.com/?q=The+British+University+in+Egypt,+Knowledge+Hub+Universities,+New+Administrative+Capital,+Egypt",https://res.cloudinary.com/yrqizhfy/image/upload/v1784916520/The_British_f1zoly.jpg,Faculty of Physiotherapy,Physiotherapy,
The British University in Egypt (BUE),"The British University in Egypt (BUE) is a leading private university established in 2005 to provide high-quality British higher education in Egypt. Located in El Sherouk City, Cairo, BUE offers internationally recognized academic programs through partnerships with prestigious UK universities. The university combines academic excellence, practical learning, modern facilities, and research opportunities, preparing graduates with the knowledge and skills needed to succeed in local and international careers","https://maps.google.com/?q=The+British+University+in+Egypt,+Knowledge+Hub+Universities,+New+Administrative+Capital,+Egypt",https://res.cloudinary.com/yrqizhfy/image/upload/v1784916520/The_British_f1zoly.jpg,Faculty of Engineering,"Architectural Engineering
Civil Engineering
Mechanical Engineering
Electrical and Communication Engineering
Chemical Engineering
Pharmaceutical Engineering
Petrochemical Engineering
Environmental Engineering
Construction Engineering and Management
Computer Engineering
Mechatronics and Robotics Engineering
Landscape and Urban Development for Sustainable Cities",
The British University in Egypt (BUE),"The British University in Egypt (BUE) is a leading private university established in 2005 to provide high-quality British higher education in Egypt. Located in El Sherouk City, Cairo, BUE offers internationally recognized academic programs through partnerships with prestigious UK universities. The university combines academic excellence, practical learning, modern facilities, and research opportunities, preparing graduates with the knowledge and skills needed to succeed in local and international careers","https://maps.google.com/?q=The+British+University+in+Egypt,+Knowledge+Hub+Universities,+New+Administrative+Capital,+Egypt",https://res.cloudinary.com/yrqizhfy/image/upload/v1784916520/The_British_f1zoly.jpg,Faculty of Energy and Environmental Engineering,"Renewable Energy – Mechanical Power
Renewable Energy – Electrical Engineering
Biochemical Engineering
Petroleum and Gas Technology
Environmental Sustainable Architecture",
The British University in Egypt (BUE),"The British University in Egypt (BUE) is a leading private university established in 2005 to provide high-quality British higher education in Egypt. Located in El Sherouk City, Cairo, BUE offers internationally recognized academic programs through partnerships with prestigious UK universities. The university combines academic excellence, practical learning, modern facilities, and research opportunities, preparing graduates with the knowledge and skills needed to succeed in local and international careers","https://maps.google.com/?q=The+British+University+in+Egypt,+Knowledge+Hub+Universities,+New+Administrative+Capital,+Egypt",https://res.cloudinary.com/yrqizhfy/image/upload/v1784916520/The_British_f1zoly.jpg,Faculty of Informatics and Computer Science,"Computer Science
Software Engineering
Information Systems
Computer Networks",
The British University in Egypt (BUE),"The British University in Egypt (BUE) is a leading private university established in 2005 to provide high-quality British higher education in Egypt. Located in El Sherouk City, Cairo, BUE offers internationally recognized academic programs through partnerships with prestigious UK universities. The university combines academic excellence, practical learning, modern facilities, and research opportunities, preparing graduates with the knowledge and skills needed to succeed in local and international careers","https://maps.google.com/?q=The+British+University+in+Egypt,+Knowledge+Hub+Universities,+New+Administrative+Capital,+Egypt",https://res.cloudinary.com/yrqizhfy/image/upload/v1784916520/The_British_f1zoly.jpg,"Faculty of Business Administration, Economics and Political Science","Business Administration
Accounting
Finance
Marketing
Human Resource Management
Economics
Political Science",
The British University in Egypt (BUE),"The British University in Egypt (BUE) is a leading private university established in 2005 to provide high-quality British higher education in Egypt. Located in El Sherouk City, Cairo, BUE offers internationally recognized academic programs through partnerships with prestigious UK universities. The university combines academic excellence, practical learning, modern facilities, and research opportunities, preparing graduates with the knowledge and skills needed to succeed in local and international careers","https://maps.google.com/?q=The+British+University+in+Egypt,+Knowledge+Hub+Universities,+New+Administrative+Capital,+Egypt",https://res.cloudinary.com/yrqizhfy/image/upload/v1784916520/The_British_f1zoly.jpg,Faculty of Communication and Mass Media,"Journalism
Radio and Television
Public Relations and Advertising
Digital Media",
The British University in Egypt (BUE),"The British University in Egypt (BUE) is a leading private university established in 2005 to provide high-quality British higher education in Egypt. Located in El Sherouk City, Cairo, BUE offers internationally recognized academic programs through partnerships with prestigious UK universities. The university combines academic excellence, practical learning, modern facilities, and research opportunities, preparing graduates with the knowledge and skills needed to succeed in local and international careers","https://maps.google.com/?q=The+British+University+in+Egypt,+Knowledge+Hub+Universities,+New+Administrative+Capital,+Egypt",https://res.cloudinary.com/yrqizhfy/image/upload/v1784916520/The_British_f1zoly.jpg,Faculty of Arts and Design,"Interior Architecture
Graphics and Media Arts
Fine Arts
Fashion Design
Textile Design",
The British University in Egypt (BUE),"The British University in Egypt (BUE) is a leading private university established in 2005 to provide high-quality British higher education in Egypt. Located in El Sherouk City, Cairo, BUE offers internationally recognized academic programs through partnerships with prestigious UK universities. The university combines academic excellence, practical learning, modern facilities, and research opportunities, preparing graduates with the knowledge and skills needed to succeed in local and international careers","https://maps.google.com/?q=The+British+University+in+Egypt,+Knowledge+Hub+Universities,+New+Administrative+Capital,+Egypt",https://res.cloudinary.com/yrqizhfy/image/upload/v1784916520/The_British_f1zoly.jpg,Faculty of Arts and Humanities,"English Language and Literature
Chinese
Psychology",
The British University in Egypt (BUE),"The British University in Egypt (BUE) is a leading private university established in 2005 to provide high-quality British higher education in Egypt. Located in El Sherouk City, Cairo, BUE offers internationally recognized academic programs through partnerships with prestigious UK universities. The university combines academic excellence, practical learning, modern facilities, and research opportunities, preparing graduates with the knowledge and skills needed to succeed in local and international careers","https://maps.google.com/?q=The+British+University+in+Egypt,+Knowledge+Hub+Universities,+New+Administrative+Capital,+Egypt",https://res.cloudinary.com/yrqizhfy/image/upload/v1784916520/The_British_f1zoly.jpg,Faculty of Law,Law,
The British University in Egypt (BUE),"The British University in Egypt (BUE) is a leading private university established in 2005 to provide high-quality British higher education in Egypt. Located in El Sherouk City, Cairo, BUE offers internationally recognized academic programs through partnerships with prestigious UK universities. The university combines academic excellence, practical learning, modern facilities, and research opportunities, preparing graduates with the knowledge and skills needed to succeed in local and international careers","https://maps.google.com/?q=The+British+University+in+Egypt,+Knowledge+Hub+Universities,+New+Administrative+Capital,+Egypt",https://res.cloudinary.com/yrqizhfy/image/upload/v1784916520/The_British_f1zoly.jpg,Faculty of Tourism and Hotel Management,"Tourism Management
Hotel Management",
The British University in Egypt (BUE),"The British University in Egypt (BUE) is a leading private university established in 2005 to provide high-quality British higher education in Egypt. Located in El Sherouk City, Cairo, BUE offers internationally recognized academic programs through partnerships with prestigious UK universities. The university combines academic excellence, practical learning, modern facilities, and research opportunities, preparing graduates with the knowledge and skills needed to succeed in local and international careers","https://maps.google.com/?q=The+British+University+in+Egypt,+Knowledge+Hub+Universities,+New+Administrative+Capital,+Egypt",https://res.cloudinary.com/yrqizhfy/image/upload/v1784916520/The_British_f1zoly.jpg,Faculty of Medicine,Medicine,
Misr University for Science and Technology (MUST),"Misr University for Science and Technology (MUST) is one of Egypt’s leading private universities, established in 1996 in 6th of October City, Giza. The university offers a wide range of academic programs across medical, engineering, business, and humanities disciplines. MUST is committed to providing high-quality education, advanced research opportunities, and practical training through modern facilities and partnerships with local and international institutions. It aims to prepare graduates with the knowledge, skills, and innovation needed to excel in the global job market.","https://maps.google.com/?q=The+British+University+in+Egypt,+Knowledge+Hub+Universities,+New+Administrative+Capital,+Egypt",https://res.cloudinary.com/yrqizhfy/image/upload/v1784916515/Misr_ukh2ge.jpg,Faculty of Oral and Dental Surgery,Oral and Dental Surgery,
Misr University for Science and Technology (MUST),"Misr University for Science and Technology (MUST) is one of Egypt’s leading private universities, established in 1996 in 6th of October City, Giza. The university offers a wide range of academic programs across medical, engineering, business, and humanities disciplines. MUST is committed to providing high-quality education, advanced research opportunities, and practical training through modern facilities and partnerships with local and international institutions. It aims to prepare graduates with the knowledge, skills, and innovation needed to excel in the global job market.","https://maps.google.com/?q=The+British+University+in+Egypt,+Knowledge+Hub+Universities,+New+Administrative+Capital,+Egypt",https://res.cloudinary.com/yrqizhfy/image/upload/v1784916515/Misr_ukh2ge.jpg,Faculty of Pharmaceutical Sciences and Drug Manufacturing,PharmD (Pharmacy),
Misr University for Science and Technology (MUST),"Misr University for Science and Technology (MUST) is one of Egypt’s leading private universities, established in 1996 in 6th of October City, Giza. The university offers a wide range of academic programs across medical, engineering, business, and humanities disciplines. MUST is committed to providing high-quality education, advanced research opportunities, and practical training through modern facilities and partnerships with local and international institutions. It aims to prepare graduates with the knowledge, skills, and innovation needed to excel in the global job market.","https://maps.google.com/?q=The+British+University+in+Egypt,+Knowledge+Hub+Universities,+New+Administrative+Capital,+Egypt",https://res.cloudinary.com/yrqizhfy/image/upload/v1784916515/Misr_ukh2ge.jpg,Faculty of Physical Therapy,Physical Therapy,
Misr University for Science and Technology (MUST),"Misr University for Science and Technology (MUST) is one of Egypt’s leading private universities, established in 1996 in 6th of October City, Giza. The university offers a wide range of academic programs across medical, engineering, business, and humanities disciplines. MUST is committed to providing high-quality education, advanced research opportunities, and practical training through modern facilities and partnerships with local and international institutions. It aims to prepare graduates with the knowledge, skills, and innovation needed to excel in the global job market.","https://maps.google.com/?q=The+British+University+in+Egypt,+Knowledge+Hub+Universities,+New+Administrative+Capital,+Egypt",https://res.cloudinary.com/yrqizhfy/image/upload/v1784916515/Misr_ukh2ge.jpg,Faculty of Engineering Sciences and Technology,"Architectural Engineering
Construction Engineering
Biomedical Engineering
Computer and Software Engineering
Electronics and Communications Engineering
Electrical Power and Machines Engineering
Mechatronics Engineering
Mechanical Power Engineering
Industrial and Systems Engineering",
Misr University for Science and Technology (MUST),"Misr University for Science and Technology (MUST) is one of Egypt’s leading private universities, established in 1996 in 6th of October City, Giza. The university offers a wide range of academic programs across medical, engineering, business, and humanities disciplines. MUST is committed to providing high-quality education, advanced research opportunities, and practical training through modern facilities and partnerships with local and international institutions. It aims to prepare graduates with the knowledge, skills, and innovation needed to excel in the global job market.","https://maps.google.com/?q=The+British+University+in+Egypt,+Knowledge+Hub+Universities,+New+Administrative+Capital,+Egypt",https://res.cloudinary.com/yrqizhfy/image/upload/v1784916515/Misr_ukh2ge.jpg,Faculty of Information Technology,"Computer Science
Information Systems
Artificial Intelligence",
Misr University for Science and Technology (MUST),"Misr University for Science and Technology (MUST) is one of Egypt’s leading private universities, established in 1996 in 6th of October City, Giza. The university offers a wide range of academic programs across medical, engineering, business, and humanities disciplines. MUST is committed to providing high-quality education, advanced research opportunities, and practical training through modern facilities and partnerships with local and international institutions. It aims to prepare graduates with the knowledge, skills, and innovation needed to excel in the global job market.","https://maps.google.com/?q=The+British+University+in+Egypt,+Knowledge+Hub+Universities,+New+Administrative+Capital,+Egypt",https://res.cloudinary.com/yrqizhfy/image/upload/v1784916515/Misr_ukh2ge.jpg,"Faculty of Business Administration, Economics and Information Systems","Accounting
Business Administration
Finance and Investment
Economics
Political Science
Information Systems
Hospital Management",
Misr University for Science and Technology (MUST),"Misr University for Science and Technology (MUST) is one of Egypt’s leading private universities, established in 1996 in 6th of October City, Giza. The university offers a wide range of academic programs across medical, engineering, business, and humanities disciplines. MUST is committed to providing high-quality education, advanced research opportunities, and practical training through modern facilities and partnerships with local and international institutions. It aims to prepare graduates with the knowledge, skills, and innovation needed to excel in the global job market.","https://maps.google.com/?q=The+British+University+in+Egypt,+Knowledge+Hub+Universities,+New+Administrative+Capital,+Egypt",https://res.cloudinary.com/yrqizhfy/image/upload/v1784916515/Misr_ukh2ge.jpg,Faculty of Mass Media and Communication Technology,"Print and Electronic Journalism
Radio and Television Broadcasting
Public Relations and Advertising",
Misr University for Science and Technology (MUST),"Misr University for Science and Technology (MUST) is one of Egypt’s leading private universities, established in 1996 in 6th of October City, Giza. The university offers a wide range of academic programs across medical, engineering, business, and humanities disciplines. MUST is committed to providing high-quality education, advanced research opportunities, and practical training through modern facilities and partnerships with local and international institutions. It aims to prepare graduates with the knowledge, skills, and innovation needed to excel in the global job market.","https://maps.google.com/?q=The+British+University+in+Egypt,+Knowledge+Hub+Universities,+New+Administrative+Capital,+Egypt",https://res.cloudinary.com/yrqizhfy/image/upload/v1784916515/Misr_ukh2ge.jpg,Faculty of Biotechnology,Biotechnology,
Misr University for Science and Technology (MUST),"Misr University for Science and Technology (MUST) is one of Egypt’s leading private universities, established in 1996 in 6th of October City, Giza. The university offers a wide range of academic programs across medical, engineering, business, and humanities disciplines. MUST is committed to providing high-quality education, advanced research opportunities, and practical training through modern facilities and partnerships with local and international institutions. It aims to prepare graduates with the knowledge, skills, and innovation needed to excel in the global job market.","https://maps.google.com/?q=The+British+University+in+Egypt,+Knowledge+Hub+Universities,+New+Administrative+Capital,+Egypt",https://res.cloudinary.com/yrqizhfy/image/upload/v1784916515/Misr_ukh2ge.jpg,Faculty of Nursing,Nursing,
Misr University for Science and Technology (MUST),"Misr University for Science and Technology (MUST) is one of Egypt’s leading private universities, established in 1996 in 6th of October City, Giza. The university offers a wide range of academic programs across medical, engineering, business, and humanities disciplines. MUST is committed to providing high-quality education, advanced research opportunities, and practical training through modern facilities and partnerships with local and international institutions. It aims to prepare graduates with the knowledge, skills, and innovation needed to excel in the global job market.","https://maps.google.com/?q=The+British+University+in+Egypt,+Knowledge+Hub+Universities,+New+Administrative+Capital,+Egypt",https://res.cloudinary.com/yrqizhfy/image/upload/v1784916515/Misr_ukh2ge.jpg,Faculty of Applied Health Science Technology,"Radiology and Imaging Technology
Medical Laboratory Technology
Respiratory Care Technology
Health Administration and Informatics Technology",
Misr University for Science and Technology (MUST),"Misr University for Science and Technology (MUST) is one of Egypt’s leading private universities, established in 1996 in 6th of October City, Giza. The university offers a wide range of academic programs across medical, engineering, business, and humanities disciplines. MUST is committed to providing high-quality education, advanced research opportunities, and practical training through modern facilities and partnerships with local and international institutions. It aims to prepare graduates with the knowledge, skills, and innovation needed to excel in the global job market.","https://maps.google.com/?q=The+British+University+in+Egypt,+Knowledge+Hub+Universities,+New+Administrative+Capital,+Egypt",https://res.cloudinary.com/yrqizhfy/image/upload/v1784916515/Misr_ukh2ge.jpg,Faculty of Foreign Languages and Translation,"English Language and Translation
German Language and Translation
French Language and Translation
Chinese Language and Translation
Japanese Language and Translation
Spanish Language and Translation
Italian Language and Translation
Turkish Language and Translation
Greek Language and Translation
Arabic Language and Literature",
Misr University for Science and Technology (MUST),"Misr University for Science and Technology (MUST) is one of Egypt’s leading private universities, established in 1996 in 6th of October City, Giza. The university offers a wide range of academic programs across medical, engineering, business, and humanities disciplines. MUST is committed to providing high-quality education, advanced research opportunities, and practical training through modern facilities and partnerships with local and international institutions. It aims to prepare graduates with the knowledge, skills, and innovation needed to excel in the global job market.","https://maps.google.com/?q=The+British+University+in+Egypt,+Knowledge+Hub+Universities,+New+Administrative+Capital,+Egypt",https://res.cloudinary.com/yrqizhfy/image/upload/v1784916515/Misr_ukh2ge.jpg,Faculty of Archaeology and Tourism Guidance,"Egyptian Archaeology
Islamic Archaeology
Archaeology and Civilization of the Arabian Peninsula
Restoration and Conservation of Monuments
Tourism Guidance",
Misr University for Science and Technology (MUST),"Misr University for Science and Technology (MUST) is one of Egypt’s leading private universities, established in 1996 in 6th of October City, Giza. The university offers a wide range of academic programs across medical, engineering, business, and humanities disciplines. MUST is committed to providing high-quality education, advanced research opportunities, and practical training through modern facilities and partnerships with local and international institutions. It aims to prepare graduates with the knowledge, skills, and innovation needed to excel in the global job market.","https://maps.google.com/?q=The+British+University+in+Egypt,+Knowledge+Hub+Universities,+New+Administrative+Capital,+Egypt",https://res.cloudinary.com/yrqizhfy/image/upload/v1784916515/Misr_ukh2ge.jpg,Faculty of Special Education,"Intellectual Disability
Visual and Hearing Impairment
Emotional and Behavioral Disorders
Giftedness and Learning Disabilities
Motor Disabilities",
October 6 University (O6U),"October 6 University (O6U) is one of the first private universities established in Egypt, founded in 1996 in 6th of October City, Giza. The university offers a wide range of undergraduate and postgraduate programs across various disciplines, combining academic excellence with practical training and scientific research. O6U is committed to preparing qualified graduates through modern educational facilities, experienced faculty members, and strong links with local and international institutions.","https://maps.google.com/?q=The+British+University+in+Egypt,+Knowledge+Hub+Universities,+New+Administrative+Capital,+Egypt",https://res.cloudinary.com/yrqizhfy/image/upload/v1784916517/O6U_kvaehr.jpg,Faculty of Medicine,Medicine,
October 6 University (O6U),"October 6 University (O6U) is one of the first private universities established in Egypt, founded in 1996 in 6th of October City, Giza. The university offers a wide range of undergraduate and postgraduate programs across various disciplines, combining academic excellence with practical training and scientific research. O6U is committed to preparing qualified graduates through modern educational facilities, experienced faculty members, and strong links with local and international institutions.","https://maps.google.com/?q=The+British+University+in+Egypt,+Knowledge+Hub+Universities,+New+Administrative+Capital,+Egypt",https://res.cloudinary.com/yrqizhfy/image/upload/v1784916517/O6U_kvaehr.jpg,Faculty of Dentistry,Dentistry,
October 6 University (O6U),"October 6 University (O6U) is one of the first private universities established in Egypt, founded in 1996 in 6th of October City, Giza. The university offers a wide range of undergraduate and postgraduate programs across various disciplines, combining academic excellence with practical training and scientific research. O6U is committed to preparing qualified graduates through modern educational facilities, experienced faculty members, and strong links with local and international institutions.","https://maps.google.com/?q=The+British+University+in+Egypt,+Knowledge+Hub+Universities,+New+Administrative+Capital,+Egypt",https://res.cloudinary.com/yrqizhfy/image/upload/v1784916517/O6U_kvaehr.jpg,Faculty of Pharmacy,"Pharmacy (PharmD)
Clinical Pharmacy",
October 6 University (O6U),"October 6 University (O6U) is one of the first private universities established in Egypt, founded in 1996 in 6th of October City, Giza. The university offers a wide range of undergraduate and postgraduate programs across various disciplines, combining academic excellence with practical training and scientific research. O6U is committed to preparing qualified graduates through modern educational facilities, experienced faculty members, and strong links with local and international institutions.","https://maps.google.com/?q=The+British+University+in+Egypt,+Knowledge+Hub+Universities,+New+Administrative+Capital,+Egypt",https://res.cloudinary.com/yrqizhfy/image/upload/v1784916517/O6U_kvaehr.jpg,Faculty of Applied Medical Sciences,"Medical Laboratory Sciences
Radiology and Medical Imaging
Biomedical Engineering Technology",
October 6 University (O6U),"October 6 University (O6U) is one of the first private universities established in Egypt, founded in 1996 in 6th of October City, Giza. The university offers a wide range of undergraduate and postgraduate programs across various disciplines, combining academic excellence with practical training and scientific research. O6U is committed to preparing qualified graduates through modern educational facilities, experienced faculty members, and strong links with local and international institutions.","https://maps.google.com/?q=The+British+University+in+Egypt,+Knowledge+Hub+Universities,+New+Administrative+Capital,+Egypt",https://res.cloudinary.com/yrqizhfy/image/upload/v1784916517/O6U_kvaehr.jpg,Faculty of Engineering,"Architectural Engineering
Civil Engineering
Construction Engineering
Electrical Engineering
Electronics and Communications Engineering
Mechanical Engineering
Mechatronics Engineering
Computer Engineering",
October 6 University (O6U),"October 6 University (O6U) is one of the first private universities established in Egypt, founded in 1996 in 6th of October City, Giza. The university offers a wide range of undergraduate and postgraduate programs across various disciplines, combining academic excellence with practical training and scientific research. O6U is committed to preparing qualified graduates through modern educational facilities, experienced faculty members, and strong links with local and international institutions.","https://maps.google.com/?q=The+British+University+in+Egypt,+Knowledge+Hub+Universities,+New+Administrative+Capital,+Egypt",https://res.cloudinary.com/yrqizhfy/image/upload/v1784916517/O6U_kvaehr.jpg,Faculty of Physical Therapy,Physical Therapy,
October 6 University (O6U),"October 6 University (O6U) is one of the first private universities established in Egypt, founded in 1996 in 6th of October City, Giza. The university offers a wide range of undergraduate and postgraduate programs across various disciplines, combining academic excellence with practical training and scientific research. O6U is committed to preparing qualified graduates through modern educational facilities, experienced faculty members, and strong links with local and international institutions.","https://maps.google.com/?q=The+British+University+in+Egypt,+Knowledge+Hub+Universities,+New+Administrative+Capital,+Egypt",https://res.cloudinary.com/yrqizhfy/image/upload/v1784916517/O6U_kvaehr.jpg,Faculty of Information Systems and Computer Science,"Computer Science
Information Systems
Artificial Intelligence
Software Engineering",
October 6 University (O6U),"October 6 University (O6U) is one of the first private universities established in Egypt, founded in 1996 in 6th of October City, Giza. The university offers a wide range of undergraduate and postgraduate programs across various disciplines, combining academic excellence with practical training and scientific research. O6U is committed to preparing qualified graduates through modern educational facilities, experienced faculty members, and strong links with local and international institutions.","https://maps.google.com/?q=The+British+University+in+Egypt,+Knowledge+Hub+Universities,+New+Administrative+Capital,+Egypt",https://res.cloudinary.com/yrqizhfy/image/upload/v1784916517/O6U_kvaehr.jpg,Faculty of Applied Arts,"Interior Design
Graphic Design
Fashion Design
Textile Design
Advertising Design",
October 6 University (O6U),"October 6 University (O6U) is one of the first private universities established in Egypt, founded in 1996 in 6th of October City, Giza. The university offers a wide range of undergraduate and postgraduate programs across various disciplines, combining academic excellence with practical training and scientific research. O6U is committed to preparing qualified graduates through modern educational facilities, experienced faculty members, and strong links with local and international institutions.","https://maps.google.com/?q=The+British+University+in+Egypt,+Knowledge+Hub+Universities,+New+Administrative+Capital,+Egypt",https://res.cloudinary.com/yrqizhfy/image/upload/v1784916517/O6U_kvaehr.jpg,Faculty of Media and Mass Communication,"Journalism
Radio and Television
Public Relations and Advertising",
October 6 University (O6U),"October 6 University (O6U) is one of the first private universities established in Egypt, founded in 1996 in 6th of October City, Giza. The university offers a wide range of undergraduate and postgraduate programs across various disciplines, combining academic excellence with practical training and scientific research. O6U is committed to preparing qualified graduates through modern educational facilities, experienced faculty members, and strong links with local and international institutions.","https://maps.google.com/?q=The+British+University+in+Egypt,+Knowledge+Hub+Universities,+New+Administrative+Capital,+Egypt",https://res.cloudinary.com/yrqizhfy/image/upload/v1784916517/O6U_kvaehr.jpg,Faculty of Economics and Management,"Accounting
Business Administration
Economics
Finance
Marketing
Management Information Systems (MIS)",
October 6 University (O6U),"October 6 University (O6U) is one of the first private universities established in Egypt, founded in 1996 in 6th of October City, Giza. The university offers a wide range of undergraduate and postgraduate programs across various disciplines, combining academic excellence with practical training and scientific research. O6U is committed to preparing qualified graduates through modern educational facilities, experienced faculty members, and strong links with local and international institutions.","https://maps.google.com/?q=The+British+University+in+Egypt,+Knowledge+Hub+Universities,+New+Administrative+Capital,+Egypt",https://res.cloudinary.com/yrqizhfy/image/upload/v1784916517/O6U_kvaehr.jpg,Faculty of Languages and Translation,"English Language and Translation
French Language and Translation
German Language and Translation
Chinese Language and Translation",
October 6 University (O6U),"October 6 University (O6U) is one of the first private universities established in Egypt, founded in 1996 in 6th of October City, Giza. The university offers a wide range of undergraduate and postgraduate programs across various disciplines, combining academic excellence with practical training and scientific research. O6U is committed to preparing qualified graduates through modern educational facilities, experienced faculty members, and strong links with local and international institutions.","https://maps.google.com/?q=The+British+University+in+Egypt,+Knowledge+Hub+Universities,+New+Administrative+Capital,+Egypt",https://res.cloudinary.com/yrqizhfy/image/upload/v1784916517/O6U_kvaehr.jpg,Faculty of Tourism and Hotel Management,"Tourism Studies
Hotel Management
Tourist Guidance",
October 6 University (O6U),"October 6 University (O6U) is one of the first private universities established in Egypt, founded in 1996 in 6th of October City, Giza. The university offers a wide range of undergraduate and postgraduate programs across various disciplines, combining academic excellence with practical training and scientific research. O6U is committed to preparing qualified graduates through modern educational facilities, experienced faculty members, and strong links with local and international institutions.","https://maps.google.com/?q=The+British+University+in+Egypt,+Knowledge+Hub+Universities,+New+Administrative+Capital,+Egypt",https://res.cloudinary.com/yrqizhfy/image/upload/v1784916517/O6U_kvaehr.jpg,Faculty of Education,"English Language Education
Mathematics Education
Computer Education
Kindergarten Education
Special Education",
Misr International University (MIU),"Misr International University (MIU) is a leading private university in Egypt, established in 1996 and located in Obour City, Qalyubia. The university is committed to providing high-quality education based on international academic standards, with programs taught in English. MIU offers a dynamic learning environment, modern facilities, and practical training opportunities that prepare students for successful careers in Egypt and around the world. The university emphasizes innovation, research, leadership, and community engagement.","https://maps.google.com/?q=The+British+University+in+Egypt,+Knowledge+Hub+Universities,+New+Administrative+Capital,+Egypt",https://res.cloudinary.com/yrqizhfy/image/upload/v1784916515/MIU_ddvnlp.jpg,Faculty of Oral and Dental Medicine,Oral and Dental Medicine,
Misr International University (MIU),"Misr International University (MIU) is a leading private university in Egypt, established in 1996 and located in Obour City, Qalyubia. The university is committed to providing high-quality education based on international academic standards, with programs taught in English. MIU offers a dynamic learning environment, modern facilities, and practical training opportunities that prepare students for successful careers in Egypt and around the world. The university emphasizes innovation, research, leadership, and community engagement.","https://maps.google.com/?q=The+British+University+in+Egypt,+Knowledge+Hub+Universities,+New+Administrative+Capital,+Egypt",https://res.cloudinary.com/yrqizhfy/image/upload/v1784916515/MIU_ddvnlp.jpg,Faculty of Pharmacy,"PharmD
PharmD Clinical Pharmacy",
Misr International University (MIU),"Misr International University (MIU) is a leading private university in Egypt, established in 1996 and located in Obour City, Qalyubia. The university is committed to providing high-quality education based on international academic standards, with programs taught in English. MIU offers a dynamic learning environment, modern facilities, and practical training opportunities that prepare students for successful careers in Egypt and around the world. The university emphasizes innovation, research, leadership, and community engagement.","https://maps.google.com/?q=The+British+University+in+Egypt,+Knowledge+Hub+Universities,+New+Administrative+Capital,+Egypt",https://res.cloudinary.com/yrqizhfy/image/upload/v1784916515/MIU_ddvnlp.jpg,Faculty of Alsun (Languages),"Applied Linguistics
Teaching English as a Foreign Language (TEFL Tech – TT)
Specialized Translation (Translation Intelligence – TI)",
Misr International University (MIU),"Misr International University (MIU) is a leading private university in Egypt, established in 1996 and located in Obour City, Qalyubia. The university is committed to providing high-quality education based on international academic standards, with programs taught in English. MIU offers a dynamic learning environment, modern facilities, and practical training opportunities that prepare students for successful careers in Egypt and around the world. The university emphasizes innovation, research, leadership, and community engagement.","https://maps.google.com/?q=The+British+University+in+Egypt,+Knowledge+Hub+Universities,+New+Administrative+Capital,+Egypt",https://res.cloudinary.com/yrqizhfy/image/upload/v1784916515/MIU_ddvnlp.jpg,Faculty of Mass Communication,"Audio-Visual Production (AVP)
Integrated Marketing Communication (IMC)
News Production (NP)",
Misr International University (MIU),"Misr International University (MIU) is a leading private university in Egypt, established in 1996 and located in Obour City, Qalyubia. The university is committed to providing high-quality education based on international academic standards, with programs taught in English. MIU offers a dynamic learning environment, modern facilities, and practical training opportunities that prepare students for successful careers in Egypt and around the world. The university emphasizes innovation, research, leadership, and community engagement.","https://maps.google.com/?q=The+British+University+in+Egypt,+Knowledge+Hub+Universities,+New+Administrative+Capital,+Egypt",https://res.cloudinary.com/yrqizhfy/image/upload/v1784916515/MIU_ddvnlp.jpg,Faculty of Business Administration and International Trade,"Accounting
Business Intelligence
Economics and International Trade
Finance
Marketing Management and Communication
Human Resource Management
Entrepreneurship
Supply Chain Management",
Misr International University (MIU),"Misr International University (MIU) is a leading private university in Egypt, established in 1996 and located in Obour City, Qalyubia. The university is committed to providing high-quality education based on international academic standards, with programs taught in English. MIU offers a dynamic learning environment, modern facilities, and practical training opportunities that prepare students for successful careers in Egypt and around the world. The university emphasizes innovation, research, leadership, and community engagement.","https://maps.google.com/?q=The+British+University+in+Egypt,+Knowledge+Hub+Universities,+New+Administrative+Capital,+Egypt",https://res.cloudinary.com/yrqizhfy/image/upload/v1784916511/fff_u4bkmh.jpg,Faculty of Computer Science,"Computer Science
Artificial Intelligence (AI)
Internet of Things (IoT)
Data Science
Cyber Security
Information Systems
Software Engineering
Software Development
Software Testing
Human-Computer Interaction (HCI)",
Misr International University (MIU),"Misr International University (MIU) is a leading private university in Egypt, established in 1996 and located in Obour City, Qalyubia. The university is committed to providing high-quality education based on international academic standards, with programs taught in English. MIU offers a dynamic learning environment, modern facilities, and practical training opportunities that prepare students for successful careers in Egypt and around the world. The university emphasizes innovation, research, leadership, and community engagement.","https://maps.google.com/?q=The+British+University+in+Egypt,+Knowledge+Hub+Universities,+New+Administrative+Capital,+Egypt",https://res.cloudinary.com/yrqizhfy/image/upload/v1784916511/fff_u4bkmh.jpg,Faculty of Engineering – Architecture,"Architecture Engineering
Computational Architecture
Conservation of Architecture
Environmental and Sustainable Architecture
Interior Design
Landscape Architecture
Real Estate Management",
Misr International University (MIU),"Misr International University (MIU) is a leading private university in Egypt, established in 1996 and located in Obour City, Qalyubia. The university is committed to providing high-quality education based on international academic standards, with programs taught in English. MIU offers a dynamic learning environment, modern facilities, and practical training opportunities that prepare students for successful careers in Egypt and around the world. The university emphasizes innovation, research, leadership, and community engagement.","https://maps.google.com/?q=The+British+University+in+Egypt,+Knowledge+Hub+Universities,+New+Administrative+Capital,+Egypt",https://res.cloudinary.com/yrqizhfy/image/upload/v1784916511/fff_u4bkmh.jpg,Faculty of Engineering – Electronics and Communications,"Electronics and Communication Engineering
Communication Systems
Networks Engineering
Smart Systems
Embedded Systems and Hardware
Digital System Design",
French University in Egypt (UFE),"The French University in Egypt (UFE) is a private university established in 2002 through cooperation between the Egyptian and French governments. Located in El Shorouk City, Cairo, UFE offers internationally recognized academic programs in partnership with leading French universities. The university provides a multilingual learning environment, with programs taught in French, English, and Arabic, preparing graduates for successful careers in Egypt and internationally. UFE emphasizes academic excellence, innovation, research, and strong cultural and educational ties between Egypt and France.","https://maps.google.com/?q=The+British+University+in+Egypt,+Knowledge+Hub+Universities,+New+Administrative+Capital,+Egypt",https://res.cloudinary.com/yrqizhfy/image/upload/v1784916511/fff_u4bkmh.jpg,Faculty of Engineering,"Artificial Intelligence and Data Science Engineering
Cybersecurity and Communications Engineering
Embedded Systems and Robotics Engineering
Mechanical and Mechatronics Engineering",
French University in Egypt (UFE),"The French University in Egypt (UFE) is a private university established in 2002 through cooperation between the Egyptian and French governments. Located in El Shorouk City, Cairo, UFE offers internationally recognized academic programs in partnership with leading French universities. The university provides a multilingual learning environment, with programs taught in French, English, and Arabic, preparing graduates for successful careers in Egypt and internationally. UFE emphasizes academic excellence, innovation, research, and strong cultural and educational ties between Egypt and France.","https://maps.google.com/?q=The+British+University+in+Egypt,+Knowledge+Hub+Universities,+New+Administrative+Capital,+Egypt",https://res.cloudinary.com/yrqizhfy/image/upload/v1784916511/fff_u4bkmh.jpg,Faculty of Management and Information Systems,"Economics and Management
Business Informatics and Data Analytics
Hospitality Management
Digital Marketing",
French University in Egypt (UFE),"The French University in Egypt (UFE) is a private university established in 2002 through cooperation between the Egyptian and French governments. Located in El Shorouk City, Cairo, UFE offers internationally recognized academic programs in partnership with leading French universities. The university provides a multilingual learning environment, with programs taught in French, English, and Arabic, preparing graduates for successful careers in Egypt and internationally. UFE emphasizes academic excellence, innovation, research, and strong cultural and educational ties between Egypt and France.","https://maps.google.com/?q=The+British+University+in+Egypt,+Knowledge+Hub+Universities,+New+Administrative+Capital,+Egypt",https://res.cloudinary.com/yrqizhfy/image/upload/v1784916511/fff_u4bkmh.jpg,Faculty of Applied Languages,"Applied Foreign Languages
International Affairs and Trade
Specialized Translation",
French University in Egypt (UFE),"The French University in Egypt (UFE) is a private university established in 2002 through cooperation between the Egyptian and French governments. Located in El Shorouk City, Cairo, UFE offers internationally recognized academic programs in partnership with leading French universities. The university provides a multilingual learning environment, with programs taught in French, English, and Arabic, preparing graduates for successful careers in Egypt and internationally. UFE emphasizes academic excellence, innovation, research, and strong cultural and educational ties between Egypt and France.","https://maps.google.com/?q=The+British+University+in+Egypt,+Knowledge+Hub+Universities,+New+Administrative+Capital,+Egypt",https://res.cloudinary.com/yrqizhfy/image/upload/v1784916511/fff_u4bkmh.jpg,Faculty of Architecture and Applied Arts,Architecture and Urbanism Engineering ,
Heliopolis University for Sustainable Development (HU),"Heliopolis University for Sustainable Development is a private university established in 2009 and located in El Salam City, Cairo, Egypt. It is the first university in the Middle East dedicated to the principles of sustainable development, integrating academic excellence with environmental, social, and economic responsibility. The university offers high-quality education, practical training, and research opportunities in a modern learning environment, preparing graduates to become innovative professionals and responsible leaders who contribute to sustainable development locally and globally.","https://maps.google.com/?q=The+British+University+in+Egypt,+Knowledge+Hub+Universities,+New+Administrative+Capital,+Egypt",https://res.cloudinary.com/yrqizhfy/image/upload/v1784916511/fff_u4bkmh.jpg,Faculty of Engineering,"Energy Engineering
Water Engineering
Mechatronics Engineering
Green Architecture Engineering",
Heliopolis University for Sustainable Development (HU),"Heliopolis University for Sustainable Development is a private university established in 2009 and located in El Salam City, Cairo, Egypt. It is the first university in the Middle East dedicated to the principles of sustainable development, integrating academic excellence with environmental, social, and economic responsibility. The university offers high-quality education, practical training, and research opportunities in a modern learning environment, preparing graduates to become innovative professionals and responsible leaders who contribute to sustainable development locally and globally.","https://maps.google.com/?q=The+British+University+in+Egypt,+Knowledge+Hub+Universities,+New+Administrative+Capital,+Egypt",https://res.cloudinary.com/yrqizhfy/image/upload/v1784916511/fff_u4bkmh.jpg,Faculty of Pharmacy,"PharmD
Clinical Pharmacy (PharmD Clinical)",
Heliopolis University for Sustainable Development (HU),"Heliopolis University for Sustainable Development is a private university established in 2009 and located in El Salam City, Cairo, Egypt. It is the first university in the Middle East dedicated to the principles of sustainable development, integrating academic excellence with environmental, social, and economic responsibility. The university offers high-quality education, practical training, and research opportunities in a modern learning environment, preparing graduates to become innovative professionals and responsible leaders who contribute to sustainable development locally and globally.","https://maps.google.com/?q=The+British+University+in+Egypt,+Knowledge+Hub+Universities,+New+Administrative+Capital,+Egypt",https://res.cloudinary.com/yrqizhfy/image/upload/v1784916511/fff_u4bkmh.jpg,Faculty of Physical Therapy,Physical Therapy,
Heliopolis University for Sustainable Development (HU),"Heliopolis University for Sustainable Development is a private university established in 2009 and located in El Salam City, Cairo, Egypt. It is the first university in the Middle East dedicated to the principles of sustainable development, integrating academic excellence with environmental, social, and economic responsibility. The university offers high-quality education, practical training, and research opportunities in a modern learning environment, preparing graduates to become innovative professionals and responsible leaders who contribute to sustainable development locally and globally.","https://maps.google.com/?q=The+British+University+in+Egypt,+Knowledge+Hub+Universities,+New+Administrative+Capital,+Egypt",https://res.cloudinary.com/yrqizhfy/image/upload/v1784916511/fff_u4bkmh.jpg,Faculty of Business and Economics,"Business Administration
Economics",
Heliopolis University for Sustainable Development (HU),"Heliopolis University for Sustainable Development is a private university established in 2009 and located in El Salam City, Cairo, Egypt. It is the first university in the Middle East dedicated to the principles of sustainable development, integrating academic excellence with environmental, social, and economic responsibility. The university offers high-quality education, practical training, and research opportunities in a modern learning environment, preparing graduates to become innovative professionals and responsible leaders who contribute to sustainable development locally and globally.","https://maps.google.com/?q=The+British+University+in+Egypt,+Knowledge+Hub+Universities,+New+Administrative+Capital,+Egypt",https://res.cloudinary.com/yrqizhfy/image/upload/v1784916511/fff_u4bkmh.jpg,Faculty of Organic Agriculture,"Organic Crop Production
Food Processing Technology
Biotechnology",
Future University in Egypt (FUE),"Future University in Egypt (FUE) is a leading private university established in 2006 and located in New Cairo, Egypt. The university offers internationally recognized academic programs across a wide range of disciplines, combining academic excellence with practical learning and modern technology. FUE is committed to innovation, scientific research, and community service, providing students with a high-quality educational environment that prepares them for successful careers in Egypt and around the world.","https://maps.google.com/?q=The+British+University+in+Egypt,+Knowledge+Hub+Universities,+New+Administrative+Capital,+Egypt",https://res.cloudinary.com/yrqizhfy/image/upload/v1784916511/fff_u4bkmh.jpg,Faculty of Oral and Dental Medicine,Oral and Dental Medicine (BDS),
Future University in Egypt (FUE),"Future University in Egypt (FUE) is a leading private university established in 2006 and located in New Cairo, Egypt. The university offers internationally recognized academic programs across a wide range of disciplines, combining academic excellence with practical learning and modern technology. FUE is committed to innovation, scientific research, and community service, providing students with a high-quality educational environment that prepares them for successful careers in Egypt and around the world.","https://maps.google.com/?q=The+British+University+in+Egypt,+Knowledge+Hub+Universities,+New+Administrative+Capital,+Egypt",https://res.cloudinary.com/yrqizhfy/image/upload/v1784916511/fff_u4bkmh.jpg,Faculty of Pharmacy,"PharmD
PharmD Clinical Pharmacy",
Future University in Egypt (FUE),"Future University in Egypt (FUE) is a leading private university established in 2006 and located in New Cairo, Egypt. The university offers internationally recognized academic programs across a wide range of disciplines, combining academic excellence with practical learning and modern technology. FUE is committed to innovation, scientific research, and community service, providing students with a high-quality educational environment that prepares them for successful careers in Egypt and around the world.","https://maps.google.com/?q=The+British+University+in+Egypt,+Knowledge+Hub+Universities,+New+Administrative+Capital,+Egypt",https://res.cloudinary.com/yrqizhfy/image/upload/v1784916511/fff_u4bkmh.jpg,Faculty of Engineering and Technology,"Architectural Engineering
Interior Architecture
Structural Engineering and Construction Management
Computer and Intelligent Systems Engineering
Computer and Communication Engineering
Electrical Power Engineering
Mechanical Power Engineering
Mechatronics Engineering
Biomedical Engineering
Petroleum Engineering ",
Future University in Egypt (FUE),"Future University in Egypt (FUE) is a leading private university established in 2006 and located in New Cairo, Egypt. The university offers internationally recognized academic programs across a wide range of disciplines, combining academic excellence with practical learning and modern technology. FUE is committed to innovation, scientific research, and community service, providing students with a high-quality educational environment that prepares them for successful careers in Egypt and around the world.","https://maps.google.com/?q=The+British+University+in+Egypt,+Knowledge+Hub+Universities,+New+Administrative+Capital,+Egypt",https://res.cloudinary.com/yrqizhfy/image/upload/v1784916511/fff_u4bkmh.jpg,Faculty of Computers and Information Technology,"Computer Science
Information Systems
Artificial Intelligence
Cybersecurity
Data Science
Digital Media Technology",
Future University in Egypt (FUE),"Future University in Egypt (FUE) is a leading private university established in 2006 and located in New Cairo, Egypt. The university offers internationally recognized academic programs across a wide range of disciplines, combining academic excellence with practical learning and modern technology. FUE is committed to innovation, scientific research, and community service, providing students with a high-quality educational environment that prepares them for successful careers in Egypt and around the world.","https://maps.google.com/?q=The+British+University+in+Egypt,+Knowledge+Hub+Universities,+New+Administrative+Capital,+Egypt",https://res.cloudinary.com/yrqizhfy/image/upload/v1784916511/fff_u4bkmh.jpg,Faculty of Commerce and Business Administration,"Accounting
Finance
Marketing
Human Resources Management
Management Information Systems (MIS) ",
Future University in Egypt (FUE),"Future University in Egypt (FUE) is a leading private university established in 2006 and located in New Cairo, Egypt. The university offers internationally recognized academic programs across a wide range of disciplines, combining academic excellence with practical learning and modern technology. FUE is committed to innovation, scientific research, and community service, providing students with a high-quality educational environment that prepares them for successful careers in Egypt and around the world.","https://maps.google.com/?q=The+British+University+in+Egypt,+Knowledge+Hub+Universities,+New+Administrative+Capital,+Egypt",https://res.cloudinary.com/yrqizhfy/image/upload/v1784916511/fff_u4bkmh.jpg,Faculty of Economics and Political Science,"Economics
Political Science
Public Administration
Political Media ",
Badr University in Cairo (BUC),"Badr University in Cairo (BUC) is a private university established in 2014 and located in Badr City, Cairo, Egypt. The university offers a wide range of undergraduate and postgraduate programs designed to meet international academic standards. BUC provides a modern educational environment, advanced facilities, practical training, and research opportunities. It is committed to developing graduates with the knowledge, skills, and leadership abilities needed to succeed in both local and global job markets","https://maps.google.com/?q=The+British+University+in+Egypt,+Knowledge+Hub+Universities,+New+Administrative+Capital,+Egypt",https://res.cloudinary.com/yrqizhfy/image/upload/v1784916506/badya_yltbno.jpg,Faculty of Medicine,Medicine,
Badr University in Cairo (BUC),"Badr University in Cairo (BUC) is a private university established in 2014 and located in Badr City, Cairo, Egypt. The university offers a wide range of undergraduate and postgraduate programs designed to meet international academic standards. BUC provides a modern educational environment, advanced facilities, practical training, and research opportunities. It is committed to developing graduates with the knowledge, skills, and leadership abilities needed to succeed in both local and global job markets","https://maps.google.com/?q=The+British+University+in+Egypt,+Knowledge+Hub+Universities,+New+Administrative+Capital,+Egypt",https://res.cloudinary.com/yrqizhfy/image/upload/v1784916506/badya_yltbno.jpg,Faculty of Oral and Dental Medicine,Oral and Dental Medicine,
Badr University in Cairo (BUC),"Badr University in Cairo (BUC) is a private university established in 2014 and located in Badr City, Cairo, Egypt. The university offers a wide range of undergraduate and postgraduate programs designed to meet international academic standards. BUC provides a modern educational environment, advanced facilities, practical training, and research opportunities. It is committed to developing graduates with the knowledge, skills, and leadership abilities needed to succeed in both local and global job markets","https://maps.google.com/?q=The+British+University+in+Egypt,+Knowledge+Hub+Universities,+New+Administrative+Capital,+Egypt",https://res.cloudinary.com/yrqizhfy/image/upload/v1784916506/badya_yltbno.jpg,Faculty of Pharmacy and Pharmaceutical Industries,"PharmD
Clinical Pharmacy
Pharmaceutical Industries",
Badr University in Cairo (BUC),"Badr University in Cairo (BUC) is a private university established in 2014 and located in Badr City, Cairo, Egypt. The university offers a wide range of undergraduate and postgraduate programs designed to meet international academic standards. BUC provides a modern educational environment, advanced facilities, practical training, and research opportunities. It is committed to developing graduates with the knowledge, skills, and leadership abilities needed to succeed in both local and global job markets","https://maps.google.com/?q=The+British+University+in+Egypt,+Knowledge+Hub+Universities,+New+Administrative+Capital,+Egypt",https://res.cloudinary.com/yrqizhfy/image/upload/v1784916506/badya_yltbno.jpg,Faculty of Physical Therapy,Physical Therapy,
Badr University in Cairo (BUC),"Badr University in Cairo (BUC) is a private university established in 2014 and located in Badr City, Cairo, Egypt. The university offers a wide range of undergraduate and postgraduate programs designed to meet international academic standards. BUC provides a modern educational environment, advanced facilities, practical training, and research opportunities. It is committed to developing graduates with the knowledge, skills, and leadership abilities needed to succeed in both local and global job markets","https://maps.google.com/?q=The+British+University+in+Egypt,+Knowledge+Hub+Universities,+New+Administrative+Capital,+Egypt",https://res.cloudinary.com/yrqizhfy/image/upload/v1784916506/badya_yltbno.jpg,Faculty of Nursing,Nursing,
Badr University in Cairo (BUC),"Badr University in Cairo (BUC) is a private university established in 2014 and located in Badr City, Cairo, Egypt. The university offers a wide range of undergraduate and postgraduate programs designed to meet international academic standards. BUC provides a modern educational environment, advanced facilities, practical training, and research opportunities. It is committed to developing graduates with the knowledge, skills, and leadership abilities needed to succeed in both local and global job markets","https://maps.google.com/?q=The+British+University+in+Egypt,+Knowledge+Hub+Universities,+New+Administrative+Capital,+Egypt",https://res.cloudinary.com/yrqizhfy/image/upload/v1784916506/badya_yltbno.jpg,Faculty of Engineering and Technology,"Architectural Engineering
Civil Engineering
Construction Engineering
Electrical Power Engineering
Electronics and Communications Engineering
Computer Engineering
Mechanical Engineering
Mechatronics Engineering",
Badr University in Cairo (BUC),"Badr University in Cairo (BUC) is a private university established in 2014 and located in Badr City, Cairo, Egypt. The university offers a wide range of undergraduate and postgraduate programs designed to meet international academic standards. BUC provides a modern educational environment, advanced facilities, practical training, and research opportunities. It is committed to developing graduates with the knowledge, skills, and leadership abilities needed to succeed in both local and global job markets","https://maps.google.com/?q=The+British+University+in+Egypt,+Knowledge+Hub+Universities,+New+Administrative+Capital,+Egypt",https://res.cloudinary.com/yrqizhfy/image/upload/v1784916506/badya_yltbno.jpg,Faculty of Artificial Intelligence and Data Science,"Artificial Intelligence
Data Science",
Badr University in Cairo (BUC),"Badr University in Cairo (BUC) is a private university established in 2014 and located in Badr City, Cairo, Egypt. The university offers a wide range of undergraduate and postgraduate programs designed to meet international academic standards. BUC provides a modern educational environment, advanced facilities, practical training, and research opportunities. It is committed to developing graduates with the knowledge, skills, and leadership abilities needed to succeed in both local and global job markets","https://maps.google.com/?q=The+British+University+in+Egypt,+Knowledge+Hub+Universities,+New+Administrative+Capital,+Egypt",https://res.cloudinary.com/yrqizhfy/image/upload/v1784916506/badya_yltbno.jpg,Faculty of Business and Economics,"Accounting
Finance
Marketing
Human Resources Management
Economics
Business Administration",
Badr University in Cairo (BUC),"Badr University in Cairo (BUC) is a private university established in 2014 and located in Badr City, Cairo, Egypt. The university offers a wide range of undergraduate and postgraduate programs designed to meet international academic standards. BUC provides a modern educational environment, advanced facilities, practical training, and research opportunities. It is committed to developing graduates with the knowledge, skills, and leadership abilities needed to succeed in both local and global job markets","https://maps.google.com/?q=The+British+University+in+Egypt,+Knowledge+Hub+Universities,+New+Administrative+Capital,+Egypt",https://res.cloudinary.com/yrqizhfy/image/upload/v1784916506/badya_yltbno.jpg,Faculty of Law,"Public Law
Private Law
Islamic Sharia
Public Finance and Economics",
Badr University in Cairo (BUC),"Badr University in Cairo (BUC) is a private university established in 2014 and located in Badr City, Cairo, Egypt. The university offers a wide range of undergraduate and postgraduate programs designed to meet international academic standards. BUC provides a modern educational environment, advanced facilities, practical training, and research opportunities. It is committed to developing graduates with the knowledge, skills, and leadership abilities needed to succeed in both local and global job markets","https://maps.google.com/?q=The+British+University+in+Egypt,+Knowledge+Hub+Universities,+New+Administrative+Capital,+Egypt",https://res.cloudinary.com/yrqizhfy/image/upload/v1784916506/badya_yltbno.jpg,Faculty of Linguistics and Translation,"English Language and Translation
French Language and Translation
German Language and Translation
Chinese Language and Translation",
Badr University in Cairo (BUC),"Badr University in Cairo (BUC) is a private university established in 2014 and located in Badr City, Cairo, Egypt. The university offers a wide range of undergraduate and postgraduate programs designed to meet international academic standards. BUC provides a modern educational environment, advanced facilities, practical training, and research opportunities. It is committed to developing graduates with the knowledge, skills, and leadership abilities needed to succeed in both local and global job markets","https://maps.google.com/?q=The+British+University+in+Egypt,+Knowledge+Hub+Universities,+New+Administrative+Capital,+Egypt",https://res.cloudinary.com/yrqizhfy/image/upload/v1784916506/badya_yltbno.jpg,Faculty of Applied Arts,"Product Design
Graphic and Media Design
Interior Design and Furniture
Textile Design
Fashion Design
Ceramics and Glass
Cinematography and Television",
Badr University in Cairo (BUC),"Badr University in Cairo (BUC) is a private university established in 2014 and located in Badr City, Cairo, Egypt. The university offers a wide range of undergraduate and postgraduate programs designed to meet international academic standards. BUC provides a modern educational environment, advanced facilities, practical training, and research opportunities. It is committed to developing graduates with the knowledge, skills, and leadership abilities needed to succeed in both local and global job markets","https://maps.google.com/?q=The+British+University+in+Egypt,+Knowledge+Hub+Universities,+New+Administrative+Capital,+Egypt",https://res.cloudinary.com/yrqizhfy/image/upload/v1784916506/badya_yltbno.jpg,Faculty of Filmmaking and Performing Arts,"Filmmaking
Acting
Directing
Cinematography
Screenwriting
Film Editing
Production
Performing Arts",
Badr University in Cairo (BUC),"Badr University in Cairo (BUC) is a private university established in 2014 and located in Badr City, Cairo, Egypt. The university offers a wide range of undergraduate and postgraduate programs designed to meet international academic standards. BUC provides a modern educational environment, advanced facilities, practical training, and research opportunities. It is committed to developing graduates with the knowledge, skills, and leadership abilities needed to succeed in both local and global job markets","https://maps.google.com/?q=The+British+University+in+Egypt,+Knowledge+Hub+Universities,+New+Administrative+Capital,+Egypt",https://res.cloudinary.com/yrqizhfy/image/upload/v1784916506/badya_yltbno.jpg,Faculty of Biotechnology,"Medical Biotechnology
Pharmaceutical Biotechnology
Agricultural Biotechnology
Industrial Biotechnology
Bioinformatics
Nanobiotechnology",
Badr University in Cairo (BUC),"Badr University in Cairo (BUC) is a private university established in 2014 and located in Badr City, Cairo, Egypt. The university offers a wide range of undergraduate and postgraduate programs designed to meet international academic standards. BUC provides a modern educational environment, advanced facilities, practical training, and research opportunities. It is committed to developing graduates with the knowledge, skills, and leadership abilities needed to succeed in both local and global job markets","https://maps.google.com/?q=The+British+University+in+Egypt,+Knowledge+Hub+Universities,+New+Administrative+Capital,+Egypt",https://res.cloudinary.com/yrqizhfy/image/upload/v1784916506/badya_yltbno.jpg,Faculty of Humanities and Social Sciences,"Psychology
Sociology",
Badr University in Cairo (BUC),"Badr University in Cairo (BUC) is a private university established in 2014 and located in Badr City, Cairo, Egypt. The university offers a wide range of undergraduate and postgraduate programs designed to meet international academic standards. BUC provides a modern educational environment, advanced facilities, practical training, and research opportunities. It is committed to developing graduates with the knowledge, skills, and leadership abilities needed to succeed in both local and global job markets","https://maps.google.com/?q=The+British+University+in+Egypt,+Knowledge+Hub+Universities,+New+Administrative+Capital,+Egypt",https://res.cloudinary.com/yrqizhfy/image/upload/v1784916506/badya_yltbno.jpg,Faculty of Political Sciences and International Relations,"Political Science
International Relations",
Badr University in Cairo (BUC),"Badr University in Cairo (BUC) is a private university established in 2014 and located in Badr City, Cairo, Egypt. The university offers a wide range of undergraduate and postgraduate programs designed to meet international academic standards. BUC provides a modern educational environment, advanced facilities, practical training, and research opportunities. It is committed to developing graduates with the knowledge, skills, and leadership abilities needed to succeed in both local and global job markets","https://maps.google.com/?q=The+British+University+in+Egypt,+Knowledge+Hub+Universities,+New+Administrative+Capital,+Egypt",https://res.cloudinary.com/yrqizhfy/image/upload/v1784916506/badya_yltbno.jpg,Faculty of Allied Health Sciences,"Medical Laboratory Sciences
Radiological Imaging Technology
Nutrition and Food Sciences
Health Information Management
Prosthetics and Orthotics
Emergency Medical Services",
Delta University for Science and Technology (DUST),"Delta University for Science and Technology (DUST) is a leading private university established in 2007 and located in Gamasa, Dakahlia, Egypt. The university offers high-quality education through a wide range of undergraduate and postgraduate programs in medical, engineering, business, and humanities disciplines. DUST is committed to academic excellence, scientific research, innovation, and community service, providing students with modern facilities, practical training, and a dynamic learning environment that prepares them for successful careers in Egypt and internationally.","https://maps.google.com/?q=The+British+University+in+Egypt,+Knowledge+Hub+Universities,+New+Administrative+Capital,+Egypt",https://res.cloudinary.com/yrqizhfy/image/upload/v1784916509/ddd_b2m8f6.jpg,Faculty of Medicine,Medicine,
Delta University for Science and Technology (DUST),"Delta University for Science and Technology (DUST) is a leading private university established in 2007 and located in Gamasa, Dakahlia, Egypt. The university offers high-quality education through a wide range of undergraduate and postgraduate programs in medical, engineering, business, and humanities disciplines. DUST is committed to academic excellence, scientific research, innovation, and community service, providing students with modern facilities, practical training, and a dynamic learning environment that prepares them for successful careers in Egypt and internationally.","https://maps.google.com/?q=The+British+University+in+Egypt,+Knowledge+Hub+Universities,+New+Administrative+Capital,+Egypt",https://res.cloudinary.com/yrqizhfy/image/upload/v1784916509/ddd_b2m8f6.jpg,Faculty of Oral and Dental Medicine,Oral and Dental Medicine,
Delta University for Science and Technology (DUST),"Delta University for Science and Technology (DUST) is a leading private university established in 2007 and located in Gamasa, Dakahlia, Egypt. The university offers high-quality education through a wide range of undergraduate and postgraduate programs in medical, engineering, business, and humanities disciplines. DUST is committed to academic excellence, scientific research, innovation, and community service, providing students with modern facilities, practical training, and a dynamic learning environment that prepares them for successful careers in Egypt and internationally.","https://maps.google.com/?q=The+British+University+in+Egypt,+Knowledge+Hub+Universities,+New+Administrative+Capital,+Egypt",https://res.cloudinary.com/yrqizhfy/image/upload/v1784916509/ddd_b2m8f6.jpg,Faculty of Pharmacy,"PharmD
Clinical Pharmacy",
Delta University for Science and Technology (DUST),"Delta University for Science and Technology (DUST) is a leading private university established in 2007 and located in Gamasa, Dakahlia, Egypt. The university offers high-quality education through a wide range of undergraduate and postgraduate programs in medical, engineering, business, and humanities disciplines. DUST is committed to academic excellence, scientific research, innovation, and community service, providing students with modern facilities, practical training, and a dynamic learning environment that prepares them for successful careers in Egypt and internationally.","https://maps.google.com/?q=The+British+University+in+Egypt,+Knowledge+Hub+Universities,+New+Administrative+Capital,+Egypt",https://res.cloudinary.com/yrqizhfy/image/upload/v1784916509/ddd_b2m8f6.jpg,Faculty of Physical Therapy,Physical Therapy,
Delta University for Science and Technology (DUST),"Delta University for Science and Technology (DUST) is a leading private university established in 2007 and located in Gamasa, Dakahlia, Egypt. The university offers high-quality education through a wide range of undergraduate and postgraduate programs in medical, engineering, business, and humanities disciplines. DUST is committed to academic excellence, scientific research, innovation, and community service, providing students with modern facilities, practical training, and a dynamic learning environment that prepares them for successful careers in Egypt and internationally.","https://maps.google.com/?q=The+British+University+in+Egypt,+Knowledge+Hub+Universities,+New+Administrative+Capital,+Egypt",https://res.cloudinary.com/yrqizhfy/image/upload/v1784916509/ddd_b2m8f6.jpg,Faculty of Applied Health Sciences,"Medical Laboratory Sciences
Radiology and Medical Imaging
Nutrition and Food Sciences
Prosthetics and Orthotics
Health Information Management",
Delta University for Science and Technology (DUST),"Delta University for Science and Technology (DUST) is a leading private university established in 2007 and located in Gamasa, Dakahlia, Egypt. The university offers high-quality education through a wide range of undergraduate and postgraduate programs in medical, engineering, business, and humanities disciplines. DUST is committed to academic excellence, scientific research, innovation, and community service, providing students with modern facilities, practical training, and a dynamic learning environment that prepares them for successful careers in Egypt and internationally.","https://maps.google.com/?q=The+British+University+in+Egypt,+Knowledge+Hub+Universities,+New+Administrative+Capital,+Egypt",https://res.cloudinary.com/yrqizhfy/image/upload/v1784916509/ddd_b2m8f6.jpg,Faculty of Engineering,"Architectural Engineering
Civil Engineering
Construction Engineering
Electronics and Communications Engineering
Mechatronics Engineering",
Delta University for Science and Technology (DUST),"Delta University for Science and Technology (DUST) is a leading private university established in 2007 and located in Gamasa, Dakahlia, Egypt. The university offers high-quality education through a wide range of undergraduate and postgraduate programs in medical, engineering, business, and humanities disciplines. DUST is committed to academic excellence, scientific research, innovation, and community service, providing students with modern facilities, practical training, and a dynamic learning environment that prepares them for successful careers in Egypt and internationally.","https://maps.google.com/?q=The+British+University+in+Egypt,+Knowledge+Hub+Universities,+New+Administrative+Capital,+Egypt",https://res.cloudinary.com/yrqizhfy/image/upload/v1784916509/ddd_b2m8f6.jpg,Faculty of Artificial Intelligence,"Artificial Intelligence
Data Science
Cybersecurity",
Delta University for Science and Technology (DUST),"Delta University for Science and Technology (DUST) is a leading private university established in 2007 and located in Gamasa, Dakahlia, Egypt. The university offers high-quality education through a wide range of undergraduate and postgraduate programs in medical, engineering, business, and humanities disciplines. DUST is committed to academic excellence, scientific research, innovation, and community service, providing students with modern facilities, practical training, and a dynamic learning environment that prepares them for successful careers in Egypt and internationally.","https://maps.google.com/?q=The+British+University+in+Egypt,+Knowledge+Hub+Universities,+New+Administrative+Capital,+Egypt",https://res.cloudinary.com/yrqizhfy/image/upload/v1784916509/ddd_b2m8f6.jpg,Faculty of Business Administration,"Accounting
Business Administration
Finance
Marketing
Economics
Management Information Systems (MIS)",
Delta University for Science and Technology (DUST),"Delta University for Science and Technology (DUST) is a leading private university established in 2007 and located in Gamasa, Dakahlia, Egypt. The university offers high-quality education through a wide range of undergraduate and postgraduate programs in medical, engineering, business, and humanities disciplines. DUST is committed to academic excellence, scientific research, innovation, and community service, providing students with modern facilities, practical training, and a dynamic learning environment that prepares them for successful careers in Egypt and internationally.","https://maps.google.com/?q=The+British+University+in+Egypt,+Knowledge+Hub+Universities,+New+Administrative+Capital,+Egypt",https://res.cloudinary.com/yrqizhfy/image/upload/v1784916509/ddd_b2m8f6.jpg,Faculty of Arts,"English Language
Psychology",
Delta University for Science and Technology (DUST),"Delta University for Science and Technology (DUST) is a leading private university established in 2007 and located in Gamasa, Dakahlia, Egypt. The university offers high-quality education through a wide range of undergraduate and postgraduate programs in medical, engineering, business, and humanities disciplines. DUST is committed to academic excellence, scientific research, innovation, and community service, providing students with modern facilities, practical training, and a dynamic learning environment that prepares them for successful careers in Egypt and internationally.","https://maps.google.com/?q=The+British+University+in+Egypt,+Knowledge+Hub+Universities,+New+Administrative+Capital,+Egypt",https://res.cloudinary.com/yrqizhfy/image/upload/v1784916509/ddd_b2m8f6.jpg,Faculty of Nursing,Nursing,
Delta University for Science and Technology (DUST),"Delta University for Science and Technology (DUST) is a leading private university established in 2007 and located in Gamasa, Dakahlia, Egypt. The university offers high-quality education through a wide range of undergraduate and postgraduate programs in medical, engineering, business, and humanities disciplines. DUST is committed to academic excellence, scientific research, innovation, and community service, providing students with modern facilities, practical training, and a dynamic learning environment that prepares them for successful careers in Egypt and internationally.","https://maps.google.com/?q=The+British+University+in+Egypt,+Knowledge+Hub+Universities,+New+Administrative+Capital,+Egypt",https://res.cloudinary.com/yrqizhfy/image/upload/v1784916509/ddd_b2m8f6.jpg,Faculty of Veterinary Medicine,Veterinary Medicine,
Delta University for Science and Technology (DUST),"Delta University for Science and Technology (DUST) is a leading private university established in 2007 and located in Gamasa, Dakahlia, Egypt. The university offers high-quality education through a wide range of undergraduate and postgraduate programs in medical, engineering, business, and humanities disciplines. DUST is committed to academic excellence, scientific research, innovation, and community service, providing students with modern facilities, practical training, and a dynamic learning environment that prepares them for successful careers in Egypt and internationally.","https://maps.google.com/?q=The+British+University+in+Egypt,+Knowledge+Hub+Universities,+New+Administrative+Capital,+Egypt",https://res.cloudinary.com/yrqizhfy/image/upload/v1784916509/ddd_b2m8f6.jpg,Faculty of Law,Law,
Delta University for Science and Technology (DUST),"Delta University for Science and Technology (DUST) is a leading private university established in 2007 and located in Gamasa, Dakahlia, Egypt. The university offers high-quality education through a wide range of undergraduate and postgraduate programs in medical, engineering, business, and humanities disciplines. DUST is committed to academic excellence, scientific research, innovation, and community service, providing students with modern facilities, practical training, and a dynamic learning environment that prepares them for successful careers in Egypt and internationally.","https://maps.google.com/?q=The+British+University+in+Egypt,+Knowledge+Hub+Universities,+New+Administrative+Capital,+Egypt",https://res.cloudinary.com/yrqizhfy/image/upload/v1784916509/ddd_b2m8f6.jpg,Faculty of Energy Engineering,"Petroleum Engineering
Natural Gas Engineering
Sustainable and Renewable Energy Engineering",
Deraya University (DU),"Deraya University is a private university established in 2010 and located in New Minya City, Minya, Egypt. The university provides high-quality education based on international academic standards, offering a variety of undergraduate and postgraduate programs. Deraya University emphasizes academic excellence, innovation, scientific research, and practical training through modern facilities and advanced learning technologies. It aims to prepare graduates with the knowledge, professional skills, and leadership abilities needed to succeed in local and international careers.","https://maps.google.com/?q=The+British+University+in+Egypt,+Knowledge+Hub+Universities,+New+Administrative+Capital,+Egypt",https://res.cloudinary.com/yrqizhfy/image/upload/v1784916509/drr_fgijp8.jpg,Faculty of Pharmacy,"PharmD
PharmD (Clinical Pharmacy)
Pharmacy and Pharmaceutical Manufacturing",
Deraya University (DU),"Deraya University is a private university established in 2010 and located in New Minya City, Minya, Egypt. The university provides high-quality education based on international academic standards, offering a variety of undergraduate and postgraduate programs. Deraya University emphasizes academic excellence, innovation, scientific research, and practical training through modern facilities and advanced learning technologies. It aims to prepare graduates with the knowledge, professional skills, and leadership abilities needed to succeed in local and international careers.","https://maps.google.com/?q=The+British+University+in+Egypt,+Knowledge+Hub+Universities,+New+Administrative+Capital,+Egypt",https://res.cloudinary.com/yrqizhfy/image/upload/v1784916509/drr_fgijp8.jpg,Faculty of Physical Therapy,Physical Therapy,
Deraya University (DU),"Deraya University is a private university established in 2010 and located in New Minya City, Minya, Egypt. The university provides high-quality education based on international academic standards, offering a variety of undergraduate and postgraduate programs. Deraya University emphasizes academic excellence, innovation, scientific research, and practical training through modern facilities and advanced learning technologies. It aims to prepare graduates with the knowledge, professional skills, and leadership abilities needed to succeed in local and international careers.","https://maps.google.com/?q=The+British+University+in+Egypt,+Knowledge+Hub+Universities,+New+Administrative+Capital,+Egypt",https://res.cloudinary.com/yrqizhfy/image/upload/v1784916509/drr_fgijp8.jpg,Faculty of Dentistry,Bachelor of Dental Surgery (BDS) ,
Deraya University (DU),"Deraya University is a private university established in 2010 and located in New Minya City, Minya, Egypt. The university provides high-quality education based on international academic standards, offering a variety of undergraduate and postgraduate programs. Deraya University emphasizes academic excellence, innovation, scientific research, and practical training through modern facilities and advanced learning technologies. It aims to prepare graduates with the knowledge, professional skills, and leadership abilities needed to succeed in local and international careers.","https://maps.google.com/?q=The+British+University+in+Egypt,+Knowledge+Hub+Universities,+New+Administrative+Capital,+Egypt",https://res.cloudinary.com/yrqizhfy/image/upload/v1784916509/drr_fgijp8.jpg,Faculty of Business Administration,"Accounting
Management
Marketing",
Egyptian Russian University (ERU),"The Russian University in Egypt (RUE) is a private university established in 2006 through academic cooperation between Egypt and Russia. Located in Badr City, Cairo, the university offers high-quality education based on international standards with strong emphasis on scientific research, innovation, and practical training. RUE provides modern educational facilities and prepares graduates with the knowledge and professional skills required to compete in local and international job markets.","https://maps.google.com/?q=The+British+University+in+Egypt,+Knowledge+Hub+Universities,+New+Administrative+Capital,+Egypt",https://res.cloudinary.com/yrqizhfy/image/upload/v1784922322/OIP_k2zuad.jpg,Faculty of Engineering,"Architectural Engineering
Construction Engineering
Mechatronics and Robotics Engineering
Communications Engineering",
Egyptian Russian University (ERU),"The Russian University in Egypt (RUE) is a private university established in 2006 through academic cooperation between Egypt and Russia. Located in Badr City, Cairo, the university offers high-quality education based on international standards with strong emphasis on scientific research, innovation, and practical training. RUE provides modern educational facilities and prepares graduates with the knowledge and professional skills required to compete in local and international job markets.","https://maps.google.com/?q=The+British+University+in+Egypt,+Knowledge+Hub+Universities,+New+Administrative+Capital,+Egypt",https://res.cloudinary.com/yrqizhfy/image/upload/v1784922322/OIP_k2zuad.jpg,Faculty of Pharmacy,"PharmD
Clinical Pharmacy (PharmD Clinical)",
Egyptian Russian University (ERU),"The Russian University in Egypt (RUE) is a private university established in 2006 through academic cooperation between Egypt and Russia. Located in Badr City, Cairo, the university offers high-quality education based on international standards with strong emphasis on scientific research, innovation, and practical training. RUE provides modern educational facilities and prepares graduates with the knowledge and professional skills required to compete in local and international job markets.","https://maps.google.com/?q=The+British+University+in+Egypt,+Knowledge+Hub+Universities,+New+Administrative+Capital,+Egypt",https://res.cloudinary.com/yrqizhfy/image/upload/v1784922322/OIP_k2zuad.jpg,Faculty of Oral and Dental Medicine,Oral and Dental Medicine,
Egyptian Russian University (ERU),"The Russian University in Egypt (RUE) is a private university established in 2006 through academic cooperation between Egypt and Russia. Located in Badr City, Cairo, the university offers high-quality education based on international standards with strong emphasis on scientific research, innovation, and practical training. RUE provides modern educational facilities and prepares graduates with the knowledge and professional skills required to compete in local and international job markets.","https://maps.google.com/?q=The+British+University+in+Egypt,+Knowledge+Hub+Universities,+New+Administrative+Capital,+Egypt",https://res.cloudinary.com/yrqizhfy/image/upload/v1784922322/OIP_k2zuad.jpg,Faculty of Artificial Intelligence,"Artificial Intelligence
Computer Science",
Egyptian Russian University (ERU),"The Russian University in Egypt (RUE) is a private university established in 2006 through academic cooperation between Egypt and Russia. Located in Badr City, Cairo, the university offers high-quality education based on international standards with strong emphasis on scientific research, innovation, and practical training. RUE provides modern educational facilities and prepares graduates with the knowledge and professional skills required to compete in local and international job markets.","https://maps.google.com/?q=The+British+University+in+Egypt,+Knowledge+Hub+Universities,+New+Administrative+Capital,+Egypt",https://res.cloudinary.com/yrqizhfy/image/upload/v1784922322/OIP_k2zuad.jpg,"Faculty of Management, Economics and Business Technology","Accounting
Finance
Marketing
Business Administration
Economics
Business Informatics
Entrepreneurship",
The Egyptian Chinese University (ECU),"The Egyptian Chinese University (ECU) is a private university established in 2013 through Egyptian-Chinese cooperation. Located on Gesr El Suez Street in Cairo, the university focuses on technology-based education, innovation, scientific research, and practical training. ECU offers modern academic programs designed to meet international standards while strengthening collaboration with leading Chinese universities. The university aims to prepare graduates with the knowledge, technical skills, and entrepreneurial mindset needed to succeed in local and global job markets.","https://maps.google.com/?q=The+British+University+in+Egypt,+Knowledge+Hub+Universities,+New+Administrative+Capital,+Egypt",https://res.cloudinary.com/yrqizhfy/image/upload/v1784916510/egp_rnhb9n.jpg,Faculty of Engineering and Technology,"Construction and Building Engineering
Software Engineering and Information Technology
Energy and Renewable Energy Engineering
Mechatronics Engineering and Automation
Petroleum and Gas Engineering ",
The Egyptian Chinese University (ECU),"The Egyptian Chinese University (ECU) is a private university established in 2013 through Egyptian-Chinese cooperation. Located on Gesr El Suez Street in Cairo, the university focuses on technology-based education, innovation, scientific research, and practical training. ECU offers modern academic programs designed to meet international standards while strengthening collaboration with leading Chinese universities. The university aims to prepare graduates with the knowledge, technical skills, and entrepreneurial mindset needed to succeed in local and global job markets.","https://maps.google.com/?q=The+British+University+in+Egypt,+Knowledge+Hub+Universities,+New+Administrative+Capital,+Egypt",https://res.cloudinary.com/yrqizhfy/image/upload/v1784916510/egp_rnhb9n.jpg,Faculty of Pharmacy and Drug Technology,"PharmD
Clinical Pharmacy (PharmD Clinical)
Pharmaceutical Technology ",
The Egyptian Chinese University (ECU),"The Egyptian Chinese University (ECU) is a private university established in 2013 through Egyptian-Chinese cooperation. Located on Gesr El Suez Street in Cairo, the university focuses on technology-based education, innovation, scientific research, and practical training. ECU offers modern academic programs designed to meet international standards while strengthening collaboration with leading Chinese universities. The university aims to prepare graduates with the knowledge, technical skills, and entrepreneurial mindset needed to succeed in local and global job markets.","https://maps.google.com/?q=The+British+University+in+Egypt,+Knowledge+Hub+Universities,+New+Administrative+Capital,+Egypt",https://res.cloudinary.com/yrqizhfy/image/upload/v1784916510/egp_rnhb9n.jpg,Faculty of Physical Therapy,"Physical Therapy
Physical Therapy and Traditional Chinese Medicine",
The Egyptian Chinese University (ECU),"The Egyptian Chinese University (ECU) is a private university established in 2013 through Egyptian-Chinese cooperation. Located on Gesr El Suez Street in Cairo, the university focuses on technology-based education, innovation, scientific research, and practical training. ECU offers modern academic programs designed to meet international standards while strengthening collaboration with leading Chinese universities. The university aims to prepare graduates with the knowledge, technical skills, and entrepreneurial mindset needed to succeed in local and global job markets.","https://maps.google.com/?q=The+British+University+in+Egypt,+Knowledge+Hub+Universities,+New+Administrative+Capital,+Egypt",https://res.cloudinary.com/yrqizhfy/image/upload/v1784916510/egp_rnhb9n.jpg,Faculty of Economics and International Trade,"Accounting
Finance and Investment
International Business Administration
International Economics
Marketing and Innovation ",
The Egyptian Chinese University (ECU),"The Egyptian Chinese University (ECU) is a private university established in 2013 through Egyptian-Chinese cooperation. Located on Gesr El Suez Street in Cairo, the university focuses on technology-based education, innovation, scientific research, and practical training. ECU offers modern academic programs designed to meet international standards while strengthening collaboration with leading Chinese universities. The university aims to prepare graduates with the knowledge, technical skills, and entrepreneurial mindset needed to succeed in local and global job markets.","https://maps.google.com/?q=The+British+University+in+Egypt,+Knowledge+Hub+Universities,+New+Administrative+Capital,+Egypt",https://res.cloudinary.com/yrqizhfy/image/upload/v1784916510/egp_rnhb9n.jpg,Faculty of Computer Science and Information Technology,"Artificial Intelligence
Computer Science
Information Systems
Software Engineering
Cybersecurity
Data Science ",
The Egyptian Chinese University (ECU),"The Egyptian Chinese University (ECU) is a private university established in 2013 through Egyptian-Chinese cooperation. Located on Gesr El Suez Street in Cairo, the university focuses on technology-based education, innovation, scientific research, and practical training. ECU offers modern academic programs designed to meet international standards while strengthening collaboration with leading Chinese universities. The university aims to prepare graduates with the knowledge, technical skills, and entrepreneurial mindset needed to succeed in local and global job markets.","https://maps.google.com/?q=The+British+University+in+Egypt,+Knowledge+Hub+Universities,+New+Administrative+Capital,+Egypt",https://res.cloudinary.com/yrqizhfy/image/upload/v1784916510/egp_rnhb9n.jpg,Faculty of Veterinary Medicine,Veterinary Medicine,
New Giza University (NGU),"New Giza University (NGU) is a leading private university established in 2016 and located in New Giza, 6th of October City, Giza, Egypt. The university offers internationally recognized academic programs through partnerships with prestigious international universities. NGU provides a modern learning environment, advanced facilities, innovative teaching methods, and extensive practical training opportunities. The university is committed to academic excellence, scientific research, and preparing graduates with the knowledge, leadership, and professional skills needed to succeed in local and global careers.","https://maps.google.com/?q=The+British+University+in+Egypt,+Knowledge+Hub+Universities,+New+Administrative+Capital,+Egypt",https://res.cloudinary.com/yrqizhfy/image/upload/v1784916516/ng_t9k7pc.jpg,Faculty of Medicine,Medicine,
New Giza University (NGU),"New Giza University (NGU) is a leading private university established in 2016 and located in New Giza, 6th of October City, Giza, Egypt. The university offers internationally recognized academic programs through partnerships with prestigious international universities. NGU provides a modern learning environment, advanced facilities, innovative teaching methods, and extensive practical training opportunities. The university is committed to academic excellence, scientific research, and preparing graduates with the knowledge, leadership, and professional skills needed to succeed in local and global careers.","https://maps.google.com/?q=The+British+University+in+Egypt,+Knowledge+Hub+Universities,+New+Administrative+Capital,+Egypt",https://res.cloudinary.com/yrqizhfy/image/upload/v1784916516/ng_t9k7pc.jpg,Faculty of Dentistry,Dentistry,
New Giza University (NGU),"New Giza University (NGU) is a leading private university established in 2016 and located in New Giza, 6th of October City, Giza, Egypt. The university offers internationally recognized academic programs through partnerships with prestigious international universities. NGU provides a modern learning environment, advanced facilities, innovative teaching methods, and extensive practical training opportunities. The university is committed to academic excellence, scientific research, and preparing graduates with the knowledge, leadership, and professional skills needed to succeed in local and global careers.","https://maps.google.com/?q=The+British+University+in+Egypt,+Knowledge+Hub+Universities,+New+Administrative+Capital,+Egypt",https://res.cloudinary.com/yrqizhfy/image/upload/v1784916516/ng_t9k7pc.jpg,Faculty of Pharmacy,"PharmD
Clinical Pharmacy",
New Giza University (NGU),"New Giza University (NGU) is a leading private university established in 2016 and located in New Giza, 6th of October City, Giza, Egypt. The university offers internationally recognized academic programs through partnerships with prestigious international universities. NGU provides a modern learning environment, advanced facilities, innovative teaching methods, and extensive practical training opportunities. The university is committed to academic excellence, scientific research, and preparing graduates with the knowledge, leadership, and professional skills needed to succeed in local and global careers.","https://maps.google.com/?q=The+British+University+in+Egypt,+Knowledge+Hub+Universities,+New+Administrative+Capital,+Egypt",https://res.cloudinary.com/yrqizhfy/image/upload/v1784916516/ng_t9k7pc.jpg,Faculty of Business and Finance,"Accounting
Finance
Marketing
Management
Entrepreneurship",
New Giza University (NGU),"New Giza University (NGU) is a leading private university established in 2016 and located in New Giza, 6th of October City, Giza, Egypt. The university offers internationally recognized academic programs through partnerships with prestigious international universities. NGU provides a modern learning environment, advanced facilities, innovative teaching methods, and extensive practical training opportunities. The university is committed to academic excellence, scientific research, and preparing graduates with the knowledge, leadership, and professional skills needed to succeed in local and global careers.","https://maps.google.com/?q=The+British+University+in+Egypt,+Knowledge+Hub+Universities,+New+Administrative+Capital,+Egypt",https://res.cloudinary.com/yrqizhfy/image/upload/v1784916516/ng_t9k7pc.jpg,Faculty of Economics and Politics,"Economics
Political Science
International Relations
Public Policy",
New Giza University (NGU),"New Giza University (NGU) is a leading private university established in 2016 and located in New Giza, 6th of October City, Giza, Egypt. The university offers internationally recognized academic programs through partnerships with prestigious international universities. NGU provides a modern learning environment, advanced facilities, innovative teaching methods, and extensive practical training opportunities. The university is committed to academic excellence, scientific research, and preparing graduates with the knowledge, leadership, and professional skills needed to succeed in local and global careers.","https://maps.google.com/?q=The+British+University+in+Egypt,+Knowledge+Hub+Universities,+New+Administrative+Capital,+Egypt",https://res.cloudinary.com/yrqizhfy/image/upload/v1784916516/ng_t9k7pc.jpg,Faculty of Information Technology,"Computer Science
Artificial Intelligence
Data Science
Information Technology",
New Giza University (NGU),"New Giza University (NGU) is a leading private university established in 2016 and located in New Giza, 6th of October City, Giza, Egypt. The university offers internationally recognized academic programs through partnerships with prestigious international universities. NGU provides a modern learning environment, advanced facilities, innovative teaching methods, and extensive practical training opportunities. The university is committed to academic excellence, scientific research, and preparing graduates with the knowledge, leadership, and professional skills needed to succeed in local and global careers.","https://maps.google.com/?q=The+British+University+in+Egypt,+Knowledge+Hub+Universities,+New+Administrative+Capital,+Egypt",https://res.cloudinary.com/yrqizhfy/image/upload/v1784916516/ng_t9k7pc.jpg,Faculty of Engineering,"Computers, Communications and Autonomous Systems Engineering
Architectural Engineering
Mechanical Engineering",
New Giza University (NGU),"New Giza University (NGU) is a leading private university established in 2016 and located in New Giza, 6th of October City, Giza, Egypt. The university offers internationally recognized academic programs through partnerships with prestigious international universities. NGU provides a modern learning environment, advanced facilities, innovative teaching methods, and extensive practical training opportunities. The university is committed to academic excellence, scientific research, and preparing graduates with the knowledge, leadership, and professional skills needed to succeed in local and global careers.","https://maps.google.com/?q=The+British+University+in+Egypt,+Knowledge+Hub+Universities,+New+Administrative+Capital,+Egypt",https://res.cloudinary.com/yrqizhfy/image/upload/v1784916516/ng_t9k7pc.jpg,Faculty of Arts and Design,"Architecture
Interior Design
Graphic Design
Product Design
Fashion Design",
Sphinx University (SU),"Sinai University (SU) is a private university established in 2006 with campuses in El Arish, North Sinai, and Kantara, Ismailia, Egypt. The university offers a wide range of undergraduate and postgraduate programs in medical, engineering, business, information technology, and humanities disciplines. SU is committed to providing high-quality education, scientific research, and practical training through modern facilities and experienced faculty members. The university aims to prepare graduates with the knowledge, professional skills, and ethical values needed to succeed in local and international careers.","https://maps.google.com/?q=The+British+University+in+Egypt,+Knowledge+Hub+Universities,+New+Administrative+Capital,+Egypt",https://res.cloudinary.com/yrqizhfy/image/upload/v1784916519/sp_ppkycz.jpg,Faculty of Medicine,Medicine,
Sphinx University (SU),"Sinai University (SU) is a private university established in 2006 with campuses in El Arish, North Sinai, and Kantara, Ismailia, Egypt. The university offers a wide range of undergraduate and postgraduate programs in medical, engineering, business, information technology, and humanities disciplines. SU is committed to providing high-quality education, scientific research, and practical training through modern facilities and experienced faculty members. The university aims to prepare graduates with the knowledge, professional skills, and ethical values needed to succeed in local and international careers.","https://maps.google.com/?q=The+British+University+in+Egypt,+Knowledge+Hub+Universities,+New+Administrative+Capital,+Egypt",https://res.cloudinary.com/yrqizhfy/image/upload/v1784916519/sp_ppkycz.jpg,Faculty of Oral and Dental Medicine,Oral and Dental Medicine,
Sphinx University (SU),"Sinai University (SU) is a private university established in 2006 with campuses in El Arish, North Sinai, and Kantara, Ismailia, Egypt. The university offers a wide range of undergraduate and postgraduate programs in medical, engineering, business, information technology, and humanities disciplines. SU is committed to providing high-quality education, scientific research, and practical training through modern facilities and experienced faculty members. The university aims to prepare graduates with the knowledge, professional skills, and ethical values needed to succeed in local and international careers.","https://maps.google.com/?q=The+British+University+in+Egypt,+Knowledge+Hub+Universities,+New+Administrative+Capital,+Egypt",https://res.cloudinary.com/yrqizhfy/image/upload/v1784916519/sp_ppkycz.jpg,Faculty of Pharmacy,"PharmD
Clinical Pharmacy",
Sphinx University (SU),"Sinai University (SU) is a private university established in 2006 with campuses in El Arish, North Sinai, and Kantara, Ismailia, Egypt. The university offers a wide range of undergraduate and postgraduate programs in medical, engineering, business, information technology, and humanities disciplines. SU is committed to providing high-quality education, scientific research, and practical training through modern facilities and experienced faculty members. The university aims to prepare graduates with the knowledge, professional skills, and ethical values needed to succeed in local and international careers.","https://maps.google.com/?q=The+British+University+in+Egypt,+Knowledge+Hub+Universities,+New+Administrative+Capital,+Egypt",https://res.cloudinary.com/yrqizhfy/image/upload/v1784916519/sp_ppkycz.jpg,Faculty of Physical Therapy,Physical Therapy,
Sphinx University (SU),"Sinai University (SU) is a private university established in 2006 with campuses in El Arish, North Sinai, and Kantara, Ismailia, Egypt. The university offers a wide range of undergraduate and postgraduate programs in medical, engineering, business, information technology, and humanities disciplines. SU is committed to providing high-quality education, scientific research, and practical training through modern facilities and experienced faculty members. The university aims to prepare graduates with the knowledge, professional skills, and ethical values needed to succeed in local and international careers.","https://maps.google.com/?q=The+British+University+in+Egypt,+Knowledge+Hub+Universities,+New+Administrative+Capital,+Egypt",https://res.cloudinary.com/yrqizhfy/image/upload/v1784916519/sp_ppkycz.jpg,Faculty of Applied Health Science,"Medical Laboratory Sciences
Radiology and Medical Imaging Technology
Nutrition and Food Sciences
Prosthetics and Orthotics",
Sphinx University (SU),"Sinai University (SU) is a private university established in 2006 with campuses in El Arish, North Sinai, and Kantara, Ismailia, Egypt. The university offers a wide range of undergraduate and postgraduate programs in medical, engineering, business, information technology, and humanities disciplines. SU is committed to providing high-quality education, scientific research, and practical training through modern facilities and experienced faculty members. The university aims to prepare graduates with the knowledge, professional skills, and ethical values needed to succeed in local and international careers.","https://maps.google.com/?q=The+British+University+in+Egypt,+Knowledge+Hub+Universities,+New+Administrative+Capital,+Egypt",https://res.cloudinary.com/yrqizhfy/image/upload/v1784916519/sp_ppkycz.jpg,Faculty of Engineering,"Architectural Engineering
Civil Engineering
Mechatronics Engineering
Communications Engineering",
Sphinx University (SU),"Sinai University (SU) is a private university established in 2006 with campuses in El Arish, North Sinai, and Kantara, Ismailia, Egypt. The university offers a wide range of undergraduate and postgraduate programs in medical, engineering, business, information technology, and humanities disciplines. SU is committed to providing high-quality education, scientific research, and practical training through modern facilities and experienced faculty members. The university aims to prepare graduates with the knowledge, professional skills, and ethical values needed to succeed in local and international careers.","https://maps.google.com/?q=The+British+University+in+Egypt,+Knowledge+Hub+Universities,+New+Administrative+Capital,+Egypt",https://res.cloudinary.com/yrqizhfy/image/upload/v1784916519/sp_ppkycz.jpg,Faculty of Artificial Intelligence,"Artificial Intelligence
Computer Science
Data Science
Cybersecurity",
Sphinx University (SU),"Sinai University (SU) is a private university established in 2006 with campuses in El Arish, North Sinai, and Kantara, Ismailia, Egypt. The university offers a wide range of undergraduate and postgraduate programs in medical, engineering, business, information technology, and humanities disciplines. SU is committed to providing high-quality education, scientific research, and practical training through modern facilities and experienced faculty members. The university aims to prepare graduates with the knowledge, professional skills, and ethical values needed to succeed in local and international careers.","https://maps.google.com/?q=The+British+University+in+Egypt,+Knowledge+Hub+Universities,+New+Administrative+Capital,+Egypt",https://res.cloudinary.com/yrqizhfy/image/upload/v1784916519/sp_ppkycz.jpg,Faculty of Business Administration,"Accounting
Business Administration
Finance
Marketing
Economics
Management Information Systems (MIS) ",
Al Salam University in Egypt (SUE),"The Knowledge Hub Universities (TKH) operates The Smart University of Egypt (SUE) in the New Administrative Capital, Egypt. SUE offers internationally recognized academic programs through partnerships with leading UK universities. The university provides a modern learning environment, advanced facilities, innovative teaching methods, and practical training opportunities. It is committed to academic excellence, research, innovation, and preparing graduates with the skills and knowledge needed to succeed in both local and global careers.","https://maps.google.com/?q=The+British+University+in+Egypt,+Knowledge+Hub+Universities,+New+Administrative+Capital,+Egypt",https://res.cloudinary.com/yrqizhfy/image/upload/v1784916518/salam_bjsgaa.jpg,Faculty of Oral and Dental Medicine,Oral and Dental Medicine,
Al Salam University in Egypt (SUE),"The Knowledge Hub Universities (TKH) operates The Smart University of Egypt (SUE) in the New Administrative Capital, Egypt. SUE offers internationally recognized academic programs through partnerships with leading UK universities. The university provides a modern learning environment, advanced facilities, innovative teaching methods, and practical training opportunities. It is committed to academic excellence, research, innovation, and preparing graduates with the skills and knowledge needed to succeed in both local and global careers.","https://maps.google.com/?q=The+British+University+in+Egypt,+Knowledge+Hub+Universities,+New+Administrative+Capital,+Egypt",https://res.cloudinary.com/yrqizhfy/image/upload/v1784916518/salam_bjsgaa.jpg,Faculty of Pharmacy,"PharmD
Clinical Pharmacy",
Al Salam University in Egypt (SUE),"The Knowledge Hub Universities (TKH) operates The Smart University of Egypt (SUE) in the New Administrative Capital, Egypt. SUE offers internationally recognized academic programs through partnerships with leading UK universities. The university provides a modern learning environment, advanced facilities, innovative teaching methods, and practical training opportunities. It is committed to academic excellence, research, innovation, and preparing graduates with the skills and knowledge needed to succeed in both local and global careers.","https://maps.google.com/?q=The+British+University+in+Egypt,+Knowledge+Hub+Universities,+New+Administrative+Capital,+Egypt",https://res.cloudinary.com/yrqizhfy/image/upload/v1784916518/salam_bjsgaa.jpg,Faculty of Physical Therapy,Physical Therapy,
Al Salam University in Egypt (SUE),"The Knowledge Hub Universities (TKH) operates The Smart University of Egypt (SUE) in the New Administrative Capital, Egypt. SUE offers internationally recognized academic programs through partnerships with leading UK universities. The university provides a modern learning environment, advanced facilities, innovative teaching methods, and practical training opportunities. It is committed to academic excellence, research, innovation, and preparing graduates with the skills and knowledge needed to succeed in both local and global careers.","https://maps.google.com/?q=The+British+University+in+Egypt,+Knowledge+Hub+Universities,+New+Administrative+Capital,+Egypt",https://res.cloudinary.com/yrqizhfy/image/upload/v1784916518/salam_bjsgaa.jpg,Faculty of Engineering,"Civil and Infrastructure Engineering
Mechatronics and Robotics Engineering
Mechanical Engineering
Renewable Energy Engineering
Computer Engineering
Biomedical Engineering
Architectural Engineering ",
Al Salam University in Egypt (SUE),"The Knowledge Hub Universities (TKH) operates The Smart University of Egypt (SUE) in the New Administrative Capital, Egypt. SUE offers internationally recognized academic programs through partnerships with leading UK universities. The university provides a modern learning environment, advanced facilities, innovative teaching methods, and practical training opportunities. It is committed to academic excellence, research, innovation, and preparing graduates with the skills and knowledge needed to succeed in both local and global careers.","https://maps.google.com/?q=The+British+University+in+Egypt,+Knowledge+Hub+Universities,+New+Administrative+Capital,+Egypt",https://res.cloudinary.com/yrqizhfy/image/upload/v1784916518/salam_bjsgaa.jpg,Faculty of Artificial Intelligence,"Artificial Intelligence
Computer Science
Data Science
Cybersecurity",
Al Salam University in Egypt (SUE),"The Knowledge Hub Universities (TKH) operates The Smart University of Egypt (SUE) in the New Administrative Capital, Egypt. SUE offers internationally recognized academic programs through partnerships with leading UK universities. The university provides a modern learning environment, advanced facilities, innovative teaching methods, and practical training opportunities. It is committed to academic excellence, research, innovation, and preparing graduates with the skills and knowledge needed to succeed in both local and global careers.","https://maps.google.com/?q=The+British+University+in+Egypt,+Knowledge+Hub+Universities,+New+Administrative+Capital,+Egypt",https://res.cloudinary.com/yrqizhfy/image/upload/v1784916518/salam_bjsgaa.jpg,Faculty of Business Administration,"Accounting
Business Administration
Finance
Marketing
Economics
Management Information Systems (MIS)",
Al Salam University in Egypt (SUE),"The Knowledge Hub Universities (TKH) operates The Smart University of Egypt (SUE) in the New Administrative Capital, Egypt. SUE offers internationally recognized academic programs through partnerships with leading UK universities. The university provides a modern learning environment, advanced facilities, innovative teaching methods, and practical training opportunities. It is committed to academic excellence, research, innovation, and preparing graduates with the skills and knowledge needed to succeed in both local and global careers.","https://maps.google.com/?q=The+British+University+in+Egypt,+Knowledge+Hub+Universities,+New+Administrative+Capital,+Egypt",https://res.cloudinary.com/yrqizhfy/image/upload/v1784916518/salam_bjsgaa.jpg,Faculty of Applied Arts,"Interior Design and Furniture
Advertising Arts and Animation
Fashion and Jewelry ",
May University in Cairo (MUC),"May University in Cairo (MUC) is a private university established in 2019 and located in 15th of May City, Cairo, Egypt. The university offers high-quality education based on international academic standards across a variety of disciplines. MUC provides a modern learning environment, advanced facilities, practical training, and research opportunities to prepare students with the knowledge, professional skills, and innovation required for successful careers in Egypt and around the world.","https://maps.google.com/?q=May+University+in+Cairo,+15th+of+May+City,+Cairo,+Egypt",https://res.cloudinary.com/yrqizhfy/image/upload/v1784916513/may_imjv0i.jpg,Faculty of Engineering,"Civil Engineering
Architecture Engineering
Electronics and Communications Engineering
Mechatronics Engineering
Computer Engineering ",
May University in Cairo (MUC),"May University in Cairo (MUC) is a private university established in 2019 and located in 15th of May City, Cairo, Egypt. The university offers high-quality education based on international academic standards across a variety of disciplines. MUC provides a modern learning environment, advanced facilities, practical training, and research opportunities to prepare students with the knowledge, professional skills, and innovation required for successful careers in Egypt and around the world.","https://maps.google.com/?q=May+University+in+Cairo,+15th+of+May+City,+Cairo,+Egypt",https://res.cloudinary.com/yrqizhfy/image/upload/v1784916513/may_imjv0i.jpg,"Faculty of Politics, Economics and Business Administration","Political Science
Economics
Business Administration
Accounting
Finance
Marketing
Management Information Systems (MIS) ",
May University in Cairo (MUC),"May University in Cairo (MUC) is a private university established in 2019 and located in 15th of May City, Cairo, Egypt. The university offers high-quality education based on international academic standards across a variety of disciplines. MUC provides a modern learning environment, advanced facilities, practical training, and research opportunities to prepare students with the knowledge, professional skills, and innovation required for successful careers in Egypt and around the world.","https://maps.google.com/?q=May+University+in+Cairo,+15th+of+May+City,+Cairo,+Egypt",https://res.cloudinary.com/yrqizhfy/image/upload/v1784916513/may_imjv0i.jpg,Faculty of Physical Therapy,Physical Therapy,
May University in Cairo (MUC),"May University in Cairo (MUC) is a private university established in 2019 and located in 15th of May City, Cairo, Egypt. The university offers high-quality education based on international academic standards across a variety of disciplines. MUC provides a modern learning environment, advanced facilities, practical training, and research opportunities to prepare students with the knowledge, professional skills, and innovation required for successful careers in Egypt and around the world.","https://maps.google.com/?q=May+University+in+Cairo,+15th+of+May+City,+Cairo,+Egypt",https://res.cloudinary.com/yrqizhfy/image/upload/v1784916513/may_imjv0i.jpg,Faculty of Nursing,Nursing,
May University in Cairo (MUC),"May University in Cairo (MUC) is a private university established in 2019 and located in 15th of May City, Cairo, Egypt. The university offers high-quality education based on international academic standards across a variety of disciplines. MUC provides a modern learning environment, advanced facilities, practical training, and research opportunities to prepare students with the knowledge, professional skills, and innovation required for successful careers in Egypt and around the world.","https://maps.google.com/?q=May+University+in+Cairo,+15th+of+May+City,+Cairo,+Egypt",https://res.cloudinary.com/yrqizhfy/image/upload/v1784916513/may_imjv0i.jpg,Faculty of Technology,"Medical Laboratory Technology
Radiology and Medical Imaging Technology
Dental Technology
Prosthetics and Orthotics Technology
Health Information Technology ",
Al Hayah University in Cairo (AHUC),"Hayah University in Cairo (HUC) is a private university located in New Cairo, Egypt. The university offers modern academic programs designed to meet international educational standards while emphasizing innovation, scientific research, and practical learning. HUC provides students with advanced facilities, experienced faculty members, and a dynamic learning environment that prepares graduates with the knowledge, professional skills, and leadership abilities needed to succeed in local and global careers.","https://maps.google.com/?q=Hayah+University+in+Cairo,+New+Cairo,+Egypt",https://res.cloudinary.com/yrqizhfy/image/upload/v1784916511/hayah_euxixm.jpg,Faculty of Physical Therapy,Physical Therapy,
Al Hayah University in Cairo (AHUC),"Hayah University in Cairo (HUC) is a private university located in New Cairo, Egypt. The university offers modern academic programs designed to meet international educational standards while emphasizing innovation, scientific research, and practical learning. HUC provides students with advanced facilities, experienced faculty members, and a dynamic learning environment that prepares graduates with the knowledge, professional skills, and leadership abilities needed to succeed in local and global careers.","https://maps.google.com/?q=Hayah+University+in+Cairo,+New+Cairo,+Egypt",https://res.cloudinary.com/yrqizhfy/image/upload/v1784916511/hayah_euxixm.jpg,Faculty of Business Administration and International Practices,"Business Administration
Accounting
Economics
Political Science",
Al Ryada University for Science and Technology (RST),"Al Ryada University for Science and Technology (RST) is a private university located in Sadat City, Menoufia, Egypt. The university offers high-quality education based on international academic standards, combining academic excellence with practical training and scientific research. RST provides modern facilities, innovative teaching methods, and a student-centered learning environment that prepares graduates with the knowledge, professional skills, and leadership abilities needed to succeed in local and international careers.","https://maps.google.com/?q=Al+Ryada+University+for+Science+and+Technology,+Sadat+City,+Menoufia,+Egypt",https://res.cloudinary.com/yrqizhfy/image/upload/v1784916518/rad_fv8z5d.jpg,Faculty of Dentistry,Dentistry,
Al Ryada University for Science and Technology (RST),"Al Ryada University for Science and Technology (RST) is a private university located in Sadat City, Menoufia, Egypt. The university offers high-quality education based on international academic standards, combining academic excellence with practical training and scientific research. RST provides modern facilities, innovative teaching methods, and a student-centered learning environment that prepares graduates with the knowledge, professional skills, and leadership abilities needed to succeed in local and international careers.","https://maps.google.com/?q=Al+Ryada+University+for+Science+and+Technology,+Sadat+City,+Menoufia,+Egypt",https://res.cloudinary.com/yrqizhfy/image/upload/v1784916518/rad_fv8z5d.jpg,Faculty of Physical Therapy,Physical Therapy,
Al Ryada University for Science and Technology (RST),"Al Ryada University for Science and Technology (RST) is a private university located in Sadat City, Menoufia, Egypt. The university offers high-quality education based on international academic standards, combining academic excellence with practical training and scientific research. RST provides modern facilities, innovative teaching methods, and a student-centered learning environment that prepares graduates with the knowledge, professional skills, and leadership abilities needed to succeed in local and international careers.","https://maps.google.com/?q=Al+Ryada+University+for+Science+and+Technology,+Sadat+City,+Menoufia,+Egypt",https://res.cloudinary.com/yrqizhfy/image/upload/v1784916518/rad_fv8z5d.jpg,Faculty of Nursing,Nursing,
Al Ryada University for Science and Technology (RST),"Al Ryada University for Science and Technology (RST) is a private university located in Sadat City, Menoufia, Egypt. The university offers high-quality education based on international academic standards, combining academic excellence with practical training and scientific research. RST provides modern facilities, innovative teaching methods, and a student-centered learning environment that prepares graduates with the knowledge, professional skills, and leadership abilities needed to succeed in local and international careers.","https://maps.google.com/?q=Al+Ryada+University+for+Science+and+Technology,+Sadat+City,+Menoufia,+Egypt",https://res.cloudinary.com/yrqizhfy/image/upload/v1784916518/rad_fv8z5d.jpg,Faculty of Engineering,"Civil Engineering
Architectural Engineering
Mechatronics Engineering
Communications Engineering",
Al Ryada University for Science and Technology (RST),"Al Ryada University for Science and Technology (RST) is a private university located in Sadat City, Menoufia, Egypt. The university offers high-quality education based on international academic standards, combining academic excellence with practical training and scientific research. RST provides modern facilities, innovative teaching methods, and a student-centered learning environment that prepares graduates with the knowledge, professional skills, and leadership abilities needed to succeed in local and international careers.","https://maps.google.com/?q=Al+Ryada+University+for+Science+and+Technology,+Sadat+City,+Menoufia,+Egypt",https://res.cloudinary.com/yrqizhfy/image/upload/v1784916518/rad_fv8z5d.jpg,Faculty of Computers and Artificial Intelligence,"Artificial Intelligence
Computer Science – Mobile Programming
Computer Science – Computer & Software Security
Medical Informatics ",
Al Ryada University for Science and Technology (RST),"Al Ryada University for Science and Technology (RST) is a private university located in Sadat City, Menoufia, Egypt. The university offers high-quality education based on international academic standards, combining academic excellence with practical training and scientific research. RST provides modern facilities, innovative teaching methods, and a student-centered learning environment that prepares graduates with the knowledge, professional skills, and leadership abilities needed to succeed in local and international careers.","https://maps.google.com/?q=Al+Ryada+University+for+Science+and+Technology,+Sadat+City,+Menoufia,+Egypt",https://res.cloudinary.com/yrqizhfy/image/upload/v1784916518/rad_fv8z5d.jpg,Faculty of Business Administration,"Accounting
Finance
Marketing
Business Administration
Entrepreneurship and Innovation
Economics
Business Informatics (BIS) ",
Al Ryada University for Science and Technology (RST),"Al Ryada University for Science and Technology (RST) is a private university located in Sadat City, Menoufia, Egypt. The university offers high-quality education based on international academic standards, combining academic excellence with practical training and scientific research. RST provides modern facilities, innovative teaching methods, and a student-centered learning environment that prepares graduates with the knowledge, professional skills, and leadership abilities needed to succeed in local and international careers.","https://maps.google.com/?q=Al+Ryada+University+for+Science+and+Technology,+Sadat+City,+Menoufia,+Egypt",https://res.cloudinary.com/yrqizhfy/image/upload/v1784916518/rad_fv8z5d.jpg,Faculty of Applied Health Sciences Technology,"Medical Laboratory Technology
Radiology and Medical Imaging Technology
Prosthetics and Orthotics Technology
Health Information Technology",
Al Ryada University for Science and Technology (RST),"Al Ryada University for Science and Technology (RST) is a private university located in Sadat City, Menoufia, Egypt. The university offers high-quality education based on international academic standards, combining academic excellence with practical training and scientific research. RST provides modern facilities, innovative teaching methods, and a student-centered learning environment that prepares graduates with the knowledge, professional skills, and leadership abilities needed to succeed in local and international careers.","https://maps.google.com/?q=Al+Ryada+University+for+Science+and+Technology,+Sadat+City,+Menoufia,+Egypt",https://res.cloudinary.com/yrqizhfy/image/upload/v1784916518/sax_usbuww.jpg,Faculty of Pharmacy,"PharmD
Clinical Pharmacy",
Saxony Egypt University for Applied Sciences and Technology (SEU),"Saxony Egypt University for Applied Sciences and Technology (SEU) is a private university established through academic cooperation between Egypt and the German state of Saxony. Located in the New Administrative Capital, the university offers applied education based on the German higher education model. SEU focuses on innovation, practical training, scientific research, and close collaboration with industry, providing students with modern facilities and internationally oriented programs that prepare them for successful careers in Egypt and abroad.","https://maps.google.com/?q=Saxony+Egypt+University+for+Applied+Sciences+and+Technology,+New+Administrative+Capital,+Egypt",https://res.cloudinary.com/yrqizhfy/image/upload/v1784916518/sax_usbuww.jpg,Faculty of Healthcare Technology,"Public Health
Nursing",
Saxony Egypt University for Applied Sciences and Technology (SEU),"Saxony Egypt University for Applied Sciences and Technology (SEU) is a private university established through academic cooperation between Egypt and the German state of Saxony. Located in the New Administrative Capital, the university offers applied education based on the German higher education model. SEU focuses on innovation, practical training, scientific research, and close collaboration with industry, providing students with modern facilities and internationally oriented programs that prepare them for successful careers in Egypt and abroad.","https://maps.google.com/?q=Saxony+Egypt+University+for+Applied+Sciences+and+Technology,+New+Administrative+Capital,+Egypt",https://res.cloudinary.com/yrqizhfy/image/upload/v1784916518/sax_usbuww.jpg,Faculty of Management Technology,"Sports Management
Logistics ",
Saxony Egypt University for Applied Sciences and Technology (SEU),"Saxony Egypt University for Applied Sciences and Technology (SEU) is a private university established through academic cooperation between Egypt and the German state of Saxony. Located in the New Administrative Capital, the university offers applied education based on the German higher education model. SEU focuses on innovation, practical training, scientific research, and close collaboration with industry, providing students with modern facilities and internationally oriented programs that prepare them for successful careers in Egypt and abroad.","https://maps.google.com/?q=Saxony+Egypt+University+for+Applied+Sciences+and+Technology,+New+Administrative+Capital,+Egypt",https://res.cloudinary.com/yrqizhfy/image/upload/v1784916518/sax_usbuww.jpg,"Faculty of Electrical, Electronic & Computer Technology",Computing Security ,
Saxony Egypt University for Applied Sciences and Technology (SEU),"Saxony Egypt University for Applied Sciences and Technology (SEU) is a private university established through academic cooperation between Egypt and the German state of Saxony. Located in the New Administrative Capital, the university offers applied education based on the German higher education model. SEU focuses on innovation, practical training, scientific research, and close collaboration with industry, providing students with modern facilities and internationally oriented programs that prepare them for successful careers in Egypt and abroad.","https://maps.google.com/?q=Saxony+Egypt+University+for+Applied+Sciences+and+Technology,+New+Administrative+Capital,+Egypt",https://res.cloudinary.com/yrqizhfy/image/upload/v1784916518/sax_usbuww.jpg,Faculty of Mechanical Engineering Technology,Automotive Mechatronics,
Badya University,"Badya University is a private university in Cairo, Egypt, established by Presidential Decree No. 338 of 2023. The university is located in the heart of Badya City in West Cairo and is designed to provide a transformative, student-centered educational experience through innovative academic programs, strong industry partnerships, research excellence, and modern learning facilities. It aims to prepare future leaders capable of thriving in a rapidly changing world. ","https://maps.google.com/?q=Badya+University,+Badya+City,+6th+of+October,+Giza,+Egypt",https://res.cloudinary.com/yrqizhfy/image/upload/v1784916506/badya_yltbno.jpg,Faculty of Medicine,Medicine and General Surgery,
Badya University,"Badya University is a private university in Cairo, Egypt, established by Presidential Decree No. 338 of 2023. The university is located in the heart of Badya City in West Cairo and is designed to provide a transformative, student-centered educational experience through innovative academic programs, strong industry partnerships, research excellence, and modern learning facilities. It aims to prepare future leaders capable of thriving in a rapidly changing world.","https://maps.google.com/?q=Badya+University,+Badya+City,+6th+of+October,+Giza,+Egypt",https://res.cloudinary.com/yrqizhfy/image/upload/v1784916506/badya_yltbno.jpg,Faculty of Dentistry,Dentistry,
Badya University,"Badya University is a private university in Cairo, Egypt, established by Presidential Decree No. 338 of 2023. The university is located in the heart of Badya City in West Cairo and is designed to provide a transformative, student-centered educational experience through innovative academic programs, strong industry partnerships, research excellence, and modern learning facilities. It aims to prepare future leaders capable of thriving in a rapidly changing world.","https://maps.google.com/?q=Badya+University,+Badya+City,+6th+of+October,+Giza,+Egypt",https://res.cloudinary.com/yrqizhfy/image/upload/v1784916506/badya_yltbno.jpg,Faculty of Physical Therapy,Physical Therapy,
Badya University,"Badya University is a private university in Cairo, Egypt, established by Presidential Decree No. 338 of 2023. The university is located in the heart of Badya City in West Cairo and is designed to provide a transformative, student-centered educational experience through innovative academic programs, strong industry partnerships, research excellence, and modern learning facilities. It aims to prepare future leaders capable of thriving in a rapidly changing world.","https://maps.google.com/?q=Badya+University,+Badya+City,+6th+of+October,+Giza,+Egypt",https://res.cloudinary.com/yrqizhfy/image/upload/v1784916506/badya_yltbno.jpg,Faculty of Computer Science,"Bio Artificial Intelligence (Bio AI)
Computer Science ",
Badya University,"Badya University is a private university in Cairo, Egypt, established by Presidential Decree No. 338 of 2023. The university is located in the heart of Badya City in West Cairo and is designed to provide a transformative, student-centered educational experience through innovative academic programs, strong industry partnerships, research excellence, and modern learning facilities. It aims to prepare future leaders capable of thriving in a rapidly changing world.","https://maps.google.com/?q=Badya+University,+Badya+City,+6th+of+October,+Giza,+Egypt",https://res.cloudinary.com/yrqizhfy/image/upload/v1784916506/badya_yltbno.jpg,Faculty of Business Administration and Applied Economics,"Business Administration
Marketing
Finance and Investment
Applied Economics
Business Technology Management",
Badya University,"Badya University is a private university in Cairo, Egypt, established by Presidential Decree No. 338 of 2023. The university is located in the heart of Badya City in West Cairo and is designed to provide a transformative, student-centered educational experience through innovative academic programs, strong industry partnerships, research excellence, and modern learning facilities. It aims to prepare future leaders capable of thriving in a rapidly changing world.","https://maps.google.com/?q=Badya+University,+Badya+City,+6th+of+October,+Giza,+Egypt",https://res.cloudinary.com/yrqizhfy/image/upload/v1784916506/badya_yltbno.jpg,Faculty of Fine Arts,"Visual Art
Media and Game Art
Animation
Graphic and Visual Communication
Scenography
Interior Architecture ",
Badya University,"Badya University is a private university in Cairo, Egypt, established by Presidential Decree No. 338 of 2023. The university is located in the heart of Badya City in West Cairo and is designed to provide a transformative, student-centered educational experience through innovative academic programs, strong industry partnerships, research excellence, and modern learning facilities. It aims to prepare future leaders capable of thriving in a rapidly changing world.","https://maps.google.com/?q=Badya+University,+Badya+City,+6th+of+October,+Giza,+Egypt",https://res.cloudinary.com/yrqizhfy/image/upload/v1784916506/badya_yltbno.jpg,Faculty of Engineering,"Intelligent and Sustainable Civil Engineering
Digital Architectural Engineering
Communications and Computers Engineering
Mechatronics and Intelligent Machines Engineering
Electrical Power and Renewable Energy Engineering ",
Innovation University (IU),"Innovation University is a private international university established by EHAF Education as the first international campus of Universal University. It aims to provide an innovative, technology-driven educational experience through partnerships with internationally recognized universities, preparing graduates with practical skills, creativity, entrepreneurship, and leadership to meet the goals of Egypt Vision 2030. The university focuses on combining academic excellence with industry collaboration and real-world learning.","https://maps.google.com/?q=Innovation+University,+New+Administrative+Capital,+Egypt",https://res.cloudinary.com/yrqizhfy/image/upload/v1784916513/lu_ktvi43.jpg,Faculty of Arts and Applied Arts,"Interior Design
Graphic Design
Digital Media
Animation
Product Design",
Innovation University (IU),"Innovation University is a private international university established by EHAF Education as the first international campus of Universal University. It aims to provide an innovative, technology-driven educational experience through partnerships with internationally recognized universities, preparing graduates with practical skills, creativity, entrepreneurship, and leadership to meet the goals of Egypt Vision 2030. The university focuses on combining academic excellence with industry collaboration and real-world learning.","https://maps.google.com/?q=Innovation+University,+New+Administrative+Capital,+Egypt",https://res.cloudinary.com/yrqizhfy/image/upload/v1784916513/lu_ktvi43.jpg,Faculty of Physical Therapy,Physical Therapy,
Innovation University (IU),"Innovation University is a private international university established by EHAF Education as the first international campus of Universal University. It aims to provide an innovative, technology-driven educational experience through partnerships with internationally recognized universities, preparing graduates with practical skills, creativity, entrepreneurship, and leadership to meet the goals of Egypt Vision 2030. The university focuses on combining academic excellence with industry collaboration and real-world learning.","https://maps.google.com/?q=Innovation+University,+New+Administrative+Capital,+Egypt",https://res.cloudinary.com/yrqizhfy/image/upload/v1784916513/lu_ktvi43.jpg,Faculty of Computer Science and Information Technology,"Computer Science
Artificial Intelligence
Cybersecurity
Software Engineering
Data Science",
Innovation University (IU),"Innovation University is a private international university established by EHAF Education as the first international campus of Universal University. It aims to provide an innovative, technology-driven educational experience through partnerships with internationally recognized universities, preparing graduates with practical skills, creativity, entrepreneurship, and leadership to meet the goals of Egypt Vision 2030. The university focuses on combining academic excellence with industry collaboration and real-world learning.","https://maps.google.com/?q=Innovation+University,+New+Administrative+Capital,+Egypt",https://res.cloudinary.com/yrqizhfy/image/upload/v1784916513/lu_ktvi43.jpg,Faculty of Business Administration and Economics,"Business Administration
Accounting
Finance
Marketing
Economics
Business Information Systems (BIS)",
Innovation University (IU),"Innovation University is a private international university established by EHAF Education as the first international campus of Universal University. It aims to provide an innovative, technology-driven educational experience through partnerships with internationally recognized universities, preparing graduates with practical skills, creativity, entrepreneurship, and leadership to meet the goals of Egypt Vision 2030. The university focuses on combining academic excellence with industry collaboration and real-world learning.","https://maps.google.com/?q=Innovation+University,+New+Administrative+Capital,+Egypt",https://res.cloudinary.com/yrqizhfy/image/upload/v1784916513/lu_ktvi43.jpg,Faculty of Engineering,"Civil Engineering
Architectural Engineering
Computer Engineering
Mechatronics Engineering
Communications Engineering",
Innovation University (IU),"Innovation University is a private international university established by EHAF Education as the first international campus of Universal University. It aims to provide an innovative, technology-driven educational experience through partnerships with internationally recognized universities, preparing graduates with practical skills, creativity, entrepreneurship, and leadership to meet the goals of Egypt Vision 2030. The university focuses on combining academic excellence with industry collaboration and real-world learning.","https://maps.google.com/?q=Innovation+University,+New+Administrative+Capital,+Egypt",https://res.cloudinary.com/yrqizhfy/image/upload/v1784916513/lu_ktvi43.jpg,Faculty of Dentistry,Dentistry,
Innovation University (IU),"Innovation University is a private international university established by EHAF Education as the first international campus of Universal University. It aims to provide an innovative, technology-driven educational experience through partnerships with internationally recognized universities, preparing graduates with practical skills, creativity, entrepreneurship, and leadership to meet the goals of Egypt Vision 2030. The university focuses on combining academic excellence with industry collaboration and real-world learning.","https://maps.google.com/?q=Innovation+University,+New+Administrative+Capital,+Egypt",https://res.cloudinary.com/yrqizhfy/image/upload/v1784916513/lu_ktvi43.jpg,Faculty of Nursing,Nursing,
Egypt University of Informatics (EUI),"Egypt University of Informatics (EUI) is one of the pioneering specialized universities in the Middle East and Africa dedicated to Information and Communications Technology (ICT) and related disciplines. Established through collaboration between the Ministry of Communications and Information Technology and the Ministry of Higher Education and Scientific Research, EUI aims to provide world-class education, cutting-edge research, and industry-focused programs that prepare highly skilled professionals to meet the evolving demands of the global digital economy.","https://maps.google.com/?q=Egypt+University+of+Informatics,+Knowledge+City,+New+Administrative+Capital,+Egypt",https://res.cloudinary.com/yrqizhfy/image/upload/v1784916510/eui_n1ht9w.jpg,Faculty of Computer and Information Sciences,"Computer Science
Artificial Intelligence
Data Science
Cybersecurity
Software Engineering",
Egypt University of Informatics (EUI),"Egypt University of Informatics (EUI) is one of the pioneering specialized universities in the Middle East and Africa dedicated to Information and Communications Technology (ICT) and related disciplines. Established through collaboration between the Ministry of Communications and Information Technology and the Ministry of Higher Education and Scientific Research, EUI aims to provide world-class education, cutting-edge research, and industry-focused programs that prepare highly skilled professionals to meet the evolving demands of the global digital economy.","https://maps.google.com/?q=Egypt+University+of+Informatics,+Knowledge+City,+New+Administrative+Capital,+Egypt",https://res.cloudinary.com/yrqizhfy/image/upload/v1784916510/eui_n1ht9w.jpg,Faculty of Engineering,"Electronics and Communications Engineering
Computer Engineering
Mechatronics Engineering
Biomedical Engineering",
Egypt University of Informatics (EUI),"Egypt University of Informatics (EUI) is one of the pioneering specialized universities in the Middle East and Africa dedicated to Information and Communications Technology (ICT) and related disciplines. Established through collaboration between the Ministry of Communications and Information Technology and the Ministry of Higher Education and Scientific Research, EUI aims to provide world-class education, cutting-edge research, and industry-focused programs that prepare highly skilled professionals to meet the evolving demands of the global digital economy.","https://maps.google.com/?q=Egypt+University+of+Informatics,+Knowledge+City,+New+Administrative+Capital,+Egypt",https://res.cloudinary.com/yrqizhfy/image/upload/v1784916510/eui_n1ht9w.jpg,Faculty of Business Informatics,"Business Informatics
Digital Business
Financial Technology (FinTech)
Digital Accounting
Business Analytics",
Egypt University of Informatics (EUI),"Egypt University of Informatics (EUI) is one of the pioneering specialized universities in the Middle East and Africa dedicated to Information and Communications Technology (ICT) and related disciplines. Established through collaboration between the Ministry of Communications and Information Technology and the Ministry of Higher Education and Scientific Research, EUI aims to provide world-class education, cutting-edge research, and industry-focused programs that prepare highly skilled professionals to meet the evolving demands of the global digital economy.","https://maps.google.com/?q=Egypt+University+of+Informatics,+Knowledge+City,+New+Administrative+Capital,+Egypt",https://res.cloudinary.com/yrqizhfy/image/upload/v1784916510/eui_n1ht9w.jpg,Faculty of Digital Arts and Design,"Digital Animation
Game Design
Graphic Design
User Experience (UX) Design
Digital Media Arts
Interactive Media Design",
Memphis University,"Memphis University is a private university located in New Cairo, Egypt, operating under Taaleem Management Services. The university is committed to delivering high-quality education through innovative academic programs, advanced learning facilities, and a student-centered environment. It aims to prepare graduates with the knowledge, practical skills, and leadership abilities needed to succeed in a rapidly evolving global workplace.","https://maps.google.com/?q=Memphis+University,+Plot+25,+Universities+and+Institutes+District,+New+Cairo,+Egypt",https://res.cloudinary.com/yrqizhfy/image/upload/v1784916514/mem_ak9trk.jpg,Faculty of Medicine,Medicine and Surgery,
Memphis University,"Memphis University is a private university located in New Cairo, Egypt, operating under Taaleem Management Services. The university is committed to delivering high-quality education through innovative academic programs, advanced learning facilities, and a student-centered environment. It aims to prepare graduates with the knowledge, practical skills, and leadership abilities needed to succeed in a rapidly evolving global workplace.","https://maps.google.com/?q=Memphis+University,+Plot+25,+Universities+and+Institutes+District,+New+Cairo,+Egypt",https://res.cloudinary.com/yrqizhfy/image/upload/v1784916514/mem_ak9trk.jpg,Faculty of Business Administration,"Business Administration
Finance
Marketing
Accounting
Business Information Systems (BIS)",
Memphis University,"Memphis University is a private university located in New Cairo, Egypt, operating under Taaleem Management Services. The university is committed to delivering high-quality education through innovative academic programs, advanced learning facilities, and a student-centered environment. It aims to prepare graduates with the knowledge, practical skills, and leadership abilities needed to succeed in a rapidly evolving global workplace.","https://maps.google.com/?q=Memphis+University,+Plot+25,+Universities+and+Institutes+District,+New+Cairo,+Egypt",https://res.cloudinary.com/yrqizhfy/image/upload/v1784916514/mem_ak9trk.jpg,Faculty of Engineering,"Civil Engineering
Architecture Engineering
Mechanical Engineering
Electrical Engineering
Computer Engineering
Mechatronics Engineering ",
New Cairo Technological University,"New Cairo Technological University (NCTU) is a public technological university established in 2019 to provide high-quality applied technological education. The university follows a competency-based approach that combines academic study with practical training in advanced laboratories and industrial environments. It offers modern programs aligned with labor market needs and prepares graduates for careers in engineering, information technology, energy, healthcare technology, and industrial sectors.",https://maps.google.com/?q=New+Cairo+Technological+University+Fifth+Settlement+Egypt,https://res.cloudinary.com/yrqizhfy/image/upload/v1784916516/New_Cairo_Technological_zltga3.jpg,Faculty of Industry and Energy Technology,"Information Technology
Mechatronics Technology
Autotronics Technology
New and Renewable Energy Technology
Technology of Production, Processing and Transport of Petroleum",
New Cairo Technological University,"New Cairo Technological University (NCTU) is a public technological university established in 2019 to provide high-quality applied technological education. The university follows a competency-based approach that combines academic study with practical training in advanced laboratories and industrial environments. It offers modern programs aligned with labor market needs and prepares graduates for careers in engineering, information technology, energy, healthcare technology, and industrial sectors.",https://maps.google.com/?q=New+Cairo+Technological+University+Fifth+Settlement+Egypt,https://res.cloudinary.com/yrqizhfy/image/upload/v1784916516/New_Cairo_Technological_zltga3.jpg,Faculty of Health Sciences Technology,rosthetics and Orthotics Technology,
Beni Suef Technological University,"Beni Suef Technological University is a public technological university established in 2019 to provide high-quality applied technological education in Egypt. The university follows a practice-oriented educational model that combines academic study with extensive hands-on training. In cooperation with Korean partners, it offers internationally accredited programs designed to meet the needs of modern industry and prepare graduates for careers in engineering, information technology, energy, and advanced manufacturing.",https://maps.google.com/?q=Beni+Suef+Technological+University+Egypt,https://res.cloudinary.com/yrqizhfy/image/upload/v1784916508/BeniSuefTechnological_hj4k0l.jpg,Egyptian-Korean Faculty of Technological Industry and Energy,"Mechatronics Technology
Information and Communication Technology (ICT)
Autotronics Technology
Renewable Energy Technology",
6th of October Technological University,"6th of October Technological University is a public technological university in Egypt that provides competency-based, applied education focused on practical training and industry needs. The university aims to prepare highly skilled technologists through modern laboratories, partnerships with industrial sectors, and programs that align with Egypt's Vision 2030 and the evolving labor market.",https://maps.google.com/?q=6th+of+October+Technological+University+Giza+Egypt,https://res.cloudinary.com/yrqizhfy/image/upload/v1784916506/6thofOctoberTechnological_zkon6a.jpg,Faculty of Industry and Energy Technology,"Information Technology
Petroleum Services Technology
Electronics Engineering Technology
Food Industries Technology
Furniture Manufacturing Technology
Automotive Maintenance and Repair Technology
Mechanical Maintenance Technology
Electrical Installations Technology
Fashion Design and Garment Technology
Surveying and Mapping Technology
Tourism and Hotel Technology
Business Administration Technology
Healthcare Assistant Technology
Journalism and Media Technology",
Borg El Arab Technological University,"Borg El Arab Technological University is a public technological university established in 2022 to provide applied, competency-based education that meets the needs of modern industries and service sectors. The university combines academic study with practical training, focusing on developing skilled technologists through advanced laboratories and strong partnerships with industry to prepare graduates for the local and international labor market.",https://maps.google.com/?q=Borg+El+Arab+Technological+University+Alexandria+Egypt,https://res.cloudinary.com/yrqizhfy/image/upload/v1784922669/logo_xuhc7x.png,Faculty of Industry and Energy Technology,"nformation Technology
Railway Technology
Food Processing Technology
Technology of Operation and Maintenance of Textile Machines
Tractor and Agricultural Equipment Technology",
Borg El Arab Technological University,"Borg El Arab Technological University is a public technological university established in 2022 to provide applied, competency-based education that meets the needs of modern industries and service sectors. The university combines academic study with practical training, focusing on developing skilled technologists through advanced laboratories and strong partnerships with industry to prepare graduates for the local and international labor market.",https://maps.google.com/?q=Borg+El+Arab+Technological+University+Alexandria+Egypt,https://res.cloudinary.com/yrqizhfy/image/upload/v1784922669/logo_xuhc7x.png,Faculty of Hotel and Tourism Services Technology,"Hotel Services Technology
Tourism and Travel Services Technology
Food and Beverage Technology",
East Port Said Technological University,"East Port Said Technological University is a public technological university in Egypt that provides competency-based education with a strong emphasis on practical training and industrial applications. The university offers modern technological programs designed to meet the needs of the labor market and supports innovation, digital transformation, and partnerships with industry to prepare highly qualified technologists for local and international careers.",https://maps.google.com/?q=East+Port+Said+Technological+University+Port+Said+Egypt,https://res.cloudinary.com/yrqizhfy/image/upload/v1784916510/East_Port_Said_Technologicall_b98vho.jpg,Faculty of Industry and Energy Technology,"Information Technology
Mechatronics Technology
Autotronics Technology
New and Renewable Energy Technology
Railway Technology
Port and Logistics Technology",
El Sewedy University of Technology,"El Sewedy University of Technology (SUT) is a private technological university in Egypt established in partnership with leading international academic and industrial institutions. The university provides industry-oriented education that combines theoretical knowledge with extensive practical training. Its programs focus on engineering, technology, business, innovation, and entrepreneurship, preparing graduates to meet the demands of the local and global labor market.",https://maps.google.com/?q=El+Sewedy+University+of+Technology+10th+of+Ramadan+City+Egypt,https://res.cloudinary.com/yrqizhfy/image/upload/v1784916510/ElSewedyUniversityofTechnology.jpg_g52y9a.jpg,Faculty of Engineering and Technology,"Mechatronics Engineering Technology
Electrical Engineering Technology
Mechanical Engineering Technology
Industrial Engineering Technology
Automation and Robotics
Information Technology
Artificial Intelligence",
El Sewedy University of Technology,"El Sewedy University of Technology (SUT) is a private technological university in Egypt established in partnership with leading international academic and industrial institutions. The university provides industry-oriented education that combines theoretical knowledge with extensive practical training. Its programs focus on engineering, technology, business, innovation, and entrepreneurship, preparing graduates to meet the demands of the local and global labor market.",https://maps.google.com/?q=El+Sewedy+University+of+Technology+10th+of+Ramadan+City+Egypt,https://res.cloudinary.com/yrqizhfy/image/upload/v1784916510/ElSewedyUniversityofTechnology.jpg_g52y9a.jpg,Faculty of Business Administration and Technology ,"Business Administration
Accounting
Marketing
Supply Chain Management
Human Resources Management
Digital Business",
Benha University,"Benha University is one of Egypt's leading public universities. It was established as an independent university in 2005 after being a branch of Zagazig University. Located in Qalyubia Governorate, the university offers a wide range of undergraduate and postgraduate programs in medicine, engineering, agriculture, science, business, law, arts, and technology. It is recognized for its academic excellence, scientific research, innovation, and strong community engagement.",https://maps.google.com/?q=Benha+University+Benha+Egypt,https://res.cloudinary.com/yrqizhfy/image/upload/v1784922788/71078181_116567793070881_7444592325986091008_n_z7sxw8.jpg,Faculty of Medicine,Medicine and Surgery,
Benha University,"Benha University is one of Egypt's leading public universities. It was established as an independent university in 2005 after being a branch of Zagazig University. Located in Qalyubia Governorate, the university offers a wide range of undergraduate and postgraduate programs in medicine, engineering, agriculture, science, business, law, arts, and technology. It is recognized for its academic excellence, scientific research, innovation, and strong community engagement.",https://maps.google.com/?q=Benha+University+Benha+Egypt,https://res.cloudinary.com/yrqizhfy/image/upload/v1784922788/71078181_116567793070881_7444592325986091008_n_z7sxw8.jpg,Faculty of Veterinary Medicine,Veterinary Medicine,
Benha University,"Benha University is one of Egypt's leading public universities. It was established as an independent university in 2005 after being a branch of Zagazig University. Located in Qalyubia Governorate, the university offers a wide range of undergraduate and postgraduate programs in medicine, engineering, agriculture, science, business, law, arts, and technology. It is recognized for its academic excellence, scientific research, innovation, and strong community engagement.",https://maps.google.com/?q=Benha+University+Benha+Egypt,https://res.cloudinary.com/yrqizhfy/image/upload/v1784922788/71078181_116567793070881_7444592325986091008_n_z7sxw8.jpg,Faculty of Nursing,Nursing,
Benha University,"Benha University is one of Egypt's leading public universities. It was established as an independent university in 2005 after being a branch of Zagazig University. Located in Qalyubia Governorate, the university offers a wide range of undergraduate and postgraduate programs in medicine, engineering, agriculture, science, business, law, arts, and technology. It is recognized for its academic excellence, scientific research, innovation, and strong community engagement.",https://maps.google.com/?q=Benha+University+Benha+Egypt,https://res.cloudinary.com/yrqizhfy/image/upload/v1784922788/71078181_116567793070881_7444592325986091008_n_z7sxw8.jpg,Faculty of Physical Therapy,Physical Therapy,
Benha University,"Benha University is one of Egypt's leading public universities. It was established as an independent university in 2005 after being a branch of Zagazig University. Located in Qalyubia Governorate, the university offers a wide range of undergraduate and postgraduate programs in medicine, engineering, agriculture, science, business, law, arts, and technology. It is recognized for its academic excellence, scientific research, innovation, and strong community engagement.",https://maps.google.com/?q=Benha+University+Benha+Egypt,https://res.cloudinary.com/yrqizhfy/image/upload/v1784922788/71078181_116567793070881_7444592325986091008_n_z7sxw8.jpg,Faculty of Engineering (Benha),"Civil Engineering
Architectural Engineering
Mechanical Engineering
Electrical Engineering
Computer Engineering
Mechatronics Engineering
Communications Engineering",
Benha University,"Benha University is one of Egypt's leading public universities. It was established as an independent university in 2005 after being a branch of Zagazig University. Located in Qalyubia Governorate, the university offers a wide range of undergraduate and postgraduate programs in medicine, engineering, agriculture, science, business, law, arts, and technology. It is recognized for its academic excellence, scientific research, innovation, and strong community engagement.",https://maps.google.com/?q=Benha+University+Benha+Egypt,https://res.cloudinary.com/yrqizhfy/image/upload/v1784922788/71078181_116567793070881_7444592325986091008_n_z7sxw8.jpg,Faculty of Engineering (Shoubra),"Civil Engineering
Architectural Engineering
Mechanical Engineering
Electrical Engineering
Computer Engineering
Mechatronics Engineering
Communications Engineering",
Benha University,"Benha University is one of Egypt's leading public universities. It was established as an independent university in 2005 after being a branch of Zagazig University. Located in Qalyubia Governorate, the university offers a wide range of undergraduate and postgraduate programs in medicine, engineering, agriculture, science, business, law, arts, and technology. It is recognized for its academic excellence, scientific research, innovation, and strong community engagement.",https://maps.google.com/?q=Benha+University+Benha+Egypt,https://res.cloudinary.com/yrqizhfy/image/upload/v1784922788/71078181_116567793070881_7444592325986091008_n_z7sxw8.jpg,Faculty of Computers and Artificial Intelligence,"Computer Science
Artificial Intelligence
Information Systems
Software Engineering
Cybersecurity",
Benha University,"Benha University is one of Egypt's leading public universities. It was established as an independent university in 2005 after being a branch of Zagazig University. Located in Qalyubia Governorate, the university offers a wide range of undergraduate and postgraduate programs in medicine, engineering, agriculture, science, business, law, arts, and technology. It is recognized for its academic excellence, scientific research, innovation, and strong community engagement.",https://maps.google.com/?q=Benha+University+Benha+Egypt,https://res.cloudinary.com/yrqizhfy/image/upload/v1784922788/71078181_116567793070881_7444592325986091008_n_z7sxw8.jpg,Faculty of Science,"Mathematics
Physics
Chemistry
Botany
Zoology
Microbiology
Biochemistry
Geology",
Benha University,"Benha University is one of Egypt's leading public universities. It was established as an independent university in 2005 after being a branch of Zagazig University. Located in Qalyubia Governorate, the university offers a wide range of undergraduate and postgraduate programs in medicine, engineering, agriculture, science, business, law, arts, and technology. It is recognized for its academic excellence, scientific research, innovation, and strong community engagement.",https://maps.google.com/?q=Benha+University+Benha+Egypt,https://res.cloudinary.com/yrqizhfy/image/upload/v1784922788/71078181_116567793070881_7444592325986091008_n_z7sxw8.jpg,Faculty of Agriculture,"Agronomy
Horticulture
Plant Protection
Soil Science
Agricultural Engineering
Animal Production
Food Science
Agricultural Economics",
Benha University,"Benha University is one of Egypt's leading public universities. It was established as an independent university in 2005 after being a branch of Zagazig University. Located in Qalyubia Governorate, the university offers a wide range of undergraduate and postgraduate programs in medicine, engineering, agriculture, science, business, law, arts, and technology. It is recognized for its academic excellence, scientific research, innovation, and strong community engagement.",https://maps.google.com/?q=Benha+University+Benha+Egypt,https://res.cloudinary.com/yrqizhfy/image/upload/v1784922788/71078181_116567793070881_7444592325986091008_n_z7sxw8.jpg,Faculty of Commerce,"Accounting
Business Administration
Economics
Statistics
Insurance",
Benha University,"Benha University is one of Egypt's leading public universities. It was established as an independent university in 2005 after being a branch of Zagazig University. Located in Qalyubia Governorate, the university offers a wide range of undergraduate and postgraduate programs in medicine, engineering, agriculture, science, business, law, arts, and technology. It is recognized for its academic excellence, scientific research, innovation, and strong community engagement.",https://maps.google.com/?q=Benha+University+Benha+Egypt,https://res.cloudinary.com/yrqizhfy/image/upload/v1784922788/71078181_116567793070881_7444592325986091008_n_z7sxw8.jpg,Faculty of Applied Arts,"Graphic Design
Interior Design
Industrial Design
Textile Design
Fashion Design
Printing and Publishing",
Benha University,"Benha University is one of Egypt's leading public universities. It was established as an independent university in 2005 after being a branch of Zagazig University. Located in Qalyubia Governorate, the university offers a wide range of undergraduate and postgraduate programs in medicine, engineering, agriculture, science, business, law, arts, and technology. It is recognized for its academic excellence, scientific research, innovation, and strong community engagement.",https://maps.google.com/?q=Benha+University+Benha+Egypt,https://res.cloudinary.com/yrqizhfy/image/upload/v1784922788/71078181_116567793070881_7444592325986091008_n_z7sxw8.jpg,Faculty of Arts,"Arabic Language and Literature
English Language and Literature
French Language and Literature
History
Geography
Sociology
Psychology
Philosophy",
Benha University,"Benha University is one of Egypt's leading public universities. It was established as an independent university in 2005 after being a branch of Zagazig University. Located in Qalyubia Governorate, the university offers a wide range of undergraduate and postgraduate programs in medicine, engineering, agriculture, science, business, law, arts, and technology. It is recognized for its academic excellence, scientific research, innovation, and strong community engagement.",https://maps.google.com/?q=Benha+University+Benha+Egypt,https://res.cloudinary.com/yrqizhfy/image/upload/v1784922788/71078181_116567793070881_7444592325986091008_n_z7sxw8.jpg,Faculty of Education,"Arabic Language
English Language
Mathematics
Physics
Chemistry
Biology
Educational Psychology
Curriculum and Instruction",
Benha University,"Benha University is one of Egypt's leading public universities. It was established as an independent university in 2005 after being a branch of Zagazig University. Located in Qalyubia Governorate, the university offers a wide range of undergraduate and postgraduate programs in medicine, engineering, agriculture, science, business, law, arts, and technology. It is recognized for its academic excellence, scientific research, innovation, and strong community engagement.",https://maps.google.com/?q=Benha+University+Benha+Egypt,https://res.cloudinary.com/yrqizhfy/image/upload/v1784922788/71078181_116567793070881_7444592325986091008_n_z7sxw8.jpg,Faculty of Sports Science,"Physical Education
Sports Training
Sports Management",
Benha University,"Benha University is one of Egypt's leading public universities. It was established as an independent university in 2005 after being a branch of Zagazig University. Located in Qalyubia Governorate, the university offers a wide range of undergraduate and postgraduate programs in medicine, engineering, agriculture, science, business, law, arts, and technology. It is recognized for its academic excellence, scientific research, innovation, and strong community engagement.",https://maps.google.com/?q=Benha+University+Benha+Egypt,https://res.cloudinary.com/yrqizhfy/image/upload/v1784922788/71078181_116567793070881_7444592325986091008_n_z7sxw8.jpg,Faculty of Law,Law,
Benha University,"Benha University is one of Egypt's leading public universities. It was established as an independent university in 2005 after being a branch of Zagazig University. Located in Qalyubia Governorate, the university offers a wide range of undergraduate and postgraduate programs in medicine, engineering, agriculture, science, business, law, arts, and technology. It is recognized for its academic excellence, scientific research, innovation, and strong community engagement.",https://maps.google.com/?q=Benha+University+Benha+Egypt,https://res.cloudinary.com/yrqizhfy/image/upload/v1784922788/71078181_116567793070881_7444592325986091008_n_z7sxw8.jpg,Faculty of Specific Education,"Art Education
Music Education
Home Economics
Educational Media",
Benha University,"Benha University is one of Egypt's leading public universities. It was established as an independent university in 2005 after being a branch of Zagazig University. Located in Qalyubia Governorate, the university offers a wide range of undergraduate and postgraduate programs in medicine, engineering, agriculture, science, business, law, arts, and technology. It is recognized for its academic excellence, scientific research, innovation, and strong community engagement.",https://maps.google.com/?q=Benha+University+Benha+Egypt,https://res.cloudinary.com/yrqizhfy/image/upload/v1784922788/71078181_116567793070881_7444592325986091008_n_z7sxw8.jpg,Benha-Wuhan Faculty for Graduate Studies,,
Benha University,"Benha University is one of Egypt's leading public universities. It was established as an independent university in 2005 after being a branch of Zagazig University. Located in Qalyubia Governorate, the university offers a wide range of undergraduate and postgraduate programs in medicine, engineering, agriculture, science, business, law, arts, and technology. It is recognized for its academic excellence, scientific research, innovation, and strong community engagement.",https://maps.google.com/?q=Benha+University+Benha+Egypt,https://res.cloudinary.com/yrqizhfy/image/upload/v1784922788/71078181_116567793070881_7444592325986091008_n_z7sxw8.jpg,,,
Cairo National University,"Cairo National University is a public national university in Egypt established to provide high-quality education based on international academic standards. The university offers modern interdisciplinary programs that combine academic excellence with practical training, scientific research, innovation, and digital transformation, preparing graduates for the evolving needs of the local and global labor markets.",https://maps.google.com/?q=Cairo+National+University+6th+of+October+City+Egypt,https://res.cloudinary.com/yrqizhfy/image/upload/v1784922872/8426b5c2-a0d5-4bc3-8afa-c980658fb140_efwoue.jpg,Faculty of Medicine,Medicine and Surgery,
Cairo National University,"Cairo National University is a public national university in Egypt established to provide high-quality education based on international academic standards. The university offers modern interdisciplinary programs that combine academic excellence with practical training, scientific research, innovation, and digital transformation, preparing graduates for the evolving needs of the local and global labor markets.",https://maps.google.com/?q=Cairo+National+University+6th+of+October+City+Egypt,https://res.cloudinary.com/yrqizhfy/image/upload/v1784922872/8426b5c2-a0d5-4bc3-8afa-c980658fb140_efwoue.jpg,Faculty of Dentistry,Oral and Dental Medicine,
Cairo National University,"Cairo National University is a public national university in Egypt established to provide high-quality education based on international academic standards. The university offers modern interdisciplinary programs that combine academic excellence with practical training, scientific research, innovation, and digital transformation, preparing graduates for the evolving needs of the local and global labor markets.",https://maps.google.com/?q=Cairo+National+University+6th+of+October+City+Egypt,https://res.cloudinary.com/yrqizhfy/image/upload/v1784922872/8426b5c2-a0d5-4bc3-8afa-c980658fb140_efwoue.jpg,Faculty of Pharmacy,"Clinical Pharmacy
PharmD
Pharmaceutical Sciences",
Cairo National University,"Cairo National University is a public national university in Egypt established to provide high-quality education based on international academic standards. The university offers modern interdisciplinary programs that combine academic excellence with practical training, scientific research, innovation, and digital transformation, preparing graduates for the evolving needs of the local and global labor markets.",https://maps.google.com/?q=Cairo+National+University+6th+of+October+City+Egypt,https://res.cloudinary.com/yrqizhfy/image/upload/v1784922872/8426b5c2-a0d5-4bc3-8afa-c980658fb140_efwoue.jpg,Faculty of Nursing,Nursing,
Cairo National University,"Cairo National University is a public national university in Egypt established to provide high-quality education based on international academic standards. The university offers modern interdisciplinary programs that combine academic excellence with practical training, scientific research, innovation, and digital transformation, preparing graduates for the evolving needs of the local and global labor markets.",https://maps.google.com/?q=Cairo+National+University+6th+of+October+City+Egypt,https://res.cloudinary.com/yrqizhfy/image/upload/v1784922872/8426b5c2-a0d5-4bc3-8afa-c980658fb140_efwoue.jpg,Faculty of Physical Therapy,Physical Therapy,
Cairo National University,"Cairo National University is a public national university in Egypt established to provide high-quality education based on international academic standards. The university offers modern interdisciplinary programs that combine academic excellence with practical training, scientific research, innovation, and digital transformation, preparing graduates for the evolving needs of the local and global labor markets.",https://maps.google.com/?q=Cairo+National+University+6th+of+October+City+Egypt,https://res.cloudinary.com/yrqizhfy/image/upload/v1784922872/8426b5c2-a0d5-4bc3-8afa-c980658fb140_efwoue.jpg,Faculty of Engineering,"Civil Engineering
Architectural Engineering
Mechanical Engineering
Electrical Engineering
Computer Engineering
Mechatronics Engineering",
Cairo National University,"Cairo National University is a public national university in Egypt established to provide high-quality education based on international academic standards. The university offers modern interdisciplinary programs that combine academic excellence with practical training, scientific research, innovation, and digital transformation, preparing graduates for the evolving needs of the local and global labor markets.",https://maps.google.com/?q=Cairo+National+University+6th+of+October+City+Egypt,https://res.cloudinary.com/yrqizhfy/image/upload/v1784922872/8426b5c2-a0d5-4bc3-8afa-c980658fb140_efwoue.jpg,Faculty of Computers and Artificial Intelligence,"Computer Science
Artificial Intelligence
Information Systems
Data Science
Cybersecurity",
Cairo National University,"Cairo National University is a public national university in Egypt established to provide high-quality education based on international academic standards. The university offers modern interdisciplinary programs that combine academic excellence with practical training, scientific research, innovation, and digital transformation, preparing graduates for the evolving needs of the local and global labor markets.",https://maps.google.com/?q=Cairo+National+University+6th+of+October+City+Egypt,https://res.cloudinary.com/yrqizhfy/image/upload/v1784922872/8426b5c2-a0d5-4bc3-8afa-c980658fb140_efwoue.jpg,Faculty of Science,"Mathematics
Physics
Chemistry
Biotechnology
Geology",
Cairo National University,"Cairo National University is a public national university in Egypt established to provide high-quality education based on international academic standards. The university offers modern interdisciplinary programs that combine academic excellence with practical training, scientific research, innovation, and digital transformation, preparing graduates for the evolving needs of the local and global labor markets.",https://maps.google.com/?q=Cairo+National+University+6th+of+October+City+Egypt,https://res.cloudinary.com/yrqizhfy/image/upload/v1784922872/8426b5c2-a0d5-4bc3-8afa-c980658fb140_efwoue.jpg,Faculty of Business,"Accounting
Business Administration
Finance
Marketing
Economics",
Cairo National University,"Cairo National University is a public national university in Egypt established to provide high-quality education based on international academic standards. The university offers modern interdisciplinary programs that combine academic excellence with practical training, scientific research, innovation, and digital transformation, preparing graduates for the evolving needs of the local and global labor markets.",https://maps.google.com/?q=Cairo+National+University+6th+of+October+City+Egypt,https://res.cloudinary.com/yrqizhfy/image/upload/v1784922872/8426b5c2-a0d5-4bc3-8afa-c980658fb140_efwoue.jpg,Faculty of Economics and Political Science,"Economics
Political Science
Statistics
Public Administration",
Cairo National University,"Cairo National University is a public national university in Egypt established to provide high-quality education based on international academic standards. The university offers modern interdisciplinary programs that combine academic excellence with practical training, scientific research, innovation, and digital transformation, preparing graduates for the evolving needs of the local and global labor markets.",https://maps.google.com/?q=Cairo+National+University+6th+of+October+City+Egypt,https://res.cloudinary.com/yrqizhfy/image/upload/v1784922872/8426b5c2-a0d5-4bc3-8afa-c980658fb140_efwoue.jpg,Faculty of Media,"Journalism
Radio and Television
Public Relations
Digital Media",
Cairo National University,"Cairo National University is a public national university in Egypt established to provide high-quality education based on international academic standards. The university offers modern interdisciplinary programs that combine academic excellence with practical training, scientific research, innovation, and digital transformation, preparing graduates for the evolving needs of the local and global labor markets.",https://maps.google.com/?q=Cairo+National+University+6th+of+October+City+Egypt,https://res.cloudinary.com/yrqizhfy/image/upload/v1784922872/8426b5c2-a0d5-4bc3-8afa-c980658fb140_efwoue.jpg,Faculty of Law,Law,
Cairo National University,"Cairo National University is a public national university in Egypt established to provide high-quality education based on international academic standards. The university offers modern interdisciplinary programs that combine academic excellence with practical training, scientific research, innovation, and digital transformation, preparing graduates for the evolving needs of the local and global labor markets.",https://maps.google.com/?q=Cairo+National+University+6th+of+October+City+Egypt,https://res.cloudinary.com/yrqizhfy/image/upload/v1784922872/8426b5c2-a0d5-4bc3-8afa-c980658fb140_efwoue.jpg,Faculty of Education,"Education
Educational Psychology
Curriculum and Instruction",
Cairo National University,"Cairo National University is a public national university in Egypt established to provide high-quality education based on international academic standards. The university offers modern interdisciplinary programs that combine academic excellence with practical training, scientific research, innovation, and digital transformation, preparing graduates for the evolving needs of the local and global labor markets.",https://maps.google.com/?q=Cairo+National+University+6th+of+October+City+Egypt,https://res.cloudinary.com/yrqizhfy/image/upload/v1784922872/8426b5c2-a0d5-4bc3-8afa-c980658fb140_efwoue.jpg,Faculty of Agriculture,"Agronomy
Biotechnology
Food Science
Animal Production",
Ain Shams National University,"Ain Shams National University is a public national university established in 2025 and supported by the Egyptian government. Located at the entrance to the New Administrative Capital, it offers modern interdisciplinary programs based on international academic standards. The university focuses on innovation, scientific research, digital transformation, and practical education to prepare graduates for the evolving needs of local and global labor markets.",https://maps.google.com/?q=Ain+Shams+National+University+New+Administrative+Capital+Egypt,https://res.cloudinary.com/yrqizhfy/image/upload/v1784922947/632291615_122128901810998031_7868618199962272016_n_ngydha.jpg,Faculty of Medicine,Medicine and Surgery,
Ain Shams National University,"Ain Shams National University is a public national university established in 2025 and supported by the Egyptian government. Located at the entrance to the New Administrative Capital, it offers modern interdisciplinary programs based on international academic standards. The university focuses on innovation, scientific research, digital transformation, and practical education to prepare graduates for the evolving needs of local and global labor markets.",https://maps.google.com/?q=Ain+Shams+National+University+New+Administrative+Capital+Egypt,https://res.cloudinary.com/yrqizhfy/image/upload/v1784922947/632291615_122128901810998031_7868618199962272016_n_ngydha.jpg,Faculty of Dentistry,Oral and Dental Medicine,
Ain Shams National University,"Ain Shams National University is a public national university established in 2025 and supported by the Egyptian government. Located at the entrance to the New Administrative Capital, it offers modern interdisciplinary programs based on international academic standards. The university focuses on innovation, scientific research, digital transformation, and practical education to prepare graduates for the evolving needs of local and global labor markets.",https://maps.google.com/?q=Ain+Shams+National+University+New+Administrative+Capital+Egypt,https://res.cloudinary.com/yrqizhfy/image/upload/v1784922947/632291615_122128901810998031_7868618199962272016_n_ngydha.jpg,Faculty of Engineering,"Digital Manufacturing and Materials Engineering
Robotics and Autonomous Systems Engineering
Computational Architecture and Intelligent Urban Design
Electronics and Artificial Intelligence Engineering
Civil Engineering and Environmental Informatics",
Ain Shams National University,"Ain Shams National University is a public national university established in 2025 and supported by the Egyptian government. Located at the entrance to the New Administrative Capital, it offers modern interdisciplinary programs based on international academic standards. The university focuses on innovation, scientific research, digital transformation, and practical education to prepare graduates for the evolving needs of local and global labor markets.",https://maps.google.com/?q=Ain+Shams+National+University+New+Administrative+Capital+Egypt,https://res.cloudinary.com/yrqizhfy/image/upload/v1784922947/632291615_122128901810998031_7868618199962272016_n_ngydha.jpg,Faculty of Computers and Information and Artificial Intelligence,"Computer Science
Artificial Intelligence
Data Science and Analytics",
Ain Shams National University,"Ain Shams National University is a public national university established in 2025 and supported by the Egyptian government. Located at the entrance to the New Administrative Capital, it offers modern interdisciplinary programs based on international academic standards. The university focuses on innovation, scientific research, digital transformation, and practical education to prepare graduates for the evolving needs of local and global labor markets.",https://maps.google.com/?q=Ain+Shams+National+University+New+Administrative+Capital+Egypt,https://res.cloudinary.com/yrqizhfy/image/upload/v1784922947/632291615_122128901810998031_7868618199962272016_n_ngydha.jpg,Faculty of Business,"Financial Technology (FinTech)
Digital Marketing",
Ain Shams National University,"Ain Shams National University is a public national university established in 2025 and supported by the Egyptian government. Located at the entrance to the New Administrative Capital, it offers modern interdisciplinary programs based on international academic standards. The university focuses on innovation, scientific research, digital transformation, and practical education to prepare graduates for the evolving needs of local and global labor markets.",https://maps.google.com/?q=Ain+Shams+National+University+New+Administrative+Capital+Egypt,https://res.cloudinary.com/yrqizhfy/image/upload/v1784922947/632291615_122128901810998031_7868618199962272016_n_ngydha.jpg,Faculty of Science,"Mathematics
Physics
Chemistry
Biotechnology
Geology",
Ain Shams National University,"Ain Shams National University is a public national university established in 2025 and supported by the Egyptian government. Located at the entrance to the New Administrative Capital, it offers modern interdisciplinary programs based on international academic standards. The university focuses on innovation, scientific research, digital transformation, and practical education to prepare graduates for the evolving needs of local and global labor markets.",https://maps.google.com/?q=Ain+Shams+National+University+New+Administrative+Capital+Egypt,https://res.cloudinary.com/yrqizhfy/image/upload/v1784922947/632291615_122128901810998031_7868618199962272016_n_ngydha.jpg,Faculty of Agriculture,"Agronomy
Food Science
Plant Biotechnology
Animal Production",
Ain Shams National University,"Ain Shams National University is a public national university established in 2025 and supported by the Egyptian government. Located at the entrance to the New Administrative Capital, it offers modern interdisciplinary programs based on international academic standards. The university focuses on innovation, scientific research, digital transformation, and practical education to prepare graduates for the evolving needs of local and global labor markets.",https://maps.google.com/?q=Ain+Shams+National+University+New+Administrative+Capital+Egypt,https://res.cloudinary.com/yrqizhfy/image/upload/v1784922947/632291615_122128901810998031_7868618199962272016_n_ngydha.jpg,Faculty of Languages and Humanities,"English Language
French Language
German Language
Translation",
Ain Shams National University,"Ain Shams National University is a public national university established in 2025 and supported by the Egyptian government. Located at the entrance to the New Administrative Capital, it offers modern interdisciplinary programs based on international academic standards. The university focuses on innovation, scientific research, digital transformation, and practical education to prepare graduates for the evolving needs of local and global labor markets.",https://maps.google.com/?q=Ain+Shams+National+University+New+Administrative+Capital+Egypt,https://res.cloudinary.com/yrqizhfy/image/upload/v1784922947/632291615_122128901810998031_7868618199962272016_n_ngydha.jpg,Faculty of Mass Communication,"Journalism
Digital Media
Public Relations",
Ain Shams National University,"Ain Shams National University is a public national university established in 2025 and supported by the Egyptian government. Located at the entrance to the New Administrative Capital, it offers modern interdisciplinary programs based on international academic standards. The university focuses on innovation, scientific research, digital transformation, and practical education to prepare graduates for the evolving needs of local and global labor markets.",https://maps.google.com/?q=Ain+Shams+National+University+New+Administrative+Capital+Egypt,https://res.cloudinary.com/yrqizhfy/image/upload/v1784922947/632291615_122128901810998031_7868618199962272016_n_ngydha.jpg,Faculty of Nursing,Nursing,
Ain Shams National University,"Ain Shams National University is a public national university established in 2025 and supported by the Egyptian government. Located at the entrance to the New Administrative Capital, it offers modern interdisciplinary programs based on international academic standards. The university focuses on innovation, scientific research, digital transformation, and practical education to prepare graduates for the evolving needs of local and global labor markets.",https://maps.google.com/?q=Ain+Shams+National+University+New+Administrative+Capital+Egypt,https://res.cloudinary.com/yrqizhfy/image/upload/v1784922947/632291615_122128901810998031_7868618199962272016_n_ngydha.jpg,Faculty of Law,Law,
Helwan National University (HNU),"Helwan National University (HNU) is a public national university in Egypt established to provide high-quality education that meets national and international standards. The university offers modern interdisciplinary programs with a strong emphasis on innovation, scientific research, entrepreneurship, and practical training. HNU combines academic excellence with hands-on learning to prepare graduates for the evolving demands of the local and global labor market.",https://www.hnu.edu.eg/en?utm_source=chatgpt.com,https://res.cloudinary.com/yrqizhfy/image/upload/v1784916512/HelwanNational_tn1cvq.jpg,Faculty of Medicine and Surgery,Medicine and Surgery,
Helwan National University (HNU),"Helwan National University (HNU) is a public national university in Egypt established to provide high-quality education that meets national and international standards. The university offers modern interdisciplinary programs with a strong emphasis on innovation, scientific research, entrepreneurship, and practical training. HNU combines academic excellence with hands-on learning to prepare graduates for the evolving demands of the local and global labor market.",https://www.hnu.edu.eg/en?utm_source=chatgpt.com,https://res.cloudinary.com/yrqizhfy/image/upload/v1784916512/HelwanNational_tn1cvq.jpg,Faculty of Dentistry,Oral and Dental Medicine,
Helwan National University (HNU),"Helwan National University (HNU) is a public national university in Egypt established to provide high-quality education that meets national and international standards. The university offers modern interdisciplinary programs with a strong emphasis on innovation, scientific research, entrepreneurship, and practical training. HNU combines academic excellence with hands-on learning to prepare graduates for the evolving demands of the local and global labor market.",https://www.hnu.edu.eg/en?utm_source=chatgpt.com,https://res.cloudinary.com/yrqizhfy/image/upload/v1784916512/HelwanNational_tn1cvq.jpg,Faculty of Physical Therapy,Physical Therapy,
Helwan National University (HNU),"Helwan National University (HNU) is a public national university in Egypt established to provide high-quality education that meets national and international standards. The university offers modern interdisciplinary programs with a strong emphasis on innovation, scientific research, entrepreneurship, and practical training. HNU combines academic excellence with hands-on learning to prepare graduates for the evolving demands of the local and global labor market.",https://www.hnu.edu.eg/en?utm_source=chatgpt.com,https://res.cloudinary.com/yrqizhfy/image/upload/v1784916512/HelwanNational_tn1cvq.jpg,Faculty of Engineering,"Civil Engineering
Architectural Engineering
Mechanical Engineering
Electrical Engineering
Mechatronics Engineering
Computer Engineering",
Helwan National University (HNU),"Helwan National University (HNU) is a public national university in Egypt established to provide high-quality education that meets national and international standards. The university offers modern interdisciplinary programs with a strong emphasis on innovation, scientific research, entrepreneurship, and practical training. HNU combines academic excellence with hands-on learning to prepare graduates for the evolving demands of the local and global labor market.",https://www.hnu.edu.eg/en?utm_source=chatgpt.com,https://res.cloudinary.com/yrqizhfy/image/upload/v1784916512/HelwanNational_tn1cvq.jpg,Faculty of Computer Science and Information Technology,"Computer Science
Information Technology
Artificial Intelligence
Cybersecurity
Software Engineering",
Helwan National University (HNU),"Helwan National University (HNU) is a public national university in Egypt established to provide high-quality education that meets national and international standards. The university offers modern interdisciplinary programs with a strong emphasis on innovation, scientific research, entrepreneurship, and practical training. HNU combines academic excellence with hands-on learning to prepare graduates for the evolving demands of the local and global labor market.",https://www.hnu.edu.eg/en?utm_source=chatgpt.com,https://res.cloudinary.com/yrqizhfy/image/upload/v1784916512/HelwanNational_tn1cvq.jpg,Faculty of Sciences,"Mathematics
Physics
Chemistry
Biotechnology
Environmental Science",
Helwan National University (HNU),"Helwan National University (HNU) is a public national university in Egypt established to provide high-quality education that meets national and international standards. The university offers modern interdisciplinary programs with a strong emphasis on innovation, scientific research, entrepreneurship, and practical training. HNU combines academic excellence with hands-on learning to prepare graduates for the evolving demands of the local and global labor market.",https://www.hnu.edu.eg/en?utm_source=chatgpt.com,https://res.cloudinary.com/yrqizhfy/image/upload/v1784916512/HelwanNational_tn1cvq.jpg,Faculty of Applied Health Sciences,"Medical Laboratory Technology
Radiological and Imaging Technology
Health Information Technology",
Helwan National University (HNU),"Helwan National University (HNU) is a public national university in Egypt established to provide high-quality education that meets national and international standards. The university offers modern interdisciplinary programs with a strong emphasis on innovation, scientific research, entrepreneurship, and practical training. HNU combines academic excellence with hands-on learning to prepare graduates for the evolving demands of the local and global labor market.",https://www.hnu.edu.eg/en?utm_source=chatgpt.com,https://res.cloudinary.com/yrqizhfy/image/upload/v1784916512/HelwanNational_tn1cvq.jpg,Faculty of Arts and Applied Arts,"Graphic Design
Interior Design
Industrial Design
Fashion Design
Fine Arts",
Helwan National University (HNU),"Helwan National University (HNU) is a public national university in Egypt established to provide high-quality education that meets national and international standards. The university offers modern interdisciplinary programs with a strong emphasis on innovation, scientific research, entrepreneurship, and practical training. HNU combines academic excellence with hands-on learning to prepare graduates for the evolving demands of the local and global labor market.",https://www.hnu.edu.eg/en?utm_source=chatgpt.com,https://res.cloudinary.com/yrqizhfy/image/upload/v1784916512/HelwanNational_tn1cvq.jpg,"Faculty of Humanities, Commerce, and Business Administration","Accounting
Business Administration
Marketing
Finance
Economics
Digital Business",
Benha National University,"Benha National University (BNU) is a public national university established in 2022 as one of Egypt's fourth-generation smart universities. Located in Obour City, the university offers innovative interdisciplinary programs that follow international academic standards. BNU emphasizes digital transformation, scientific research, entrepreneurship, and practical training through advanced educational facilities, preparing graduates for the evolving needs of local and global labor markets.",https://maps.google.com/?q=Benha+National+University+Obour+City+Egypt&utm_source=chatgpt.com,https://res.cloudinary.com/yrqizhfy/image/upload/v1784923050/Banaha-Uni-logo_vq9abp.webp,Faculty of Medicine,Medicine and Surgery,
Benha National University,"Benha National University (BNU) is a public national university established in 2022 as one of Egypt's fourth-generation smart universities. Located in Obour City, the university offers innovative interdisciplinary programs that follow international academic standards. BNU emphasizes digital transformation, scientific research, entrepreneurship, and practical training through advanced educational facilities, preparing graduates for the evolving needs of local and global labor markets.",https://maps.google.com/?q=Benha+National+University+Obour+City+Egypt&utm_source=chatgpt.com,https://res.cloudinary.com/yrqizhfy/image/upload/v1784923050/Banaha-Uni-logo_vq9abp.webp,Faculty of Dentistry,Oral and Dental Medicine,
Benha National University,"Benha National University (BNU) is a public national university established in 2022 as one of Egypt's fourth-generation smart universities. Located in Obour City, the university offers innovative interdisciplinary programs that follow international academic standards. BNU emphasizes digital transformation, scientific research, entrepreneurship, and practical training through advanced educational facilities, preparing graduates for the evolving needs of local and global labor markets.",https://maps.google.com/?q=Benha+National+University+Obour+City+Egypt&utm_source=chatgpt.com,https://res.cloudinary.com/yrqizhfy/image/upload/v1784923050/Banaha-Uni-logo_vq9abp.webp,Faculty of Physical Therapy,Physical Therapy,
Benha National University,"Benha National University (BNU) is a public national university established in 2022 as one of Egypt's fourth-generation smart universities. Located in Obour City, the university offers innovative interdisciplinary programs that follow international academic standards. BNU emphasizes digital transformation, scientific research, entrepreneurship, and practical training through advanced educational facilities, preparing graduates for the evolving needs of local and global labor markets.",https://maps.google.com/?q=Benha+National+University+Obour+City+Egypt&utm_source=chatgpt.com,https://res.cloudinary.com/yrqizhfy/image/upload/v1784923050/Banaha-Uni-logo_vq9abp.webp,Faculty of Veterinary Medicine,Veterinary Medicine,
Benha National University,"Benha National University (BNU) is a public national university established in 2022 as one of Egypt's fourth-generation smart universities. Located in Obour City, the university offers innovative interdisciplinary programs that follow international academic standards. BNU emphasizes digital transformation, scientific research, entrepreneurship, and practical training through advanced educational facilities, preparing graduates for the evolving needs of local and global labor markets.",https://maps.google.com/?q=Benha+National+University+Obour+City+Egypt&utm_source=chatgpt.com,https://res.cloudinary.com/yrqizhfy/image/upload/v1784923050/Banaha-Uni-logo_vq9abp.webp,Faculty of Engineering,"Communication Systems Engineering
Mechatronics Engineering
Housing and Community Design
Construction Engineering
Biomedical Engineering
Manufacturing and Materials Engineering",
Benha National University,"Benha National University (BNU) is a public national university established in 2022 as one of Egypt's fourth-generation smart universities. Located in Obour City, the university offers innovative interdisciplinary programs that follow international academic standards. BNU emphasizes digital transformation, scientific research, entrepreneurship, and practical training through advanced educational facilities, preparing graduates for the evolving needs of local and global labor markets.",https://maps.google.com/?q=Benha+National+University+Obour+City+Egypt&utm_source=chatgpt.com,https://res.cloudinary.com/yrqizhfy/image/upload/v1784923050/Banaha-Uni-logo_vq9abp.webp,Faculty of Computer Sciences,"Artificial Intelligence and Machine Learning
Computational Linguistics
Data Science
Program Development and Applications
Virtual Reality and Augmented Reality",
Benha National University,"Benha National University (BNU) is a public national university established in 2022 as one of Egypt's fourth-generation smart universities. Located in Obour City, the university offers innovative interdisciplinary programs that follow international academic standards. BNU emphasizes digital transformation, scientific research, entrepreneurship, and practical training through advanced educational facilities, preparing graduates for the evolving needs of local and global labor markets.",https://maps.google.com/?q=Benha+National+University+Obour+City+Egypt&utm_source=chatgpt.com,https://res.cloudinary.com/yrqizhfy/image/upload/v1784923050/Banaha-Uni-logo_vq9abp.webp,Faculty of Visual Arts and Design,"Interior Design and Furniture
Media and Advertising",
Benha National University,"Benha National University (BNU) is a public national university established in 2022 as one of Egypt's fourth-generation smart universities. Located in Obour City, the university offers innovative interdisciplinary programs that follow international academic standards. BNU emphasizes digital transformation, scientific research, entrepreneurship, and practical training through advanced educational facilities, preparing graduates for the evolving needs of local and global labor markets.",https://maps.google.com/?q=Benha+National+University+Obour+City+Egypt&utm_source=chatgpt.com,https://res.cloudinary.com/yrqizhfy/image/upload/v1784923050/Banaha-Uni-logo_vq9abp.webp,Faculty of Business and Economics,"International Business and Relations Management
International Economics and Finance
Accounting and Business Informatics
Digital Marketing and E-Business
Insurance and Statistics",
Benha National University,"Benha National University (BNU) is a public national university established in 2022 as one of Egypt's fourth-generation smart universities. Located in Obour City, the university offers innovative interdisciplinary programs that follow international academic standards. BNU emphasizes digital transformation, scientific research, entrepreneurship, and practical training through advanced educational facilities, preparing graduates for the evolving needs of local and global labor markets.",https://maps.google.com/?q=Benha+National+University+Obour+City+Egypt&utm_source=chatgpt.com,https://res.cloudinary.com/yrqizhfy/image/upload/v1784923050/Banaha-Uni-logo_vq9abp.webp,Faculty of Energy Sciences,"Fossil Fuel Energy
Renewable Energy
Nuclear Energy",
Benha National University,"Benha National University (BNU) is a public national university established in 2022 as one of Egypt's fourth-generation smart universities. Located in Obour City, the university offers innovative interdisciplinary programs that follow international academic standards. BNU emphasizes digital transformation, scientific research, entrepreneurship, and practical training through advanced educational facilities, preparing graduates for the evolving needs of local and global labor markets.",https://maps.google.com/?q=Benha+National+University+Obour+City+Egypt&utm_source=chatgpt.com,https://res.cloudinary.com/yrqizhfy/image/upload/v1784923050/Banaha-Uni-logo_vq9abp.webp,Faculty of Applied Health Sciences Technology,"Medical Laboratory Technology
Radiological Technology
Health Technology Programs",
Zagazig National University,"Zagazig National University is a public national, non-profit university located in Knowledge City, 10th of Ramadan City, Egypt. It offers modern interdisciplinary programs based on the credit-hour system and focuses on high-quality education, scientific research, innovation, and practical training. The university is designed as a smart campus and prepares graduates to meet the needs of both local and international labor markets.",https://maps.google.com/?q=Zagazig+National+University+Knowledge+City+10th+of+Ramadan+City+Egypt,https://res.cloudinary.com/yrqizhfy/image/upload/v1784916521/Zagazig_National_yfid2y.jpg,Faculty of Medicine,Medicine and Surgery,
Zagazig National University,"Zagazig National University is a public national, non-profit university located in Knowledge City, 10th of Ramadan City, Egypt. It offers modern interdisciplinary programs based on the credit-hour system and focuses on high-quality education, scientific research, innovation, and practical training. The university is designed as a smart campus and prepares graduates to meet the needs of both local and international labor markets.",https://maps.google.com/?q=Zagazig+National+University+Knowledge+City+10th+of+Ramadan+City+Egypt,https://res.cloudinary.com/yrqizhfy/image/upload/v1784916521/Zagazig_National_yfid2y.jpg,Faculty of Oral and Dental Medicine,Oral and Dental Medicine,
Zagazig National University,"Zagazig National University is a public national, non-profit university located in Knowledge City, 10th of Ramadan City, Egypt. It offers modern interdisciplinary programs based on the credit-hour system and focuses on high-quality education, scientific research, innovation, and practical training. The university is designed as a smart campus and prepares graduates to meet the needs of both local and international labor markets.",https://maps.google.com/?q=Zagazig+National+University+Knowledge+City+10th+of+Ramadan+City+Egypt,https://res.cloudinary.com/yrqizhfy/image/upload/v1784916521/Zagazig_National_yfid2y.jpg,Faculty of Pharmacy,Clinical Pharmacy (PharmD),
Zagazig National University,"Zagazig National University is a public national, non-profit university located in Knowledge City, 10th of Ramadan City, Egypt. It offers modern interdisciplinary programs based on the credit-hour system and focuses on high-quality education, scientific research, innovation, and practical training. The university is designed as a smart campus and prepares graduates to meet the needs of both local and international labor markets.",https://maps.google.com/?q=Zagazig+National+University+Knowledge+City+10th+of+Ramadan+City+Egypt,https://res.cloudinary.com/yrqizhfy/image/upload/v1784916521/Zagazig_National_yfid2y.jpg,Faculty of Nursing,Nursing,
Zagazig National University,"Zagazig National University is a public national, non-profit university located in Knowledge City, 10th of Ramadan City, Egypt. It offers modern interdisciplinary programs based on the credit-hour system and focuses on high-quality education, scientific research, innovation, and practical training. The university is designed as a smart campus and prepares graduates to meet the needs of both local and international labor markets.",https://maps.google.com/?q=Zagazig+National+University+Knowledge+City+10th+of+Ramadan+City+Egypt,https://res.cloudinary.com/yrqizhfy/image/upload/v1784916521/Zagazig_National_yfid2y.jpg,Faculty of Engineering,"Mechatronics Engineering
Construction Engineering and Construction Management",
Zagazig National University,"Zagazig National University is a public national, non-profit university located in Knowledge City, 10th of Ramadan City, Egypt. It offers modern interdisciplinary programs based on the credit-hour system and focuses on high-quality education, scientific research, innovation, and practical training. The university is designed as a smart campus and prepares graduates to meet the needs of both local and international labor markets.",https://maps.google.com/?q=Zagazig+National+University+Knowledge+City+10th+of+Ramadan+City+Egypt,https://res.cloudinary.com/yrqizhfy/image/upload/v1784916521/Zagazig_National_yfid2y.jpg,Faculty of Computers and Information,"Artificial Intelligence and Data Science
Medical Informatics
Aviation Information Systems",
Zagazig National University,"Zagazig National University is a public national, non-profit university located in Knowledge City, 10th of Ramadan City, Egypt. It offers modern interdisciplinary programs based on the credit-hour system and focuses on high-quality education, scientific research, innovation, and practical training. The university is designed as a smart campus and prepares graduates to meet the needs of both local and international labor markets.",https://maps.google.com/?q=Zagazig+National+University+Knowledge+City+10th+of+Ramadan+City+Egypt,https://res.cloudinary.com/yrqizhfy/image/upload/v1784916521/Zagazig_National_yfid2y.jpg,Faculty of Business,"Accounting
Business Administration and Marketing",
Suez Canal National University,"Suez Canal National University is a public national university in Egypt established to provide high-quality education based on international standards. The university offers modern academic programs with a strong emphasis on practical training, innovation, scientific research, and digital transformation. It aims to prepare graduates with the skills and competencies needed to meet the demands of both the local and global labor markets.",https://maps.google.com/?q=Suez+Canal+National+University+Ismailia+Egypt,https://res.cloudinary.com/yrqizhfy/image/upload/v1784916521/Suez_Canal_National_fsabda.jpg,Faculty of Medicine,Medicine and Surgery,
Suez Canal National University,"Suez Canal National University is a public national university in Egypt established to provide high-quality education based on international standards. The university offers modern academic programs with a strong emphasis on practical training, innovation, scientific research, and digital transformation. It aims to prepare graduates with the skills and competencies needed to meet the demands of both the local and global labor markets.",https://maps.google.com/?q=Suez+Canal+National+University+Ismailia+Egypt,https://res.cloudinary.com/yrqizhfy/image/upload/v1784916521/Suez_Canal_National_fsabda.jpg,Faculty of Dentistry,Oral and Dental Medicine,
Suez Canal National University,"Suez Canal National University is a public national university in Egypt established to provide high-quality education based on international standards. The university offers modern academic programs with a strong emphasis on practical training, innovation, scientific research, and digital transformation. It aims to prepare graduates with the skills and competencies needed to meet the demands of both the local and global labor markets.",https://maps.google.com/?q=Suez+Canal+National+University+Ismailia+Egypt,https://res.cloudinary.com/yrqizhfy/image/upload/v1784916521/Suez_Canal_National_fsabda.jpg,Faculty of Pharmacy,Clinical Pharmacy (PharmD),
Suez Canal National University,"Suez Canal National University is a public national university in Egypt established to provide high-quality education based on international standards. The university offers modern academic programs with a strong emphasis on practical training, innovation, scientific research, and digital transformation. It aims to prepare graduates with the skills and competencies needed to meet the demands of both the local and global labor markets.",https://maps.google.com/?q=Suez+Canal+National+University+Ismailia+Egypt,https://res.cloudinary.com/yrqizhfy/image/upload/v1784916521/Suez_Canal_National_fsabda.jpg,Faculty of Nursing,Nursing,
Suez Canal National University,"Suez Canal National University is a public national university in Egypt established to provide high-quality education based on international standards. The university offers modern academic programs with a strong emphasis on practical training, innovation, scientific research, and digital transformation. It aims to prepare graduates with the skills and competencies needed to meet the demands of both the local and global labor markets.",https://maps.google.com/?q=Suez+Canal+National+University+Ismailia+Egypt,https://res.cloudinary.com/yrqizhfy/image/upload/v1784916521/Suez_Canal_National_fsabda.jpg,Faculty of Physical Therapy,Physical Therapy,
Suez Canal National University,"Suez Canal National University is a public national university in Egypt established to provide high-quality education based on international standards. The university offers modern academic programs with a strong emphasis on practical training, innovation, scientific research, and digital transformation. It aims to prepare graduates with the skills and competencies needed to meet the demands of both the local and global labor markets.",https://maps.google.com/?q=Suez+Canal+National+University+Ismailia+Egypt,https://res.cloudinary.com/yrqizhfy/image/upload/v1784916521/Suez_Canal_National_fsabda.jpg,Faculty of Engineering,"Civil Engineering
Architectural Engineering
Electrical Engineering
Mechanical Engineering
Mechatronics Engineering",
Suez Canal National University,"Suez Canal National University is a public national university in Egypt established to provide high-quality education based on international standards. The university offers modern academic programs with a strong emphasis on practical training, innovation, scientific research, and digital transformation. It aims to prepare graduates with the skills and competencies needed to meet the demands of both the local and global labor markets.",https://maps.google.com/?q=Suez+Canal+National+University+Ismailia+Egypt,https://res.cloudinary.com/yrqizhfy/image/upload/v1784916521/Suez_Canal_National_fsabda.jpg,Faculty of Computers and Information,"Computer Science
Artificial Intelligence
Information Systems
Cybersecurity
Data Science",
Suez Canal National University,"Suez Canal National University is a public national university in Egypt established to provide high-quality education based on international standards. The university offers modern academic programs with a strong emphasis on practical training, innovation, scientific research, and digital transformation. It aims to prepare graduates with the skills and competencies needed to meet the demands of both the local and global labor markets.",https://maps.google.com/?q=Suez+Canal+National+University+Ismailia+Egypt,https://res.cloudinary.com/yrqizhfy/image/upload/v1784916521/Suez_Canal_National_fsabda.jpg,Faculty of Commerce and International Business,"Accounting
Business Administration
Marketing
Finance
International Business",
Suez Canal National University,"Suez Canal National University is a public national university in Egypt established to provide high-quality education based on international standards. The university offers modern academic programs with a strong emphasis on practical training, innovation, scientific research, and digital transformation. It aims to prepare graduates with the skills and competencies needed to meet the demands of both the local and global labor markets.",https://maps.google.com/?q=Suez+Canal+National+University+Ismailia+Egypt,https://res.cloudinary.com/yrqizhfy/image/upload/v1784916521/Suez_Canal_National_fsabda.jpg,Faculty of Applied Health Sciences Technology,"Medical Laboratory Technology
Radiological and Imaging Technology
Health Information Technology",
Suez Canal National University,"Suez Canal National University is a public national university in Egypt established to provide high-quality education based on international standards. The university offers modern academic programs with a strong emphasis on practical training, innovation, scientific research, and digital transformation. It aims to prepare graduates with the skills and competencies needed to meet the demands of both the local and global labor markets.",https://maps.google.com/?q=Suez+Canal+National+University+Ismailia+Egypt,https://res.cloudinary.com/yrqizhfy/image/upload/v1784916521/Suez_Canal_National_fsabda.jpg,Faculty of Tourism and Hotel Management,"Tourism Studies
Hotel Management
Tourism Guidance",
National University of Sadat City,"National University of Sadat City is a public national university established in 2025 in Sadat City, Egypt. The university offers modern interdisciplinary programs that combine academic excellence with practical training, digital transformation, scientific research, and innovation. Its curricula are designed to meet the evolving needs of local and international labor markets while providing students with a modern learning environment.",https://maps.google.com/?q=National+University+of+Sadat+City+Egypt,https://res.cloudinary.com/yrqizhfy/image/upload/v1784916516/National_University_of_Sadat_City_r6ouui.jpg,"Faculty of Computers, Information, and Artificial Intelligence","Computer Science
Artificial Intelligence
Information Systems
Data Science
Cybersecurity",
National University of Sadat City,"National University of Sadat City is a public national university established in 2025 in Sadat City, Egypt. The university offers modern interdisciplinary programs that combine academic excellence with practical training, digital transformation, scientific research, and innovation. Its curricula are designed to meet the evolving needs of local and international labor markets while providing students with a modern learning environment.",https://maps.google.com/?q=National+University+of+Sadat+City+Egypt,https://res.cloudinary.com/yrqizhfy/image/upload/v1784916516/National_University_of_Sadat_City_r6ouui.jpg,Faculty of Veterinary Medicine,"Veterinary Medicine
Food Safety
Animal Health",
National University of Sadat City,"National University of Sadat City is a public national university established in 2025 in Sadat City, Egypt. The university offers modern interdisciplinary programs that combine academic excellence with practical training, digital transformation, scientific research, and innovation. Its curricula are designed to meet the evolving needs of local and international labor markets while providing students with a modern learning environment.",https://maps.google.com/?q=National+University+of+Sadat+City+Egypt,https://res.cloudinary.com/yrqizhfy/image/upload/v1784916516/National_University_of_Sadat_City_r6ouui.jpg,Faculty of Pharmacy,"Clinical Pharmacy (PharmD)
Pharmaceutical Sciences",
National University of Sadat City,"National University of Sadat City is a public national university established in 2025 in Sadat City, Egypt. The university offers modern interdisciplinary programs that combine academic excellence with practical training, digital transformation, scientific research, and innovation. Its curricula are designed to meet the evolving needs of local and international labor markets while providing students with a modern learning environment.",https://maps.google.com/?q=National+University+of+Sadat+City+Egypt,https://res.cloudinary.com/yrqizhfy/image/upload/v1784916516/National_University_of_Sadat_City_r6ouui.jpg,Faculty of Business,"Accounting
Business Administration
Marketing
Finance
Entrepreneurship",
National University of Sadat City,"National University of Sadat City is a public national university established in 2025 in Sadat City, Egypt. The university offers modern interdisciplinary programs that combine academic excellence with practical training, digital transformation, scientific research, and innovation. Its curricula are designed to meet the evolving needs of local and international labor markets while providing students with a modern learning environment.",https://maps.google.com/?q=National+University+of+Sadat+City+Egypt,https://res.cloudinary.com/yrqizhfy/image/upload/v1784916516/National_University_of_Sadat_City_r6ouui.jpg,Faculty of Science,"Chemistry
Physics
Biological Sciences",
National University of Sadat City,"National University of Sadat City is a public national university established in 2025 in Sadat City, Egypt. The university offers modern interdisciplinary programs that combine academic excellence with practical training, digital transformation, scientific research, and innovation. Its curricula are designed to meet the evolving needs of local and international labor markets while providing students with a modern learning environment.",https://maps.google.com/?q=National+University+of+Sadat+City+Egypt,https://res.cloudinary.com/yrqizhfy/image/upload/v1784916516/National_University_of_Sadat_City_r6ouui.jpg,Faculty of Tourism and Hotels,"Tourism Studies
Hotel Management
Aviation Management
International Hotel and Restaurant Operations Management",
National University of Sadat City,"National University of Sadat City is a public national university established in 2025 in Sadat City, Egypt. The university offers modern interdisciplinary programs that combine academic excellence with practical training, digital transformation, scientific research, and innovation. Its curricula are designed to meet the evolving needs of local and international labor markets while providing students with a modern learning environment.",https://maps.google.com/?q=National+University+of+Sadat+City+Egypt,https://res.cloudinary.com/yrqizhfy/image/upload/v1784916516/National_University_of_Sadat_City_r6ouui.jpg,Faculty of Sports Sciences,"Sports Sciences
Sports Training
Sports Management",